This file contains any messages produced by compilers while
running configure, to aid debugging if configure makes a mistake.

It was created by frr configure 10.7.0-dev, which was
generated by GNU Autoconf 2.71.  Invocation command line was

  $ ./configure --prefix=/usr '--includedir=${prefix}/include' '--bindir=${prefix}/bin' '--sbindir=${prefix}/lib/frr' '--libdir=${prefix}/lib/frr' '--libexecdir=${prefix}/lib/frr' --sysconfdir=/etc --localstatedir=/var '--with-moduledir=${prefix}/lib/frr/modules' --enable-configfile-mask=0640 --enable-logfile-mask=0640 --enable-snmp --enable-multipath=64 --enable-user=frr --enable-group=frr --enable-vty-group=frrvty --with-pkg-git-version --with-pkg-extra-version=-MyOwnFRRVersion

## --------- ##
## Platform. ##
## --------- ##

hostname = pelsser-Precision-5820-Tower
uname -m = x86_64
uname -r = 6.17.0-19-generic
uname -s = Linux
uname -v = #19~24.04.2-Ubuntu SMP PREEMPT_DYNAMIC Fri Mar  6 23:08:46 UTC 2

/usr/bin/uname -p = x86_64
/bin/uname -X     = unknown

/bin/arch              = x86_64
/usr/bin/arch -k       = unknown
/usr/convex/getsysinfo = unknown
/usr/bin/hostinfo      = unknown
/bin/machine           = unknown
/usr/bin/oslevel       = unknown
/bin/universe          = unknown

PATH: /home/alfroy/.local/bin/
PATH: /home/alfroy/.local/bin/
PATH: /home/alfroy/.local/share/reflex/bun/bin/
PATH: /home/alfroy/.cargo/bin/
PATH: /usr/local/sbin/
PATH: /usr/local/bin/
PATH: /usr/sbin/
PATH: /usr/bin/
PATH: /sbin/
PATH: /bin/
PATH: /usr/games/
PATH: /usr/local/games/
PATH: /snap/bin/


## ----------- ##
## Core tests. ##
## ----------- ##

configure:3719: looking for aux files: ltmain.sh compile missing install-sh config.guess config.sub
configure:3732:  trying ./m4/ac/
configure:3761:   ./m4/ac/ltmain.sh found
configure:3761:   ./m4/ac/compile found
configure:3761:   ./m4/ac/missing found
configure:3743:   ./m4/ac/install-sh found
configure:3761:   ./m4/ac/config.guess found
configure:3761:   ./m4/ac/config.sub found
configure:3887: checking whether --sysconfdir option is FRR-specific
configure:3899: result: no, as expected
configure:3906: checking whether --localstatedir option is FRR-specific
configure:3926: result: no, as expected
configure:3960: checking build system type
configure:3975: result: x86_64-pc-linux-gnu
configure:3995: checking host system type
configure:4009: result: x86_64-pc-linux-gnu
configure:4150: checking for a BSD-compatible install
configure:4223: result: /usr/bin/install -c
configure:4234: checking whether build environment is sane
configure:4289: result: yes
configure:4448: checking for a race-free mkdir -p
configure:4492: result: /usr/bin/mkdir -p
configure:4499: checking for gawk
configure:4520: found /usr/bin/gawk
configure:4531: result: gawk
configure:4542: checking whether make sets $(MAKE)
configure:4565: result: yes
configure:4595: checking whether make supports nested variables
configure:4613: result: yes
configure:4762: checking whether make supports nested variables
configure:4780: result: yes
configure:4796: checking for perl
configure:4819: found /usr/bin/perl
configure:4831: result: /usr/bin/perl
configure:4898: checking for pkg-config
configure:4921: found /usr/bin/pkg-config
configure:4933: result: /usr/bin/pkg-config
configure:4958: checking pkg-config is at least version 0.9.0
configure:4961: result: yes
configure:5155: checking for gcc
configure:5176: found /usr/bin/gcc
configure:5187: result: gcc
configure:5540: checking for C compiler version
configure:5549: gcc --version >&5
gcc (Ubuntu 13.3.0-6ubuntu2~24.04.1) 13.3.0
Copyright (C) 2023 Free Software Foundation, Inc.
This is free software; see the source for copying conditions.  There is NO
warranty; not even for MERCHANTABILITY or FITNESS FOR A PARTICULAR PURPOSE.

configure:5560: $? = 0
configure:5549: gcc -v >&5
Using built-in specs.
COLLECT_GCC=gcc
COLLECT_LTO_WRAPPER=/usr/libexec/gcc/x86_64-linux-gnu/13/lto-wrapper
OFFLOAD_TARGET_NAMES=nvptx-none:amdgcn-amdhsa
OFFLOAD_TARGET_DEFAULT=1
Target: x86_64-linux-gnu
Configured with: ../src/configure -v --with-pkgversion='Ubuntu 13.3.0-6ubuntu2~24.04.1' --with-bugurl=file:///usr/share/doc/gcc-13/README.Bugs --enable-languages=c,ada,c++,go,d,fortran,objc,obj-c++,m2 --prefix=/usr --with-gcc-major-version-only --program-suffix=-13 --program-prefix=x86_64-linux-gnu- --enable-shared --enable-linker-build-id --libexecdir=/usr/libexec --without-included-gettext --enable-threads=posix --libdir=/usr/lib --enable-nls --enable-bootstrap --enable-clocale=gnu --enable-libstdcxx-debug --enable-libstdcxx-time=yes --with-default-libstdcxx-abi=new --enable-libstdcxx-backtrace --enable-gnu-unique-object --disable-vtable-verify --enable-plugin --enable-default-pie --with-system-zlib --enable-libphobos-checking=release --with-target-system-zlib=auto --enable-objc-gc=auto --enable-multiarch --disable-werror --enable-cet --with-arch-32=i686 --with-abi=m64 --with-multilib-list=m32,m64,mx32 --enable-multilib --with-tune=generic --enable-offload-targets=nvptx-none=/build/gcc-13-EldibY/gcc-13-13.3.0/debian/tmp-nvptx/usr,amdgcn-amdhsa=/build/gcc-13-EldibY/gcc-13-13.3.0/debian/tmp-gcn/usr --enable-offload-defaulted --without-cuda-driver --enable-checking=release --build=x86_64-linux-gnu --host=x86_64-linux-gnu --target=x86_64-linux-gnu --with-build-config=bootstrap-lto-lean --enable-link-serialization=2
Thread model: posix
Supported LTO compression algorithms: zlib zstd
gcc version 13.3.0 (Ubuntu 13.3.0-6ubuntu2~24.04.1) 
... rest of stderr output deleted ...
configure:5560: $? = 0
configure:5549: gcc -V >&5
gcc: error: unrecognized command-line option '-V'
gcc: fatal error: no input files
compilation terminated.
configure:5560: $? = 1
configure:5549: gcc -qversion >&5
gcc: error: unrecognized command-line option '-qversion'; did you mean '--version'?
gcc: fatal error: no input files
compilation terminated.
configure:5560: $? = 1
configure:5549: gcc -version >&5
gcc: error: unrecognized command-line option '-version'
gcc: fatal error: no input files
compilation terminated.
configure:5560: $? = 1
configure:5580: checking whether the C compiler works
configure:5602: gcc    conftest.c  >&5
configure:5606: $? = 0
configure:5656: result: yes
configure:5659: checking for C compiler default output file name
configure:5661: result: a.out
configure:5667: checking for suffix of executables
configure:5674: gcc -o conftest    conftest.c  >&5
configure:5678: $? = 0
configure:5701: result: 
configure:5723: checking whether we are cross compiling
configure:5731: gcc -o conftest    conftest.c  >&5
configure:5735: $? = 0
configure:5742: ./conftest
configure:5746: $? = 0
configure:5761: result: no
configure:5766: checking for suffix of object files
configure:5789: gcc -c   conftest.c >&5
configure:5793: $? = 0
configure:5815: result: o
configure:5819: checking whether the compiler supports GNU C
configure:5839: gcc -c   conftest.c >&5
configure:5839: $? = 0
configure:5849: result: yes
configure:5860: checking whether gcc accepts -g
configure:5881: gcc -c -g  conftest.c >&5
configure:5881: $? = 0
configure:5925: result: yes
configure:5945: checking for gcc option to enable C11 features
configure:5960: gcc  -c   conftest.c >&5
configure:5960: $? = 0
configure:5978: result: none needed
configure:6094: checking whether gcc understands -c and -o together
configure:6117: gcc -c conftest.c -o conftest2.o
configure:6120: $? = 0
configure:6117: gcc -c conftest.c -o conftest2.o
configure:6120: $? = 0
configure:6132: result: yes
configure:6152: checking whether make supports the include directive
configure:6167: make -f confmf.GNU && cat confinc.out
this is the am__doit target
configure:6170: $? = 0
configure:6189: result: yes (GNU style)
configure:6215: checking dependency style of gcc
configure:6327: result: gcc3
configure:6347: checking how to run the C preprocessor
configure:6373: gcc -E  conftest.c
configure:6373: $? = 0
configure:6388: gcc -E  conftest.c
conftest.c:12:10: fatal error: ac_nonexistent.h: No such file or directory
   12 | #include <ac_nonexistent.h>
      |          ^~~~~~~~~~~~~~~~~~
compilation terminated.
configure:6388: $? = 1
configure: failed program was:
| /* confdefs.h */
| #define PACKAGE_NAME "frr"
| #define PACKAGE_TARNAME "frr"
| #define PACKAGE_VERSION "10.7.0-dev"
| #define PACKAGE_STRING "frr 10.7.0-dev"
| #define PACKAGE_BUGREPORT "https://github.com/frrouting/frr/issues"
| #define PACKAGE_URL ""
| #define PACKAGE "frr"
| #define VERSION "10.7.0-dev"
| #define VICI_SOCKET "/var/run/charon.vici"
| /* end confdefs.h.  */
| #include <ac_nonexistent.h>
configure:6415: result: gcc -E
configure:6429: gcc -E  conftest.c
configure:6429: $? = 0
configure:6444: gcc -E  conftest.c
conftest.c:12:10: fatal error: ac_nonexistent.h: No such file or directory
   12 | #include <ac_nonexistent.h>
      |          ^~~~~~~~~~~~~~~~~~
compilation terminated.
configure:6444: $? = 1
configure: failed program was:
| /* confdefs.h */
| #define PACKAGE_NAME "frr"
| #define PACKAGE_TARNAME "frr"
| #define PACKAGE_VERSION "10.7.0-dev"
| #define PACKAGE_STRING "frr 10.7.0-dev"
| #define PACKAGE_BUGREPORT "https://github.com/frrouting/frr/issues"
| #define PACKAGE_URL ""
| #define PACKAGE "frr"
| #define VERSION "10.7.0-dev"
| #define VICI_SOCKET "/var/run/charon.vici"
| /* end confdefs.h.  */
| #include <ac_nonexistent.h>
configure:6543: checking for g++
configure:6564: found /usr/bin/g++
configure:6575: result: g++
configure:6602: checking for C++ compiler version
configure:6611: g++ --version >&5
g++ (Ubuntu 13.3.0-6ubuntu2~24.04.1) 13.3.0
Copyright (C) 2023 Free Software Foundation, Inc.
This is free software; see the source for copying conditions.  There is NO
warranty; not even for MERCHANTABILITY or FITNESS FOR A PARTICULAR PURPOSE.

configure:6622: $? = 0
configure:6611: g++ -v >&5
Using built-in specs.
COLLECT_GCC=g++
COLLECT_LTO_WRAPPER=/usr/libexec/gcc/x86_64-linux-gnu/13/lto-wrapper
OFFLOAD_TARGET_NAMES=nvptx-none:amdgcn-amdhsa
OFFLOAD_TARGET_DEFAULT=1
Target: x86_64-linux-gnu
Configured with: ../src/configure -v --with-pkgversion='Ubuntu 13.3.0-6ubuntu2~24.04.1' --with-bugurl=file:///usr/share/doc/gcc-13/README.Bugs --enable-languages=c,ada,c++,go,d,fortran,objc,obj-c++,m2 --prefix=/usr --with-gcc-major-version-only --program-suffix=-13 --program-prefix=x86_64-linux-gnu- --enable-shared --enable-linker-build-id --libexecdir=/usr/libexec --without-included-gettext --enable-threads=posix --libdir=/usr/lib --enable-nls --enable-bootstrap --enable-clocale=gnu --enable-libstdcxx-debug --enable-libstdcxx-time=yes --with-default-libstdcxx-abi=new --enable-libstdcxx-backtrace --enable-gnu-unique-object --disable-vtable-verify --enable-plugin --enable-default-pie --with-system-zlib --enable-libphobos-checking=release --with-target-system-zlib=auto --enable-objc-gc=auto --enable-multiarch --disable-werror --enable-cet --with-arch-32=i686 --with-abi=m64 --with-multilib-list=m32,m64,mx32 --enable-multilib --with-tune=generic --enable-offload-targets=nvptx-none=/build/gcc-13-EldibY/gcc-13-13.3.0/debian/tmp-nvptx/usr,amdgcn-amdhsa=/build/gcc-13-EldibY/gcc-13-13.3.0/debian/tmp-gcn/usr --enable-offload-defaulted --without-cuda-driver --enable-checking=release --build=x86_64-linux-gnu --host=x86_64-linux-gnu --target=x86_64-linux-gnu --with-build-config=bootstrap-lto-lean --enable-link-serialization=2
Thread model: posix
Supported LTO compression algorithms: zlib zstd
gcc version 13.3.0 (Ubuntu 13.3.0-6ubuntu2~24.04.1) 
... rest of stderr output deleted ...
configure:6622: $? = 0
configure:6611: g++ -V >&5
g++: error: unrecognized command-line option '-V'
g++: fatal error: no input files
compilation terminated.
configure:6622: $? = 1
configure:6611: g++ -qversion >&5
g++: error: unrecognized command-line option '-qversion'; did you mean '--version'?
g++: fatal error: no input files
compilation terminated.
configure:6622: $? = 1
configure:6626: checking whether the compiler supports GNU C++
configure:6646: g++ -c   conftest.cpp >&5
configure:6646: $? = 0
configure:6656: result: yes
configure:6667: checking whether g++ accepts -g
configure:6688: g++ -c -g  conftest.cpp >&5
configure:6688: $? = 0
configure:6732: result: yes
configure:6752: checking for g++ option to enable C++11 features
configure:6767: g++  -c -g -O2  conftest.cpp >&5
conftest.cpp: In function 'int main(int, char**)':
conftest.cpp:178:25: warning: empty parentheses were disambiguated as a function declaration [-Wvexing-parse]
  178 |   cxx11test::delegate d2();
      |                         ^~
conftest.cpp:178:25: note: remove parentheses to default-initialize a variable
  178 |   cxx11test::delegate d2();
      |                         ^~
      |                         --
conftest.cpp:178:25: note: or replace parentheses with braces to value-initialize a variable
configure:6767: $? = 0
configure:6785: result: none needed
configure:6851: checking dependency style of g++
configure:6963: result: gcc3
configure:7045: checking for pkg-config
configure:7080: result: /usr/bin/pkg-config
configure:7105: checking pkg-config is at least version 0.9.0
configure:7108: result: yes
configure:7127: checking for stdio.h
configure:7127: gcc -c   conftest.c >&5
configure:7127: $? = 0
configure:7127: result: yes
configure:7127: checking for stdlib.h
configure:7127: gcc -c   conftest.c >&5
configure:7127: $? = 0
configure:7127: result: yes
configure:7127: checking for string.h
configure:7127: gcc -c   conftest.c >&5
configure:7127: $? = 0
configure:7127: result: yes
configure:7127: checking for inttypes.h
configure:7127: gcc -c   conftest.c >&5
configure:7127: $? = 0
configure:7127: result: yes
configure:7127: checking for stdint.h
configure:7127: gcc -c   conftest.c >&5
configure:7127: $? = 0
configure:7127: result: yes
configure:7127: checking for strings.h
configure:7127: gcc -c   conftest.c >&5
configure:7127: $? = 0
configure:7127: result: yes
configure:7127: checking for sys/stat.h
configure:7127: gcc -c   conftest.c >&5
configure:7127: $? = 0
configure:7127: result: yes
configure:7127: checking for sys/types.h
configure:7127: gcc -c   conftest.c >&5
configure:7127: $? = 0
configure:7127: result: yes
configure:7127: checking for unistd.h
configure:7127: gcc -c   conftest.c >&5
configure:7127: $? = 0
configure:7127: result: yes
configure:7127: checking for wchar.h
configure:7127: gcc -c   conftest.c >&5
configure:7127: $? = 0
configure:7127: result: yes
configure:7127: checking for minix/config.h
configure:7127: gcc -c   conftest.c >&5
conftest.c:50:10: fatal error: minix/config.h: No such file or directory
   50 | #include <minix/config.h>
      |          ^~~~~~~~~~~~~~~~
compilation terminated.
configure:7127: $? = 1
configure: failed program was:
| /* confdefs.h */
| #define PACKAGE_NAME "frr"
| #define PACKAGE_TARNAME "frr"
| #define PACKAGE_VERSION "10.7.0-dev"
| #define PACKAGE_STRING "frr 10.7.0-dev"
| #define PACKAGE_BUGREPORT "https://github.com/frrouting/frr/issues"
| #define PACKAGE_URL ""
| #define PACKAGE "frr"
| #define VERSION "10.7.0-dev"
| #define VICI_SOCKET "/var/run/charon.vici"
| #define HAVE_STDIO_H 1
| #define HAVE_STDLIB_H 1
| #define HAVE_STRING_H 1
| #define HAVE_INTTYPES_H 1
| #define HAVE_STDINT_H 1
| #define HAVE_STRINGS_H 1
| #define HAVE_SYS_STAT_H 1
| #define HAVE_SYS_TYPES_H 1
| #define HAVE_UNISTD_H 1
| #define HAVE_WCHAR_H 1
| /* end confdefs.h.  */
| #include <stddef.h>
| #ifdef HAVE_STDIO_H
| # include <stdio.h>
| #endif
| #ifdef HAVE_STDLIB_H
| # include <stdlib.h>
| #endif
| #ifdef HAVE_STRING_H
| # include <string.h>
| #endif
| #ifdef HAVE_INTTYPES_H
| # include <inttypes.h>
| #endif
| #ifdef HAVE_STDINT_H
| # include <stdint.h>
| #endif
| #ifdef HAVE_STRINGS_H
| # include <strings.h>
| #endif
| #ifdef HAVE_SYS_TYPES_H
| # include <sys/types.h>
| #endif
| #ifdef HAVE_SYS_STAT_H
| # include <sys/stat.h>
| #endif
| #ifdef HAVE_UNISTD_H
| # include <unistd.h>
| #endif
| #include <minix/config.h>
configure:7127: result: no
configure:7158: checking whether it is safe to define __EXTENSIONS__
configure:7177: gcc -c   conftest.c >&5
configure:7177: $? = 0
configure:7185: result: yes
configure:7188: checking whether _XOPEN_SOURCE should be defined
configure:7210: gcc -c   conftest.c >&5
configure:7210: $? = 0
configure:7237: result: no
configure:9544: checking whether gcc supports -g
configure:9575: gcc -c  -g  conftest.c >&5
configure:9575: $? = 0
configure:9595: result: yes
configure:9607: checking whether gcc supports -O2
configure:9638: gcc -c  -g -O2  conftest.c >&5
configure:9638: $? = 0
configure:9658: result: yes
configure:9686: checking whether gcc supports -fms-extensions
configure:9717: gcc -c  -g -O2 -fms-extensions  conftest.c >&5
configure:9717: $? = 0
configure:9737: result: yes
configure:9751: checking whether gcc supports -fno-omit-frame-pointer
configure:9782: gcc -c  -g -O2 -fno-omit-frame-pointer  conftest.c >&5
configure:9782: $? = 0
configure:9802: result: yes
configure:9814: checking whether gcc supports -funwind-tables
configure:9845: gcc -c  -g -O2 -funwind-tables  conftest.c >&5
configure:9845: $? = 0
configure:9865: result: yes
configure:9877: checking whether gcc supports -Wall
configure:9908: gcc -c  -g -O2 -Wall  conftest.c >&5
configure:9908: $? = 0
configure:9928: result: yes
configure:9940: checking whether gcc supports -Wextra
configure:9971: gcc -c  -g -O2 -Wextra  conftest.c >&5
configure:9971: $? = 0
configure:9991: result: yes
configure:10003: checking whether gcc supports -Wformat-nonliteral
configure:10034: gcc -c  -g -O2 -Wformat-nonliteral  conftest.c >&5
configure:10034: $? = 0
configure:10054: result: yes
configure:10066: checking whether gcc supports -Wformat-security
configure:10097: gcc -c  -g -O2 -Wformat-security  conftest.c >&5
configure:10097: $? = 0
configure:10117: result: yes
configure:10129: checking whether gcc supports -Wswitch-enum
configure:10160: gcc -c  -g -O2 -Wswitch-enum  conftest.c >&5
configure:10160: $? = 0
configure:10180: result: yes
configure:10192: checking whether gcc supports -Wstrict-prototypes
configure:10223: gcc -c  -g -O2 -Wstrict-prototypes  conftest.c >&5
configure:10223: $? = 0
configure:10243: result: yes
configure:10255: checking whether gcc supports -Wmissing-prototypes
configure:10286: gcc -c  -g -O2 -Wmissing-prototypes  conftest.c >&5
configure:10286: $? = 0
configure:10306: result: yes
configure:10318: checking whether gcc supports -Wmissing-declarations
configure:10349: gcc -c  -g -O2 -Wmissing-declarations  conftest.c >&5
configure:10349: $? = 0
configure:10369: result: yes
configure:10381: checking whether gcc supports -Wpointer-arith
configure:10412: gcc -c  -g -O2 -Wpointer-arith  conftest.c >&5
configure:10412: $? = 0
configure:10432: result: yes
configure:10444: checking whether gcc supports -Wbad-function-cast
configure:10475: gcc -c  -g -O2 -Wbad-function-cast  conftest.c >&5
configure:10475: $? = 0
configure:10495: result: yes
configure:10507: checking whether gcc supports -Wwrite-strings
configure:10538: gcc -c  -g -O2 -Wwrite-strings  conftest.c >&5
configure:10538: $? = 0
configure:10558: result: yes
configure:10570: checking whether gcc supports -Wundef
configure:10601: gcc -c  -g -O2 -Wundef  conftest.c >&5
configure:10601: $? = 0
configure:10621: result: yes
configure:10633: checking whether gcc supports -Wimplicit-fallthrough
configure:10664: gcc -c  -g -O2 -Wimplicit-fallthrough  conftest.c >&5
configure:10664: $? = 0
configure:10684: result: yes
configure:10696: checking whether gcc supports -Wshadow
configure:10727: gcc -c  -g -O2 -Wshadow  conftest.c >&5
configure:10727: $? = 0
configure:10747: result: yes
configure:10759: checking whether gcc supports -Wmissing-noreturn
configure:10790: gcc -c  -g -O2 -Wmissing-noreturn  conftest.c >&5
configure:10790: $? = 0
configure:10810: result: yes
configure:10822: checking whether gcc supports -Wformat-extra-args
configure:10853: gcc -c  -g -O2 -Wformat-extra-args  conftest.c >&5
configure:10853: $? = 0
configure:10873: result: yes
configure:11202: checking whether gcc supports -Wno-unused-result
configure:11233: gcc -c  -g -O2 -Wunused-result  conftest.c >&5
configure:11233: $? = 0
configure:11253: result: yes
configure:11266: checking whether gcc supports -Wno-unused-parameter
configure:11297: gcc -c  -g -O2 -Wunused-parameter  conftest.c >&5
configure:11297: $? = 0
configure:11317: result: yes
configure:11329: checking whether gcc supports -Wno-missing-field-initializers
configure:11360: gcc -c  -g -O2 -Wmissing-field-initializers  conftest.c >&5
configure:11360: $? = 0
configure:11380: result: yes
configure:11392: checking whether gcc supports -Wno-microsoft-anon-tag
configure:11423: gcc -c  -g -O2 -Wmicrosoft-anon-tag  conftest.c >&5
gcc: error: unrecognized command-line option '-Wmicrosoft-anon-tag'
configure:11423: $? = 1
configure: failed program was:
| /* confdefs.h */
| #define PACKAGE_NAME "frr"
| #define PACKAGE_TARNAME "frr"
| #define PACKAGE_VERSION "10.7.0-dev"
| #define PACKAGE_STRING "frr 10.7.0-dev"
| #define PACKAGE_BUGREPORT "https://github.com/frrouting/frr/issues"
| #define PACKAGE_URL ""
| #define PACKAGE "frr"
| #define VERSION "10.7.0-dev"
| #define VICI_SOCKET "/var/run/charon.vici"
| #define HAVE_STDIO_H 1
| #define HAVE_STDLIB_H 1
| #define HAVE_STRING_H 1
| #define HAVE_INTTYPES_H 1
| #define HAVE_STDINT_H 1
| #define HAVE_STRINGS_H 1
| #define HAVE_SYS_STAT_H 1
| #define HAVE_SYS_TYPES_H 1
| #define HAVE_UNISTD_H 1
| #define HAVE_WCHAR_H 1
| #define STDC_HEADERS 1
| #define _ALL_SOURCE 1
| #define _DARWIN_C_SOURCE 1
| #define _GNU_SOURCE 1
| #define _HPUX_ALT_XOPEN_SOCKET_API 1
| #define _NETBSD_SOURCE 1
| #define _OPENBSD_SOURCE 1
| #define _POSIX_PTHREAD_SEMANTICS 1
| #define __STDC_WANT_IEC_60559_ATTRIBS_EXT__ 1
| #define __STDC_WANT_IEC_60559_BFP_EXT__ 1
| #define __STDC_WANT_IEC_60559_DFP_EXT__ 1
| #define __STDC_WANT_IEC_60559_FUNCS_EXT__ 1
| #define __STDC_WANT_IEC_60559_TYPES_EXT__ 1
| #define __STDC_WANT_LIB_EXT2__ 1
| #define __STDC_WANT_MATH_SPEC_FUNCS__ 1
| #define _TANDEM_SOURCE 1
| #define __EXTENSIONS__ 1
| /* end confdefs.h.  */
| 
| int
| main (void)
| {
| 
|   ;
|   return 0;
| }
configure:11443: result: no
configure:11455: checking whether gcc supports -Wno-error=deprecated-declarations
configure:11486: gcc -c  -g -O2 -Werror=deprecated-declarations  conftest.c >&5
configure:11486: $? = 0
configure:11506: result: yes
configure:11518: checking whether gcc supports -Waddress-of-packed-member
configure:11549: gcc -c  -g -O2 -Waddress-of-packed-member  conftest.c >&5
configure:11549: $? = 0
configure:11569: result: yes
configure:11582: checking whether gcc supports -Wc++-compat
configure:11613: gcc -c  -g -O2 -Wc++-compat  conftest.c >&5
configure:11613: $? = 0
configure:11633: result: yes
configure:12073: checking whether gcc supports -fplugin=tools/gcc-plugins/frr-format.so
configure:12111: gcc -c  -g -O2 -fplugin=tools/gcc-plugins/frr-format.so  conftest.c >&5
cc1: error: cannot load plugin tools/gcc-plugins/frr-format.so: tools/gcc-plugins/frr-format.so: cannot open shared object file: No such file or directory
configure:12111: $? = 1
configure: failed program was:
| /* confdefs.h */
| #define PACKAGE_NAME "frr"
| #define PACKAGE_TARNAME "frr"
| #define PACKAGE_VERSION "10.7.0-dev"
| #define PACKAGE_STRING "frr 10.7.0-dev"
| #define PACKAGE_BUGREPORT "https://github.com/frrouting/frr/issues"
| #define PACKAGE_URL ""
| #define PACKAGE "frr"
| #define VERSION "10.7.0-dev"
| #define VICI_SOCKET "/var/run/charon.vici"
| #define HAVE_STDIO_H 1
| #define HAVE_STDLIB_H 1
| #define HAVE_STRING_H 1
| #define HAVE_INTTYPES_H 1
| #define HAVE_STDINT_H 1
| #define HAVE_STRINGS_H 1
| #define HAVE_SYS_STAT_H 1
| #define HAVE_SYS_TYPES_H 1
| #define HAVE_UNISTD_H 1
| #define HAVE_WCHAR_H 1
| #define STDC_HEADERS 1
| #define _ALL_SOURCE 1
| #define _DARWIN_C_SOURCE 1
| #define _GNU_SOURCE 1
| #define _HPUX_ALT_XOPEN_SOCKET_API 1
| #define _NETBSD_SOURCE 1
| #define _OPENBSD_SOURCE 1
| #define _POSIX_PTHREAD_SEMANTICS 1
| #define __STDC_WANT_IEC_60559_ATTRIBS_EXT__ 1
| #define __STDC_WANT_IEC_60559_BFP_EXT__ 1
| #define __STDC_WANT_IEC_60559_DFP_EXT__ 1
| #define __STDC_WANT_IEC_60559_FUNCS_EXT__ 1
| #define __STDC_WANT_IEC_60559_TYPES_EXT__ 1
| #define __STDC_WANT_LIB_EXT2__ 1
| #define __STDC_WANT_MATH_SPEC_FUNCS__ 1
| #define _TANDEM_SOURCE 1
| #define __EXTENSIONS__ 1
| /* end confdefs.h.  */
| 
| #ifndef _FRR_ATTRIBUTE_PRINTFRR
| #error plugin not loaded
| #endif
| #if _FRR_ATTRIBUTE_PRINTFRR < 0x10000
| #error plugin too old
| #endif
| 
| int
| main (void)
| {
| 
|   ;
|   return 0;
| }
configure:12131: result: no
configure:12140: checking whether gcc supports -fplugin=frr-format
configure:12178: gcc -c  -g -O2 -fplugin=frr-format  conftest.c >&5
cc1: fatal error: inaccessible plugin file /usr/lib/gcc/x86_64-linux-gnu/13/plugin/frr-format.so expanded from short plugin name frr-format: No such file or directory
compilation terminated.
configure:12178: $? = 1
configure: failed program was:
| /* confdefs.h */
| #define PACKAGE_NAME "frr"
| #define PACKAGE_TARNAME "frr"
| #define PACKAGE_VERSION "10.7.0-dev"
| #define PACKAGE_STRING "frr 10.7.0-dev"
| #define PACKAGE_BUGREPORT "https://github.com/frrouting/frr/issues"
| #define PACKAGE_URL ""
| #define PACKAGE "frr"
| #define VERSION "10.7.0-dev"
| #define VICI_SOCKET "/var/run/charon.vici"
| #define HAVE_STDIO_H 1
| #define HAVE_STDLIB_H 1
| #define HAVE_STRING_H 1
| #define HAVE_INTTYPES_H 1
| #define HAVE_STDINT_H 1
| #define HAVE_STRINGS_H 1
| #define HAVE_SYS_STAT_H 1
| #define HAVE_SYS_TYPES_H 1
| #define HAVE_UNISTD_H 1
| #define HAVE_WCHAR_H 1
| #define STDC_HEADERS 1
| #define _ALL_SOURCE 1
| #define _DARWIN_C_SOURCE 1
| #define _GNU_SOURCE 1
| #define _HPUX_ALT_XOPEN_SOCKET_API 1
| #define _NETBSD_SOURCE 1
| #define _OPENBSD_SOURCE 1
| #define _POSIX_PTHREAD_SEMANTICS 1
| #define __STDC_WANT_IEC_60559_ATTRIBS_EXT__ 1
| #define __STDC_WANT_IEC_60559_BFP_EXT__ 1
| #define __STDC_WANT_IEC_60559_DFP_EXT__ 1
| #define __STDC_WANT_IEC_60559_FUNCS_EXT__ 1
| #define __STDC_WANT_IEC_60559_TYPES_EXT__ 1
| #define __STDC_WANT_LIB_EXT2__ 1
| #define __STDC_WANT_MATH_SPEC_FUNCS__ 1
| #define _TANDEM_SOURCE 1
| #define __EXTENSIONS__ 1
| /* end confdefs.h.  */
| 
| #ifndef _FRR_ATTRIBUTE_PRINTFRR
| #error plugin not loaded
| #endif
| #if _FRR_ATTRIBUTE_PRINTFRR < 0x10000
| #error plugin too old
| #endif
| 
| int
| main (void)
| {
| 
|   ;
|   return 0;
| }
configure:12198: result: no
configure:12218: checking whether linker supports __start/stop_section symbols
configure:12238: gcc -o conftest  -g -O2   -g conftest.c  >&5
configure:12238: $? = 0
configure:12241: result: yes
configure:12365: checking if compiler needs -Werror to reject unknown flags
configure:12381: gcc -c  -g -O2 -Werror -Wunknown-warning-option -Wsizeof-array-argument  conftest.c >&5
gcc: error: unrecognized command-line option '-Wunknown-warning-option'
configure:12381: $? = 1
configure: failed program was:
| /* confdefs.h */
| #define PACKAGE_NAME "frr"
| #define PACKAGE_TARNAME "frr"
| #define PACKAGE_VERSION "10.7.0-dev"
| #define PACKAGE_STRING "frr 10.7.0-dev"
| #define PACKAGE_BUGREPORT "https://github.com/frrouting/frr/issues"
| #define PACKAGE_URL ""
| #define PACKAGE "frr"
| #define VERSION "10.7.0-dev"
| #define VICI_SOCKET "/var/run/charon.vici"
| #define HAVE_STDIO_H 1
| #define HAVE_STDLIB_H 1
| #define HAVE_STRING_H 1
| #define HAVE_INTTYPES_H 1
| #define HAVE_STDINT_H 1
| #define HAVE_STRINGS_H 1
| #define HAVE_SYS_STAT_H 1
| #define HAVE_SYS_TYPES_H 1
| #define HAVE_UNISTD_H 1
| #define HAVE_WCHAR_H 1
| #define STDC_HEADERS 1
| #define _ALL_SOURCE 1
| #define _DARWIN_C_SOURCE 1
| #define _GNU_SOURCE 1
| #define _HPUX_ALT_XOPEN_SOCKET_API 1
| #define _NETBSD_SOURCE 1
| #define _OPENBSD_SOURCE 1
| #define _POSIX_PTHREAD_SEMANTICS 1
| #define __STDC_WANT_IEC_60559_ATTRIBS_EXT__ 1
| #define __STDC_WANT_IEC_60559_BFP_EXT__ 1
| #define __STDC_WANT_IEC_60559_DFP_EXT__ 1
| #define __STDC_WANT_IEC_60559_FUNCS_EXT__ 1
| #define __STDC_WANT_IEC_60559_TYPES_EXT__ 1
| #define __STDC_WANT_LIB_EXT2__ 1
| #define __STDC_WANT_MATH_SPEC_FUNCS__ 1
| #define _TANDEM_SOURCE 1
| #define __EXTENSIONS__ 1
| /* end confdefs.h.  */
| int foo(void);
| int
| main (void)
| {
| foo()
|   ;
|   return 0;
| }
configure:12387: result: no
configure:12458: checking for the pthreads library -lpthreads
configure:12496: gcc -o conftest  -g -O2     -g conftest.c -lpthreads  >&5
/usr/bin/ld: cannot find -lpthreads: No such file or directory
collect2: error: ld returned 1 exit status
configure:12496: $? = 1
configure: failed program was:
| /* confdefs.h */
| #define PACKAGE_NAME "frr"
| #define PACKAGE_TARNAME "frr"
| #define PACKAGE_VERSION "10.7.0-dev"
| #define PACKAGE_STRING "frr 10.7.0-dev"
| #define PACKAGE_BUGREPORT "https://github.com/frrouting/frr/issues"
| #define PACKAGE_URL ""
| #define PACKAGE "frr"
| #define VERSION "10.7.0-dev"
| #define VICI_SOCKET "/var/run/charon.vici"
| #define HAVE_STDIO_H 1
| #define HAVE_STDLIB_H 1
| #define HAVE_STRING_H 1
| #define HAVE_INTTYPES_H 1
| #define HAVE_STDINT_H 1
| #define HAVE_STRINGS_H 1
| #define HAVE_SYS_STAT_H 1
| #define HAVE_SYS_TYPES_H 1
| #define HAVE_UNISTD_H 1
| #define HAVE_WCHAR_H 1
| #define STDC_HEADERS 1
| #define _ALL_SOURCE 1
| #define _DARWIN_C_SOURCE 1
| #define _GNU_SOURCE 1
| #define _HPUX_ALT_XOPEN_SOCKET_API 1
| #define _NETBSD_SOURCE 1
| #define _OPENBSD_SOURCE 1
| #define _POSIX_PTHREAD_SEMANTICS 1
| #define __STDC_WANT_IEC_60559_ATTRIBS_EXT__ 1
| #define __STDC_WANT_IEC_60559_BFP_EXT__ 1
| #define __STDC_WANT_IEC_60559_DFP_EXT__ 1
| #define __STDC_WANT_IEC_60559_FUNCS_EXT__ 1
| #define __STDC_WANT_IEC_60559_TYPES_EXT__ 1
| #define __STDC_WANT_LIB_EXT2__ 1
| #define __STDC_WANT_MATH_SPEC_FUNCS__ 1
| #define _TANDEM_SOURCE 1
| #define __EXTENSIONS__ 1
| /* end confdefs.h.  */
| #include <pthread.h>
|                         static void routine(void *a) { if (a) a = 0; }
|                         static void *start_routine(void *a) { return a; }
| int
| main (void)
| {
| pthread_t th; pthread_attr_t attr;
|                         pthread_create(&th, 0, start_routine, 0);
|                         pthread_join(th, 0);
|                         pthread_attr_init(&attr);
|                         pthread_cleanup_push(routine, 0);
|                         pthread_cleanup_pop(0) /* ; */
|   ;
|   return 0;
| }
configure:12506: result: no
configure:12398: checking whether pthreads work without any flags
configure:12496: gcc -o conftest  -g -O2     -g conftest.c   >&5
configure:12496: $? = 0
configure:12506: result: yes
configure:12525: checking for joinable pthread attribute
configure:12540: gcc -o conftest  -g -O2    -g conftest.c   >&5
configure:12540: $? = 0
configure:12547: result: PTHREAD_CREATE_JOINABLE
configure:12555: checking if more special flags are required for pthreads
configure:12570: result: no
configure:12576: checking for PTHREAD_PRIO_INHERIT
configure:12594: gcc -o conftest  -g -O2    -g conftest.c   >&5
configure:12594: $? = 0
configure:12604: result: yes
configure:12721: checking for pthread_np.h
configure:12721: gcc -c  -g -O2   conftest.c >&5
conftest.c:44:10: fatal error: pthread_np.h: No such file or directory
   44 | #include <pthread_np.h>
      |          ^~~~~~~~~~~~~~
compilation terminated.
configure:12721: $? = 1
configure: failed program was:
| /* confdefs.h */
| #define PACKAGE_NAME "frr"
| #define PACKAGE_TARNAME "frr"
| #define PACKAGE_VERSION "10.7.0-dev"
| #define PACKAGE_STRING "frr 10.7.0-dev"
| #define PACKAGE_BUGREPORT "https://github.com/frrouting/frr/issues"
| #define PACKAGE_URL ""
| #define PACKAGE "frr"
| #define VERSION "10.7.0-dev"
| #define VICI_SOCKET "/var/run/charon.vici"
| #define HAVE_STDIO_H 1
| #define HAVE_STDLIB_H 1
| #define HAVE_STRING_H 1
| #define HAVE_INTTYPES_H 1
| #define HAVE_STDINT_H 1
| #define HAVE_STRINGS_H 1
| #define HAVE_SYS_STAT_H 1
| #define HAVE_SYS_TYPES_H 1
| #define HAVE_UNISTD_H 1
| #define HAVE_WCHAR_H 1
| #define STDC_HEADERS 1
| #define _ALL_SOURCE 1
| #define _DARWIN_C_SOURCE 1
| #define _GNU_SOURCE 1
| #define _HPUX_ALT_XOPEN_SOCKET_API 1
| #define _NETBSD_SOURCE 1
| #define _OPENBSD_SOURCE 1
| #define _POSIX_PTHREAD_SEMANTICS 1
| #define __STDC_WANT_IEC_60559_ATTRIBS_EXT__ 1
| #define __STDC_WANT_IEC_60559_BFP_EXT__ 1
| #define __STDC_WANT_IEC_60559_DFP_EXT__ 1
| #define __STDC_WANT_IEC_60559_FUNCS_EXT__ 1
| #define __STDC_WANT_IEC_60559_TYPES_EXT__ 1
| #define __STDC_WANT_LIB_EXT2__ 1
| #define __STDC_WANT_MATH_SPEC_FUNCS__ 1
| #define _TANDEM_SOURCE 1
| #define __EXTENSIONS__ 1
| #define HAVE_PTHREAD_PRIO_INHERIT 1
| /* end confdefs.h.  */
| 
| #include <pthread.h>
| 
| 
| #include <pthread_np.h>
configure:12721: result: no
configure:12731: checking for pthread_setname_np
configure:12731: gcc -o conftest  -g -O2    -g conftest.c   >&5
configure:12731: $? = 0
configure:12731: result: yes
configure:12737: checking for pthread_set_name_np
configure:12737: gcc -o conftest  -g -O2    -g conftest.c   >&5
/usr/bin/ld: /tmp/ccVks9ua.o: in function `main':
/home/alfroy/my_own_frr/conftest.c:68:(.text.startup+0xb): undefined reference to `pthread_set_name_np'
collect2: error: ld returned 1 exit status
configure:12737: $? = 1
configure: failed program was:
| /* confdefs.h */
| #define PACKAGE_NAME "frr"
| #define PACKAGE_TARNAME "frr"
| #define PACKAGE_VERSION "10.7.0-dev"
| #define PACKAGE_STRING "frr 10.7.0-dev"
| #define PACKAGE_BUGREPORT "https://github.com/frrouting/frr/issues"
| #define PACKAGE_URL ""
| #define PACKAGE "frr"
| #define VERSION "10.7.0-dev"
| #define VICI_SOCKET "/var/run/charon.vici"
| #define HAVE_STDIO_H 1
| #define HAVE_STDLIB_H 1
| #define HAVE_STRING_H 1
| #define HAVE_INTTYPES_H 1
| #define HAVE_STDINT_H 1
| #define HAVE_STRINGS_H 1
| #define HAVE_SYS_STAT_H 1
| #define HAVE_SYS_TYPES_H 1
| #define HAVE_UNISTD_H 1
| #define HAVE_WCHAR_H 1
| #define STDC_HEADERS 1
| #define _ALL_SOURCE 1
| #define _DARWIN_C_SOURCE 1
| #define _GNU_SOURCE 1
| #define _HPUX_ALT_XOPEN_SOCKET_API 1
| #define _NETBSD_SOURCE 1
| #define _OPENBSD_SOURCE 1
| #define _POSIX_PTHREAD_SEMANTICS 1
| #define __STDC_WANT_IEC_60559_ATTRIBS_EXT__ 1
| #define __STDC_WANT_IEC_60559_BFP_EXT__ 1
| #define __STDC_WANT_IEC_60559_DFP_EXT__ 1
| #define __STDC_WANT_IEC_60559_FUNCS_EXT__ 1
| #define __STDC_WANT_IEC_60559_TYPES_EXT__ 1
| #define __STDC_WANT_LIB_EXT2__ 1
| #define __STDC_WANT_MATH_SPEC_FUNCS__ 1
| #define _TANDEM_SOURCE 1
| #define __EXTENSIONS__ 1
| #define HAVE_PTHREAD_PRIO_INHERIT 1
| #define HAVE_PTHREAD_SETNAME_NP 1
| /* end confdefs.h.  */
| /* Define pthread_set_name_np to an innocuous variant, in case <limits.h> declares pthread_set_name_np.
|    For example, HP-UX 11i <limits.h> declares gettimeofday.  */
| #define pthread_set_name_np innocuous_pthread_set_name_np
| 
| /* System header to define __stub macros and hopefully few prototypes,
|    which can conflict with char pthread_set_name_np (); below.  */
| 
| #include <limits.h>
| #undef pthread_set_name_np
| 
| /* Override any GCC internal prototype to avoid an error.
|    Use char because int might match the return type of a GCC
|    builtin and then its argument prototype would still apply.  */
| #ifdef __cplusplus
| extern "C"
| #endif
| char pthread_set_name_np ();
| /* The GNU C library defines this for functions which it implements
|     to always fail with ENOSYS.  Some functions are actually named
|     something starting with __ and the normal name is an alias.  */
| #if defined __stub_pthread_set_name_np || defined __stub___pthread_set_name_np
| choke me
| #endif
| 
| int
| main (void)
| {
| return pthread_set_name_np ();
|   ;
|   return 0;
| }
configure:12737: result: no
configure:12743: checking for pthread_getthreadid_np
configure:12743: gcc -o conftest  -g -O2    -g conftest.c   >&5
/usr/bin/ld: /tmp/ccuwAw3g.o: in function `main':
/home/alfroy/my_own_frr/conftest.c:68:(.text.startup+0xb): undefined reference to `pthread_getthreadid_np'
collect2: error: ld returned 1 exit status
configure:12743: $? = 1
configure: failed program was:
| /* confdefs.h */
| #define PACKAGE_NAME "frr"
| #define PACKAGE_TARNAME "frr"
| #define PACKAGE_VERSION "10.7.0-dev"
| #define PACKAGE_STRING "frr 10.7.0-dev"
| #define PACKAGE_BUGREPORT "https://github.com/frrouting/frr/issues"
| #define PACKAGE_URL ""
| #define PACKAGE "frr"
| #define VERSION "10.7.0-dev"
| #define VICI_SOCKET "/var/run/charon.vici"
| #define HAVE_STDIO_H 1
| #define HAVE_STDLIB_H 1
| #define HAVE_STRING_H 1
| #define HAVE_INTTYPES_H 1
| #define HAVE_STDINT_H 1
| #define HAVE_STRINGS_H 1
| #define HAVE_SYS_STAT_H 1
| #define HAVE_SYS_TYPES_H 1
| #define HAVE_UNISTD_H 1
| #define HAVE_WCHAR_H 1
| #define STDC_HEADERS 1
| #define _ALL_SOURCE 1
| #define _DARWIN_C_SOURCE 1
| #define _GNU_SOURCE 1
| #define _HPUX_ALT_XOPEN_SOCKET_API 1
| #define _NETBSD_SOURCE 1
| #define _OPENBSD_SOURCE 1
| #define _POSIX_PTHREAD_SEMANTICS 1
| #define __STDC_WANT_IEC_60559_ATTRIBS_EXT__ 1
| #define __STDC_WANT_IEC_60559_BFP_EXT__ 1
| #define __STDC_WANT_IEC_60559_DFP_EXT__ 1
| #define __STDC_WANT_IEC_60559_FUNCS_EXT__ 1
| #define __STDC_WANT_IEC_60559_TYPES_EXT__ 1
| #define __STDC_WANT_LIB_EXT2__ 1
| #define __STDC_WANT_MATH_SPEC_FUNCS__ 1
| #define _TANDEM_SOURCE 1
| #define __EXTENSIONS__ 1
| #define HAVE_PTHREAD_PRIO_INHERIT 1
| #define HAVE_PTHREAD_SETNAME_NP 1
| /* end confdefs.h.  */
| /* Define pthread_getthreadid_np to an innocuous variant, in case <limits.h> declares pthread_getthreadid_np.
|    For example, HP-UX 11i <limits.h> declares gettimeofday.  */
| #define pthread_getthreadid_np innocuous_pthread_getthreadid_np
| 
| /* System header to define __stub macros and hopefully few prototypes,
|    which can conflict with char pthread_getthreadid_np (); below.  */
| 
| #include <limits.h>
| #undef pthread_getthreadid_np
| 
| /* Override any GCC internal prototype to avoid an error.
|    Use char because int might match the return type of a GCC
|    builtin and then its argument prototype would still apply.  */
| #ifdef __cplusplus
| extern "C"
| #endif
| char pthread_getthreadid_np ();
| /* The GNU C library defines this for functions which it implements
|     to always fail with ENOSYS.  Some functions are actually named
|     something starting with __ and the normal name is an alias.  */
| #if defined __stub_pthread_getthreadid_np || defined __stub___pthread_getthreadid_np
| choke me
| #endif
| 
| int
| main (void)
| {
| return pthread_getthreadid_np ();
|   ;
|   return 0;
| }
configure:12743: result: no
configure:12754: checking whether ln -s works
configure:12758: result: yes
configure:12813: checking for ar
configure:12834: found /usr/bin/ar
configure:12845: result: ar
configure:12921: checking how to print strings
configure:12948: result: printf
configure:12969: checking for a sed that does not truncate output
configure:13039: result: sed
configure:13057: checking for egrep
configure:13125: result: /usr/bin/egrep
configure:13130: checking for fgrep
configure:13198: result: /usr/bin/fgrep
configure:13234: checking for ld used by gcc
configure:13302: result: /usr/bin/ld
configure:13309: checking if the linker (/usr/bin/ld) is GNU ld
configure:13325: result: yes
configure:13337: checking for BSD- or MS-compatible name lister (nm)
configure:13392: result: /usr/bin/nm -B
configure:13532: checking the name lister (/usr/bin/nm -B) interface
configure:13540: gcc -c  -g -O2  conftest.c >&5
configure:13543: /usr/bin/nm -B "conftest.o"
configure:13546: output
0000000000000000 B some_variable
configure:13553: result: BSD nm
configure:13557: checking the maximum length of command line arguments
configure:13689: result: 1572864
configure:13737: checking how to convert x86_64-pc-linux-gnu file names to x86_64-pc-linux-gnu format
configure:13778: result: func_convert_file_noop
configure:13785: checking how to convert x86_64-pc-linux-gnu file names to toolchain format
configure:13806: result: func_convert_file_noop
configure:13813: checking for /usr/bin/ld option to reload object files
configure:13821: result: -r
configure:13900: checking for file
configure:13921: found /usr/bin/file
configure:13932: result: file
configure:14008: checking for objdump
configure:14029: found /usr/bin/objdump
configure:14040: result: objdump
configure:14072: checking how to recognize dependent libraries
configure:14273: result: pass_all
configure:14363: checking for dlltool
configure:14398: result: no
configure:14428: checking how to associate runtime and link libraries
configure:14456: result: printf %s\n
configure:14606: checking for archiver @FILE support
configure:14624: gcc -c  -g -O2  conftest.c >&5
configure:14624: $? = 0
configure:14628: ar cr libconftest.a @conftest.lst >&5
configure:14631: $? = 0
configure:14636: ar cr libconftest.a @conftest.lst >&5
ar: conftest.o: No such file or directory
configure:14639: $? = 1
configure:14651: result: @
configure:14714: checking for strip
configure:14735: found /usr/bin/strip
configure:14746: result: strip
configure:14823: checking for ranlib
configure:14844: found /usr/bin/ranlib
configure:14855: result: ranlib
configure:14957: checking command to parse /usr/bin/nm -B output from gcc object
configure:15111: gcc -c  -g -O2  conftest.c >&5
configure:15114: $? = 0
configure:15118: /usr/bin/nm -B conftest.o | sed -n -e 's/^.*[	 ]\([ABCDGIRSTW][ABCDGIRSTW]*\)[	 ][	 ]*\([_A-Za-z][_A-Za-z0-9]*\)$/\1 \2 \2/p' | sed '/ __gnu_lto/d' > conftest.nm
configure:15184: gcc -o conftest  -g -O2   -g conftest.c conftstm.o >&5
configure:15187: $? = 0
configure:15225: result: ok
configure:15272: checking for sysroot
configure:15303: result: no
configure:15310: checking for a working dd
configure:15354: result: /usr/bin/dd
configure:15358: checking how to truncate binary pipes
configure:15374: result: /usr/bin/dd bs=4096 count=1
configure:15511: gcc -c  -g -O2  conftest.c >&5
configure:15514: $? = 0
configure:15711: checking for mt
configure:15732: found /usr/bin/mt
configure:15743: result: mt
configure:15766: checking if mt is a manifest tool
configure:15773: mt '-?'
configure:15781: result: no
configure:16502: checking for dlfcn.h
configure:16502: gcc -c  -g -O2  conftest.c >&5
configure:16502: $? = 0
configure:16502: result: yes
configure:16772: checking for objdir
configure:16788: result: .libs
configure:17052: checking if gcc supports -fno-rtti -fno-exceptions
configure:17071: gcc -c  -g -O2  -fno-rtti -fno-exceptions conftest.c >&5
cc1: warning: command-line option '-fno-rtti' is valid for C++/D/ObjC++ but not for C
configure:17075: $? = 0
configure:17088: result: no
configure:17452: checking for gcc option to produce PIC
configure:17460: result: -fPIC -DPIC
configure:17468: checking if gcc PIC flag -fPIC -DPIC works
configure:17487: gcc -c  -g -O2  -fPIC -DPIC -DPIC conftest.c >&5
configure:17491: $? = 0
configure:17504: result: yes
configure:17533: checking if gcc static flag -static works
configure:17562: result: yes
configure:17577: checking if gcc supports -c -o file.o
configure:17599: gcc -c  -g -O2  -o out/conftest2.o conftest.c >&5
configure:17603: $? = 0
configure:17625: result: yes
configure:17633: checking if gcc supports -c -o file.o
configure:17681: result: yes
configure:17714: checking whether the gcc linker (/usr/bin/ld -m elf_x86_64) supports shared libraries
configure:18988: result: yes
configure:19025: checking whether -lc should be explicitly linked in
configure:19034: gcc -c  -g -O2  conftest.c >&5
configure:19037: $? = 0
configure:19052: gcc -shared  -fPIC -DPIC conftest.o  -v -Wl,-soname -Wl,conftest -o conftest 2\>\&1 \| grep  -lc  \>/dev/null 2\>\&1
configure:19055: $? = 0
configure:19069: result: no
configure:19229: checking dynamic linker characteristics
configure:19811: gcc -o conftest  -g -O2   -g -Wl,-rpath -Wl,/foo conftest.c   >&5
configure:19811: $? = 0
configure:20062: result: GNU/Linux ld.so
configure:20184: checking how to hardcode library paths into programs
configure:20209: result: immediate
configure:20761: checking whether stripping libraries is possible
configure:20770: result: yes
configure:20812: checking if libtool supports shared libraries
configure:20814: result: yes
configure:20817: checking whether to build shared libraries
configure:20842: result: yes
configure:20845: checking whether to build static libraries
configure:20849: result: yes
configure:20872: checking how to run the C++ preprocessor
configure:20894: g++ -E  conftest.cpp
configure:20894: $? = 0
configure:20909: g++ -E  conftest.cpp
conftest.cpp:43:10: fatal error: ac_nonexistent.h: No such file or directory
   43 | #include <ac_nonexistent.h>
      |          ^~~~~~~~~~~~~~~~~~
compilation terminated.
configure:20909: $? = 1
configure: failed program was:
| /* confdefs.h */
| #define PACKAGE_NAME "frr"
| #define PACKAGE_TARNAME "frr"
| #define PACKAGE_VERSION "10.7.0-dev"
| #define PACKAGE_STRING "frr 10.7.0-dev"
| #define PACKAGE_BUGREPORT "https://github.com/frrouting/frr/issues"
| #define PACKAGE_URL ""
| #define PACKAGE "frr"
| #define VERSION "10.7.0-dev"
| #define VICI_SOCKET "/var/run/charon.vici"
| #define HAVE_STDIO_H 1
| #define HAVE_STDLIB_H 1
| #define HAVE_STRING_H 1
| #define HAVE_INTTYPES_H 1
| #define HAVE_STDINT_H 1
| #define HAVE_STRINGS_H 1
| #define HAVE_SYS_STAT_H 1
| #define HAVE_SYS_TYPES_H 1
| #define HAVE_UNISTD_H 1
| #define HAVE_WCHAR_H 1
| #define STDC_HEADERS 1
| #define _ALL_SOURCE 1
| #define _DARWIN_C_SOURCE 1
| #define _GNU_SOURCE 1
| #define _HPUX_ALT_XOPEN_SOCKET_API 1
| #define _NETBSD_SOURCE 1
| #define _OPENBSD_SOURCE 1
| #define _POSIX_PTHREAD_SEMANTICS 1
| #define __STDC_WANT_IEC_60559_ATTRIBS_EXT__ 1
| #define __STDC_WANT_IEC_60559_BFP_EXT__ 1
| #define __STDC_WANT_IEC_60559_DFP_EXT__ 1
| #define __STDC_WANT_IEC_60559_FUNCS_EXT__ 1
| #define __STDC_WANT_IEC_60559_TYPES_EXT__ 1
| #define __STDC_WANT_LIB_EXT2__ 1
| #define __STDC_WANT_MATH_SPEC_FUNCS__ 1
| #define _TANDEM_SOURCE 1
| #define __EXTENSIONS__ 1
| #define HAVE_PTHREAD_PRIO_INHERIT 1
| #define HAVE_PTHREAD_SETNAME_NP 1
| #define HAVE_DLFCN_H 1
| #define LT_OBJDIR ".libs/"
| /* end confdefs.h.  */
| #include <ac_nonexistent.h>
configure:20936: result: g++ -E
configure:20950: g++ -E  conftest.cpp
configure:20950: $? = 0
configure:20965: g++ -E  conftest.cpp
conftest.cpp:43:10: fatal error: ac_nonexistent.h: No such file or directory
   43 | #include <ac_nonexistent.h>
      |          ^~~~~~~~~~~~~~~~~~
compilation terminated.
configure:20965: $? = 1
configure: failed program was:
| /* confdefs.h */
| #define PACKAGE_NAME "frr"
| #define PACKAGE_TARNAME "frr"
| #define PACKAGE_VERSION "10.7.0-dev"
| #define PACKAGE_STRING "frr 10.7.0-dev"
| #define PACKAGE_BUGREPORT "https://github.com/frrouting/frr/issues"
| #define PACKAGE_URL ""
| #define PACKAGE "frr"
| #define VERSION "10.7.0-dev"
| #define VICI_SOCKET "/var/run/charon.vici"
| #define HAVE_STDIO_H 1
| #define HAVE_STDLIB_H 1
| #define HAVE_STRING_H 1
| #define HAVE_INTTYPES_H 1
| #define HAVE_STDINT_H 1
| #define HAVE_STRINGS_H 1
| #define HAVE_SYS_STAT_H 1
| #define HAVE_SYS_TYPES_H 1
| #define HAVE_UNISTD_H 1
| #define HAVE_WCHAR_H 1
| #define STDC_HEADERS 1
| #define _ALL_SOURCE 1
| #define _DARWIN_C_SOURCE 1
| #define _GNU_SOURCE 1
| #define _HPUX_ALT_XOPEN_SOCKET_API 1
| #define _NETBSD_SOURCE 1
| #define _OPENBSD_SOURCE 1
| #define _POSIX_PTHREAD_SEMANTICS 1
| #define __STDC_WANT_IEC_60559_ATTRIBS_EXT__ 1
| #define __STDC_WANT_IEC_60559_BFP_EXT__ 1
| #define __STDC_WANT_IEC_60559_DFP_EXT__ 1
| #define __STDC_WANT_IEC_60559_FUNCS_EXT__ 1
| #define __STDC_WANT_IEC_60559_TYPES_EXT__ 1
| #define __STDC_WANT_LIB_EXT2__ 1
| #define __STDC_WANT_MATH_SPEC_FUNCS__ 1
| #define _TANDEM_SOURCE 1
| #define __EXTENSIONS__ 1
| #define HAVE_PTHREAD_PRIO_INHERIT 1
| #define HAVE_PTHREAD_SETNAME_NP 1
| #define HAVE_DLFCN_H 1
| #define LT_OBJDIR ".libs/"
| /* end confdefs.h.  */
| #include <ac_nonexistent.h>
configure:21130: checking for ld used by g++
configure:21198: result: /usr/bin/ld -m elf_x86_64
configure:21205: checking if the linker (/usr/bin/ld -m elf_x86_64) is GNU ld
configure:21221: result: yes
configure:21276: checking whether the g++ linker (/usr/bin/ld -m elf_x86_64) supports shared libraries
configure:22354: result: yes
configure:22390: g++ -c   conftest.cpp >&5
configure:22393: $? = 0
configure:22874: checking for g++ option to produce PIC
configure:22882: result: -fPIC -DPIC
configure:22890: checking if g++ PIC flag -fPIC -DPIC works
configure:22909: g++ -c   -fPIC -DPIC -DPIC conftest.cpp >&5
configure:22913: $? = 0
configure:22926: result: yes
configure:22949: checking if g++ static flag -static works
configure:22978: result: yes
configure:22990: checking if g++ supports -c -o file.o
configure:23012: g++ -c   -o out/conftest2.o conftest.cpp >&5
configure:23016: $? = 0
configure:23038: result: yes
configure:23043: checking if g++ supports -c -o file.o
configure:23091: result: yes
configure:23121: checking whether the g++ linker (/usr/bin/ld -m elf_x86_64) supports shared libraries
configure:23164: result: yes
configure:23306: checking dynamic linker characteristics
configure:24066: result: GNU/Linux ld.so
configure:24131: checking how to hardcode library paths into programs
configure:24156: result: immediate
configure:24254: checking whether ar supports D option
configure:24257: result: yes
configure:24270: checking whether ranlib supports D option
configure:24277: result: yes
configure:24916: checking for json-c/json.h
configure:24916: gcc -c  -g -O2  conftest.c >&5
configure:24916: $? = 0
configure:24916: result: yes
configure:24923: checking for json_object_get in -ljson-c
configure:24946: gcc -o conftest  -g -O2   -g conftest.c -ljson-c -lm   >&5
configure:24946: $? = 0
configure:24956: result: yes
configure:25117: checking for a Python interpreter with version >= 3
configure:25135: python -c import sys # split strings by '.' and convert to numeric. Append some zeros # because we need at least 4 digits for the hex conversion. # map returns an iterator in Python 3.0 and a list in 2.x minver = list(map(int, '3'.split('.'))) + [0, 0, 0] minverhex = 0 # xrange is not present in Python 3.0 and range returns an iterator for i in list(range(0, 4)): minverhex = (minverhex << 8) + minver[i] sys.exit(sys.hexversion < minverhex)
./configure: line 25136: python: command not found
configure:25138: $? = 127
configure:25135: python2 -c import sys # split strings by '.' and convert to numeric. Append some zeros # because we need at least 4 digits for the hex conversion. # map returns an iterator in Python 3.0 and a list in 2.x minver = list(map(int, '3'.split('.'))) + [0, 0, 0] minverhex = 0 # xrange is not present in Python 3.0 and range returns an iterator for i in list(range(0, 4)): minverhex = (minverhex << 8) + minver[i] sys.exit(sys.hexversion < minverhex)
./configure: line 25136: python2: command not found
configure:25138: $? = 127
configure:25135: python3 -c import sys # split strings by '.' and convert to numeric. Append some zeros # because we need at least 4 digits for the hex conversion. # map returns an iterator in Python 3.0 and a list in 2.x minver = list(map(int, '3'.split('.'))) + [0, 0, 0] minverhex = 0 # xrange is not present in Python 3.0 and range returns an iterator for i in list(range(0, 4)): minverhex = (minverhex << 8) + minver[i] sys.exit(sys.hexversion < minverhex)
configure:25138: $? = 0
configure:25145: result: python3
configure:25153: checking for python3
configure:25176: found /usr/bin/python3
configure:25188: result: /usr/bin/python3
configure:25205: checking for python3 version
configure:25213: result: 3.12
configure:25218: checking for python3 platform
configure:25226: result: linux
configure:25287: checking for GNU default python3 prefix
configure:25289: result: ${prefix}
configure:25355: checking for GNU default python3 exec_prefix
configure:25357: result: ${exec_prefix}
configure:25388: checking for python3 script directory (pythondir)
configure:25430: result: ${PYTHON_PREFIX}/lib/python3.12/site-packages
configure:25438: checking for python3 extension module directory (pyexecdir)
configure:25480: result: ${PYTHON_EXEC_PREFIX}/lib/python3.12/site-packages
configure:25491: checking for gelf.h
configure:25491: gcc -c  -g -O2  conftest.c >&5
configure:25491: $? = 0
configure:25491: result: yes
configure:25503: checking for elf_memory in -lelf
configure:25526: gcc -o conftest  -g -O2   -g conftest.c -lelf    -ljson-c >&5
configure:25526: $? = 0
configure:25536: result: yes
configure:25551: checking for elf_getdata_rawchunk in -lelf
configure:25574: gcc -o conftest  -g -O2   -g conftest.c -lelf  -lelf   -ljson-c >&5
configure:25574: $? = 0
configure:25584: result: yes
configure:25595: checking for gelf_getnote in -lelf
configure:25618: gcc -o conftest  -g -O2   -g conftest.c -lelf  -lelf   -ljson-c >&5
configure:25618: $? = 0
configure:25628: result: yes
configure:25644: checking python interpreter /usr/bin/python3
configure:25646: "$PYTHON" -c 'import sys; open("conftest.pyver", "w").write(sys.executable or ""); sys.exit(not (sys.version_info.major == 2 and sys.version_info.minor >= 7))'
configure:25649: $? = 1
configure:25655: "$PYTHON" -c 'import sys; open("conftest.pyver", "w").write(sys.executable or ""); sys.exit(not ((sys.version_info.major == 3 and sys.version_info.minor >= 2) or sys.version_info.major > 3))'
configure:25658: $? = 0
configure:25680: result: /usr/bin/python3 (python3)
py_abi= py_ldver=3.12 py_ver=3.12 py_bindir=/usr/bin/
configure:25700: checking whether /usr/bin/python3.12-config is available
configure:25703: result: yes
configure:25714: checking whether /usr/bin/python3.12-config provides a working build environment
configure:25751: gcc -o conftest  -g -O2 -I/usr/include/python3.12 -I/usr/include/python3.12   -g conftest.c   -ljson-c -L/usr/lib/python3.12/config-3.12-x86_64-linux-gnu -L/usr/lib/x86_64-linux-gnu -lpython3.12 -ldl  -lm  >&5
configure:25751: $? = 0
configure:25872: gcc -o conftest  -g -O2 -I/usr/include/python3.12 -I/usr/include/python3.12   -g conftest.c   -ljson-c -L/usr/lib/python3.12/config-3.12-x86_64-linux-gnu -L/usr/lib/x86_64-linux-gnu -lpython3.12 -ldl  -lm  >&5
configure:25872: $? = 0
configure:25878: result: yes
configure:26849: checking whether /usr/bin/python3 module pytest is available
configure:26851: "$PYTHON" -c "import $pymod"
configure:26854: $? = 0
configure:26858: result: yes
configure:26880: checking whether /usr/bin/python3 module sphinx is available
configure:26882: "$PYTHON" -c "import $pymod"
configure:26885: $? = 0
configure:26889: result: yes
configure:26931: checking whether /usr/bin/python3 module sphinx is executable
configure:26933: "$PYTHON" -m "$pymod" --version > /dev/null
configure:26936: $? = 0
configure:26940: result: yes
configure:27173: checking for objcopy
configure:27194: found /usr/bin/objcopy
configure:27205: result: objcopy
configure:27228: checking for .interp value to use
configure:27240: gcc -o conftest  -g -O2   -g conftest.c   -ljson-c >&5
configure:27240: $? = 0
configure:27253: result: /lib64/ld-linux-x86-64.so.2
configure:27262: checking for asm/types.h
configure:27262: gcc -c  -g -O2  conftest.c >&5
configure:27262: $? = 0
configure:27262: result: yes
configure:27268: checking for sys/endian.h
configure:27268: gcc -c  -g -O2  conftest.c >&5
conftest.c:89:10: fatal error: sys/endian.h: No such file or directory
   89 | #include <sys/endian.h>
      |          ^~~~~~~~~~~~~~
compilation terminated.
configure:27268: $? = 1
configure: failed program was:
| /* confdefs.h */
| #define PACKAGE_NAME "frr"
| #define PACKAGE_TARNAME "frr"
| #define PACKAGE_VERSION "10.7.0-dev"
| #define PACKAGE_STRING "frr 10.7.0-dev"
| #define PACKAGE_BUGREPORT "https://github.com/frrouting/frr/issues"
| #define PACKAGE_URL ""
| #define PACKAGE "frr"
| #define VERSION "10.7.0-dev"
| #define VICI_SOCKET "/var/run/charon.vici"
| #define HAVE_STDIO_H 1
| #define HAVE_STDLIB_H 1
| #define HAVE_STRING_H 1
| #define HAVE_INTTYPES_H 1
| #define HAVE_STDINT_H 1
| #define HAVE_STRINGS_H 1
| #define HAVE_SYS_STAT_H 1
| #define HAVE_SYS_TYPES_H 1
| #define HAVE_UNISTD_H 1
| #define HAVE_WCHAR_H 1
| #define STDC_HEADERS 1
| #define _ALL_SOURCE 1
| #define _DARWIN_C_SOURCE 1
| #define _GNU_SOURCE 1
| #define _HPUX_ALT_XOPEN_SOCKET_API 1
| #define _NETBSD_SOURCE 1
| #define _OPENBSD_SOURCE 1
| #define _POSIX_PTHREAD_SEMANTICS 1
| #define __STDC_WANT_IEC_60559_ATTRIBS_EXT__ 1
| #define __STDC_WANT_IEC_60559_BFP_EXT__ 1
| #define __STDC_WANT_IEC_60559_DFP_EXT__ 1
| #define __STDC_WANT_IEC_60559_FUNCS_EXT__ 1
| #define __STDC_WANT_IEC_60559_TYPES_EXT__ 1
| #define __STDC_WANT_LIB_EXT2__ 1
| #define __STDC_WANT_MATH_SPEC_FUNCS__ 1
| #define _TANDEM_SOURCE 1
| #define __EXTENSIONS__ 1
| #define HAVE_PTHREAD_PRIO_INHERIT 1
| #define HAVE_PTHREAD_SETNAME_NP 1
| #define HAVE_DLFCN_H 1
| #define LT_OBJDIR ".libs/"
| #define CRYPTO_INTERNAL 1
| #define HAVE_JSON_C_JSON_H 1
| #define NETLINK_DEBUG 1
| #define DFLT_NAME "traditional"
| #define HAVE_LIBELF 1
| #define HAVE_ELF_GETDATA_RAWCHUNK 1
| #define HAVE_GELF_GETNOTE 1
| #define FRR_USER "frr"
| #define FRR_GROUP "frr"
| #define VTY_GROUP "frrvty"
| #define CONFIGFILE_MASK 0640
| #define LOGFILE_MASK 0640
| #define MULTIPATH_NUM 64
| #define LOG_TIMESTAMP_PRECISION 0
| #define VTYSH_PAGER "more"
| #define GIT_VERSION 1
| #define INTERP "/lib64/ld-linux-x86-64.so.2"
| #define HAVE_ASM_TYPES_H 1
| /* end confdefs.h.  */
| #include <stddef.h>
| #ifdef HAVE_STDIO_H
| # include <stdio.h>
| #endif
| #ifdef HAVE_STDLIB_H
| # include <stdlib.h>
| #endif
| #ifdef HAVE_STRING_H
| # include <string.h>
| #endif
| #ifdef HAVE_INTTYPES_H
| # include <inttypes.h>
| #endif
| #ifdef HAVE_STDINT_H
| # include <stdint.h>
| #endif
| #ifdef HAVE_STRINGS_H
| # include <strings.h>
| #endif
| #ifdef HAVE_SYS_TYPES_H
| # include <sys/types.h>
| #endif
| #ifdef HAVE_SYS_STAT_H
| # include <sys/stat.h>
| #endif
| #ifdef HAVE_UNISTD_H
| # include <unistd.h>
| #endif
| #include <sys/endian.h>
configure:27268: result: no
configure:27276: checking for endian.h
configure:27276: gcc -c  -g -O2  conftest.c >&5
configure:27276: $? = 0
configure:27276: result: yes
configure:27287: checking for main in -latomic
configure:27307: gcc -o conftest  -g -O2   -g conftest.c -latomic    -ljson-c >&5
configure:27307: $? = 0
configure:27317: result: yes
configure:27325: checking for stdatomic.h
configure:27325: gcc -c  -g -O2  conftest.c >&5
configure:27325: $? = 0
configure:27325: result: yes
configure:27329: checking whether _Atomic qualifier works
configure:27341: gcc -o conftest  -g -O2   -g conftest.c   -ljson-c -latomic >&5
configure:27341: $? = 0
configure:27347: result: yes
configure:27369: checking for Linux futex() support
configure:27397: gcc -o conftest  -g -O2   -g conftest.c   -ljson-c -latomic >&5
configure:27397: $? = 0
configure:27400: result: yes
configure:27512: checking for netinet/in_var.h
configure:27512: gcc -c  -g -O2  conftest.c >&5
conftest.c:81:10: fatal error: netinet/in_var.h: No such file or directory
   81 | #include <netinet/in_var.h>
      |          ^~~~~~~~~~~~~~~~~~
compilation terminated.
configure:27512: $? = 1
configure: failed program was:
| /* confdefs.h */
| #define PACKAGE_NAME "frr"
| #define PACKAGE_TARNAME "frr"
| #define PACKAGE_VERSION "10.7.0-dev"
| #define PACKAGE_STRING "frr 10.7.0-dev"
| #define PACKAGE_BUGREPORT "https://github.com/frrouting/frr/issues"
| #define PACKAGE_URL ""
| #define PACKAGE "frr"
| #define VERSION "10.7.0-dev"
| #define VICI_SOCKET "/var/run/charon.vici"
| #define HAVE_STDIO_H 1
| #define HAVE_STDLIB_H 1
| #define HAVE_STRING_H 1
| #define HAVE_INTTYPES_H 1
| #define HAVE_STDINT_H 1
| #define HAVE_STRINGS_H 1
| #define HAVE_SYS_STAT_H 1
| #define HAVE_SYS_TYPES_H 1
| #define HAVE_UNISTD_H 1
| #define HAVE_WCHAR_H 1
| #define STDC_HEADERS 1
| #define _ALL_SOURCE 1
| #define _DARWIN_C_SOURCE 1
| #define _GNU_SOURCE 1
| #define _HPUX_ALT_XOPEN_SOCKET_API 1
| #define _NETBSD_SOURCE 1
| #define _OPENBSD_SOURCE 1
| #define _POSIX_PTHREAD_SEMANTICS 1
| #define __STDC_WANT_IEC_60559_ATTRIBS_EXT__ 1
| #define __STDC_WANT_IEC_60559_BFP_EXT__ 1
| #define __STDC_WANT_IEC_60559_DFP_EXT__ 1
| #define __STDC_WANT_IEC_60559_FUNCS_EXT__ 1
| #define __STDC_WANT_IEC_60559_TYPES_EXT__ 1
| #define __STDC_WANT_LIB_EXT2__ 1
| #define __STDC_WANT_MATH_SPEC_FUNCS__ 1
| #define _TANDEM_SOURCE 1
| #define __EXTENSIONS__ 1
| #define HAVE_PTHREAD_PRIO_INHERIT 1
| #define HAVE_PTHREAD_SETNAME_NP 1
| #define HAVE_DLFCN_H 1
| #define LT_OBJDIR ".libs/"
| #define CRYPTO_INTERNAL 1
| #define HAVE_JSON_C_JSON_H 1
| #define NETLINK_DEBUG 1
| #define DFLT_NAME "traditional"
| #define HAVE_LIBELF 1
| #define HAVE_ELF_GETDATA_RAWCHUNK 1
| #define HAVE_GELF_GETNOTE 1
| #define FRR_USER "frr"
| #define FRR_GROUP "frr"
| #define VTY_GROUP "frrvty"
| #define CONFIGFILE_MASK 0640
| #define LOGFILE_MASK 0640
| #define MULTIPATH_NUM 64
| #define LOG_TIMESTAMP_PRECISION 0
| #define VTYSH_PAGER "more"
| #define GIT_VERSION 1
| #define INTERP "/lib64/ld-linux-x86-64.so.2"
| #define HAVE_ASM_TYPES_H 1
| #define HAVE_STDATOMIC_H 1
| #define HAVE_SYNC_LINUX_FUTEX /**/
| /* end confdefs.h.  */
| #ifdef SUNOS_5
| #define _POSIX_C_SOURCE 200809L
| #define __EXTENSIONS__
| #endif
| #include <stdio.h>
| #include <stdlib.h>
| #include <stddef.h>
| #include <sys/types.h>
| #include <sys/param.h>
| /* Required for MAXSIG */
| #include <signal.h>
| #include <sys/socket.h>
| #include <netinet/in.h>
| #include <sys/time.h>
| #include <time.h>
| #include <net/if.h>
| 
| 
| #include <netinet/in_var.h>
configure:27512: result: no
configure:27535: checking for netinet/ip_icmp.h
configure:27535: gcc -c  -g -O2  conftest.c >&5
configure:27535: $? = 0
configure:27535: result: yes
configure:27560: checking for ucontext.h
configure:27560: gcc -c  -g -O2  conftest.c >&5
configure:27560: $? = 0
configure:27560: result: yes
configure:27590: checking for ucontext_t.uc_mcontext.uc_regs
configure:27590: gcc -c  -g -O2  conftest.c >&5
conftest.c: In function 'main':
conftest.c:71:25: error: 'mcontext_t' has no member named 'uc_regs'; did you mean 'gregs'?
   71 | if (ac_aggr.uc_mcontext.uc_regs)
      |                         ^~~~~~~
      |                         gregs
configure:27590: $? = 1
configure: failed program was:
| /* confdefs.h */
| #define PACKAGE_NAME "frr"
| #define PACKAGE_TARNAME "frr"
| #define PACKAGE_VERSION "10.7.0-dev"
| #define PACKAGE_STRING "frr 10.7.0-dev"
| #define PACKAGE_BUGREPORT "https://github.com/frrouting/frr/issues"
| #define PACKAGE_URL ""
| #define PACKAGE "frr"
| #define VERSION "10.7.0-dev"
| #define VICI_SOCKET "/var/run/charon.vici"
| #define HAVE_STDIO_H 1
| #define HAVE_STDLIB_H 1
| #define HAVE_STRING_H 1
| #define HAVE_INTTYPES_H 1
| #define HAVE_STDINT_H 1
| #define HAVE_STRINGS_H 1
| #define HAVE_SYS_STAT_H 1
| #define HAVE_SYS_TYPES_H 1
| #define HAVE_UNISTD_H 1
| #define HAVE_WCHAR_H 1
| #define STDC_HEADERS 1
| #define _ALL_SOURCE 1
| #define _DARWIN_C_SOURCE 1
| #define _GNU_SOURCE 1
| #define _HPUX_ALT_XOPEN_SOCKET_API 1
| #define _NETBSD_SOURCE 1
| #define _OPENBSD_SOURCE 1
| #define _POSIX_PTHREAD_SEMANTICS 1
| #define __STDC_WANT_IEC_60559_ATTRIBS_EXT__ 1
| #define __STDC_WANT_IEC_60559_BFP_EXT__ 1
| #define __STDC_WANT_IEC_60559_DFP_EXT__ 1
| #define __STDC_WANT_IEC_60559_FUNCS_EXT__ 1
| #define __STDC_WANT_IEC_60559_TYPES_EXT__ 1
| #define __STDC_WANT_LIB_EXT2__ 1
| #define __STDC_WANT_MATH_SPEC_FUNCS__ 1
| #define _TANDEM_SOURCE 1
| #define __EXTENSIONS__ 1
| #define HAVE_PTHREAD_PRIO_INHERIT 1
| #define HAVE_PTHREAD_SETNAME_NP 1
| #define HAVE_DLFCN_H 1
| #define LT_OBJDIR ".libs/"
| #define CRYPTO_INTERNAL 1
| #define HAVE_JSON_C_JSON_H 1
| #define NETLINK_DEBUG 1
| #define DFLT_NAME "traditional"
| #define HAVE_LIBELF 1
| #define HAVE_ELF_GETDATA_RAWCHUNK 1
| #define HAVE_GELF_GETNOTE 1
| #define FRR_USER "frr"
| #define FRR_GROUP "frr"
| #define VTY_GROUP "frrvty"
| #define CONFIGFILE_MASK 0640
| #define LOGFILE_MASK 0640
| #define MULTIPATH_NUM 64
| #define LOG_TIMESTAMP_PRECISION 0
| #define VTYSH_PAGER "more"
| #define GIT_VERSION 1
| #define INTERP "/lib64/ld-linux-x86-64.so.2"
| #define HAVE_ASM_TYPES_H 1
| #define HAVE_STDATOMIC_H 1
| #define HAVE_SYNC_LINUX_FUTEX /**/
| #define HAVE_NETINET_IP_ICMP_H 1
| #define HAVE_UCONTEXT_H 1
| /* end confdefs.h.  */
| #include <ucontext.h>
| 
| int
| main (void)
| {
| static ucontext_t ac_aggr;
| if (ac_aggr.uc_mcontext.uc_regs)
| return 0;
|   ;
|   return 0;
| }
configure:27590: gcc -c  -g -O2  conftest.c >&5
conftest.c: In function 'main':
conftest.c:71:32: error: 'mcontext_t' has no member named 'uc_regs'; did you mean 'gregs'?
   71 | if (sizeof ac_aggr.uc_mcontext.uc_regs)
      |                                ^~~~~~~
      |                                gregs
configure:27590: $? = 1
configure: failed program was:
| /* confdefs.h */
| #define PACKAGE_NAME "frr"
| #define PACKAGE_TARNAME "frr"
| #define PACKAGE_VERSION "10.7.0-dev"
| #define PACKAGE_STRING "frr 10.7.0-dev"
| #define PACKAGE_BUGREPORT "https://github.com/frrouting/frr/issues"
| #define PACKAGE_URL ""
| #define PACKAGE "frr"
| #define VERSION "10.7.0-dev"
| #define VICI_SOCKET "/var/run/charon.vici"
| #define HAVE_STDIO_H 1
| #define HAVE_STDLIB_H 1
| #define HAVE_STRING_H 1
| #define HAVE_INTTYPES_H 1
| #define HAVE_STDINT_H 1
| #define HAVE_STRINGS_H 1
| #define HAVE_SYS_STAT_H 1
| #define HAVE_SYS_TYPES_H 1
| #define HAVE_UNISTD_H 1
| #define HAVE_WCHAR_H 1
| #define STDC_HEADERS 1
| #define _ALL_SOURCE 1
| #define _DARWIN_C_SOURCE 1
| #define _GNU_SOURCE 1
| #define _HPUX_ALT_XOPEN_SOCKET_API 1
| #define _NETBSD_SOURCE 1
| #define _OPENBSD_SOURCE 1
| #define _POSIX_PTHREAD_SEMANTICS 1
| #define __STDC_WANT_IEC_60559_ATTRIBS_EXT__ 1
| #define __STDC_WANT_IEC_60559_BFP_EXT__ 1
| #define __STDC_WANT_IEC_60559_DFP_EXT__ 1
| #define __STDC_WANT_IEC_60559_FUNCS_EXT__ 1
| #define __STDC_WANT_IEC_60559_TYPES_EXT__ 1
| #define __STDC_WANT_LIB_EXT2__ 1
| #define __STDC_WANT_MATH_SPEC_FUNCS__ 1
| #define _TANDEM_SOURCE 1
| #define __EXTENSIONS__ 1
| #define HAVE_PTHREAD_PRIO_INHERIT 1
| #define HAVE_PTHREAD_SETNAME_NP 1
| #define HAVE_DLFCN_H 1
| #define LT_OBJDIR ".libs/"
| #define CRYPTO_INTERNAL 1
| #define HAVE_JSON_C_JSON_H 1
| #define NETLINK_DEBUG 1
| #define DFLT_NAME "traditional"
| #define HAVE_LIBELF 1
| #define HAVE_ELF_GETDATA_RAWCHUNK 1
| #define HAVE_GELF_GETNOTE 1
| #define FRR_USER "frr"
| #define FRR_GROUP "frr"
| #define VTY_GROUP "frrvty"
| #define CONFIGFILE_MASK 0640
| #define LOGFILE_MASK 0640
| #define MULTIPATH_NUM 64
| #define LOG_TIMESTAMP_PRECISION 0
| #define VTYSH_PAGER "more"
| #define GIT_VERSION 1
| #define INTERP "/lib64/ld-linux-x86-64.so.2"
| #define HAVE_ASM_TYPES_H 1
| #define HAVE_STDATOMIC_H 1
| #define HAVE_SYNC_LINUX_FUTEX /**/
| #define HAVE_NETINET_IP_ICMP_H 1
| #define HAVE_UCONTEXT_H 1
| /* end confdefs.h.  */
| #include <ucontext.h>
| 
| int
| main (void)
| {
| static ucontext_t ac_aggr;
| if (sizeof ac_aggr.uc_mcontext.uc_regs)
| return 0;
|   ;
|   return 0;
| }
configure:27590: result: no
configure:27600: checking for ucontext_t.uc_mcontext.regs
configure:27600: gcc -c  -g -O2  conftest.c >&5
conftest.c: In function 'main':
conftest.c:71:25: error: 'mcontext_t' has no member named 'regs'; did you mean 'gregs'?
   71 | if (ac_aggr.uc_mcontext.regs)
      |                         ^~~~
      |                         gregs
configure:27600: $? = 1
configure: failed program was:
| /* confdefs.h */
| #define PACKAGE_NAME "frr"
| #define PACKAGE_TARNAME "frr"
| #define PACKAGE_VERSION "10.7.0-dev"
| #define PACKAGE_STRING "frr 10.7.0-dev"
| #define PACKAGE_BUGREPORT "https://github.com/frrouting/frr/issues"
| #define PACKAGE_URL ""
| #define PACKAGE "frr"
| #define VERSION "10.7.0-dev"
| #define VICI_SOCKET "/var/run/charon.vici"
| #define HAVE_STDIO_H 1
| #define HAVE_STDLIB_H 1
| #define HAVE_STRING_H 1
| #define HAVE_INTTYPES_H 1
| #define HAVE_STDINT_H 1
| #define HAVE_STRINGS_H 1
| #define HAVE_SYS_STAT_H 1
| #define HAVE_SYS_TYPES_H 1
| #define HAVE_UNISTD_H 1
| #define HAVE_WCHAR_H 1
| #define STDC_HEADERS 1
| #define _ALL_SOURCE 1
| #define _DARWIN_C_SOURCE 1
| #define _GNU_SOURCE 1
| #define _HPUX_ALT_XOPEN_SOCKET_API 1
| #define _NETBSD_SOURCE 1
| #define _OPENBSD_SOURCE 1
| #define _POSIX_PTHREAD_SEMANTICS 1
| #define __STDC_WANT_IEC_60559_ATTRIBS_EXT__ 1
| #define __STDC_WANT_IEC_60559_BFP_EXT__ 1
| #define __STDC_WANT_IEC_60559_DFP_EXT__ 1
| #define __STDC_WANT_IEC_60559_FUNCS_EXT__ 1
| #define __STDC_WANT_IEC_60559_TYPES_EXT__ 1
| #define __STDC_WANT_LIB_EXT2__ 1
| #define __STDC_WANT_MATH_SPEC_FUNCS__ 1
| #define _TANDEM_SOURCE 1
| #define __EXTENSIONS__ 1
| #define HAVE_PTHREAD_PRIO_INHERIT 1
| #define HAVE_PTHREAD_SETNAME_NP 1
| #define HAVE_DLFCN_H 1
| #define LT_OBJDIR ".libs/"
| #define CRYPTO_INTERNAL 1
| #define HAVE_JSON_C_JSON_H 1
| #define NETLINK_DEBUG 1
| #define DFLT_NAME "traditional"
| #define HAVE_LIBELF 1
| #define HAVE_ELF_GETDATA_RAWCHUNK 1
| #define HAVE_GELF_GETNOTE 1
| #define FRR_USER "frr"
| #define FRR_GROUP "frr"
| #define VTY_GROUP "frrvty"
| #define CONFIGFILE_MASK 0640
| #define LOGFILE_MASK 0640
| #define MULTIPATH_NUM 64
| #define LOG_TIMESTAMP_PRECISION 0
| #define VTYSH_PAGER "more"
| #define GIT_VERSION 1
| #define INTERP "/lib64/ld-linux-x86-64.so.2"
| #define HAVE_ASM_TYPES_H 1
| #define HAVE_STDATOMIC_H 1
| #define HAVE_SYNC_LINUX_FUTEX /**/
| #define HAVE_NETINET_IP_ICMP_H 1
| #define HAVE_UCONTEXT_H 1
| /* end confdefs.h.  */
| #include <ucontext.h>
| 
| int
| main (void)
| {
| static ucontext_t ac_aggr;
| if (ac_aggr.uc_mcontext.regs)
| return 0;
|   ;
|   return 0;
| }
configure:27600: gcc -c  -g -O2  conftest.c >&5
conftest.c: In function 'main':
conftest.c:71:32: error: 'mcontext_t' has no member named 'regs'; did you mean 'gregs'?
   71 | if (sizeof ac_aggr.uc_mcontext.regs)
      |                                ^~~~
      |                                gregs
configure:27600: $? = 1
configure: failed program was:
| /* confdefs.h */
| #define PACKAGE_NAME "frr"
| #define PACKAGE_TARNAME "frr"
| #define PACKAGE_VERSION "10.7.0-dev"
| #define PACKAGE_STRING "frr 10.7.0-dev"
| #define PACKAGE_BUGREPORT "https://github.com/frrouting/frr/issues"
| #define PACKAGE_URL ""
| #define PACKAGE "frr"
| #define VERSION "10.7.0-dev"
| #define VICI_SOCKET "/var/run/charon.vici"
| #define HAVE_STDIO_H 1
| #define HAVE_STDLIB_H 1
| #define HAVE_STRING_H 1
| #define HAVE_INTTYPES_H 1
| #define HAVE_STDINT_H 1
| #define HAVE_STRINGS_H 1
| #define HAVE_SYS_STAT_H 1
| #define HAVE_SYS_TYPES_H 1
| #define HAVE_UNISTD_H 1
| #define HAVE_WCHAR_H 1
| #define STDC_HEADERS 1
| #define _ALL_SOURCE 1
| #define _DARWIN_C_SOURCE 1
| #define _GNU_SOURCE 1
| #define _HPUX_ALT_XOPEN_SOCKET_API 1
| #define _NETBSD_SOURCE 1
| #define _OPENBSD_SOURCE 1
| #define _POSIX_PTHREAD_SEMANTICS 1
| #define __STDC_WANT_IEC_60559_ATTRIBS_EXT__ 1
| #define __STDC_WANT_IEC_60559_BFP_EXT__ 1
| #define __STDC_WANT_IEC_60559_DFP_EXT__ 1
| #define __STDC_WANT_IEC_60559_FUNCS_EXT__ 1
| #define __STDC_WANT_IEC_60559_TYPES_EXT__ 1
| #define __STDC_WANT_LIB_EXT2__ 1
| #define __STDC_WANT_MATH_SPEC_FUNCS__ 1
| #define _TANDEM_SOURCE 1
| #define __EXTENSIONS__ 1
| #define HAVE_PTHREAD_PRIO_INHERIT 1
| #define HAVE_PTHREAD_SETNAME_NP 1
| #define HAVE_DLFCN_H 1
| #define LT_OBJDIR ".libs/"
| #define CRYPTO_INTERNAL 1
| #define HAVE_JSON_C_JSON_H 1
| #define NETLINK_DEBUG 1
| #define DFLT_NAME "traditional"
| #define HAVE_LIBELF 1
| #define HAVE_ELF_GETDATA_RAWCHUNK 1
| #define HAVE_GELF_GETNOTE 1
| #define FRR_USER "frr"
| #define FRR_GROUP "frr"
| #define VTY_GROUP "frrvty"
| #define CONFIGFILE_MASK 0640
| #define LOGFILE_MASK 0640
| #define MULTIPATH_NUM 64
| #define LOG_TIMESTAMP_PRECISION 0
| #define VTYSH_PAGER "more"
| #define GIT_VERSION 1
| #define INTERP "/lib64/ld-linux-x86-64.so.2"
| #define HAVE_ASM_TYPES_H 1
| #define HAVE_STDATOMIC_H 1
| #define HAVE_SYNC_LINUX_FUTEX /**/
| #define HAVE_NETINET_IP_ICMP_H 1
| #define HAVE_UCONTEXT_H 1
| /* end confdefs.h.  */
| #include <ucontext.h>
| 
| int
| main (void)
| {
| static ucontext_t ac_aggr;
| if (sizeof ac_aggr.uc_mcontext.regs)
| return 0;
|   ;
|   return 0;
| }
configure:27600: result: no
configure:27619: checking for ucontext_t.uc_mcontext.gregs
configure:27619: gcc -c  -g -O2  conftest.c >&5
configure:27619: $? = 0
configure:27619: result: yes
configure:27634: checking which operating system interface to use
configure:27644: result: Linux
configure:27703: checking for special C compiler options needed for large files
configure:27751: result: no
configure:27757: checking for _FILE_OFFSET_BITS value needed for large files
configure:27783: gcc -c  -g -O2  conftest.c >&5
configure:27783: $? = 0
configure:27817: result: no
configure:27914: checking for strlcat
configure:27914: gcc -o conftest  -g -O2   -g conftest.c   -ljson-c -latomic >&5
configure:27914: $? = 0
configure:27914: result: yes
configure:27920: checking for strlcpy
configure:27920: gcc -o conftest  -g -O2   -g conftest.c   -ljson-c -latomic >&5
configure:27920: $? = 0
configure:27920: result: yes
configure:27926: checking for getgrouplist
configure:27926: gcc -o conftest  -g -O2   -g conftest.c   -ljson-c -latomic >&5
configure:27926: $? = 0
configure:27926: result: yes
configure:27932: checking for getloadavg
configure:27932: gcc -o conftest  -g -O2   -g conftest.c   -ljson-c -latomic >&5
configure:27932: $? = 0
configure:27932: result: yes
configure:27938: checking for openat
configure:27938: gcc -o conftest  -g -O2   -g conftest.c   -ljson-c -latomic >&5
configure:27938: $? = 0
configure:27938: result: yes
configure:27944: checking for unlinkat
configure:27944: gcc -o conftest  -g -O2   -g conftest.c   -ljson-c -latomic >&5
configure:27944: $? = 0
configure:27944: result: yes
configure:27950: checking for posix_fallocate
configure:27950: gcc -o conftest  -g -O2   -g conftest.c   -ljson-c -latomic >&5
configure:27950: $? = 0
configure:27950: result: yes
configure:27956: checking for sendmmsg
configure:27956: gcc -o conftest  -g -O2   -g conftest.c   -ljson-c -latomic >&5
configure:27956: $? = 0
configure:27956: result: yes
configure:27962: checking for explicit_bzero
configure:27962: gcc -o conftest  -g -O2   -g conftest.c   -ljson-c -latomic >&5
configure:27962: $? = 0
configure:27962: result: yes
configure:27975: checking for struct mmsghdr.msg_hdr
configure:27975: gcc -c  -g -O2  conftest.c >&5
conftest.c: In function 'main':
conftest.c:117:5: error: used struct type value where scalar is required
  117 | if (ac_aggr.msg_hdr)
      |     ^~~~~~~
configure:27975: $? = 1
configure: failed program was:
| /* confdefs.h */
| #define PACKAGE_NAME "frr"
| #define PACKAGE_TARNAME "frr"
| #define PACKAGE_VERSION "10.7.0-dev"
| #define PACKAGE_STRING "frr 10.7.0-dev"
| #define PACKAGE_BUGREPORT "https://github.com/frrouting/frr/issues"
| #define PACKAGE_URL ""
| #define PACKAGE "frr"
| #define VERSION "10.7.0-dev"
| #define VICI_SOCKET "/var/run/charon.vici"
| #define HAVE_STDIO_H 1
| #define HAVE_STDLIB_H 1
| #define HAVE_STRING_H 1
| #define HAVE_INTTYPES_H 1
| #define HAVE_STDINT_H 1
| #define HAVE_STRINGS_H 1
| #define HAVE_SYS_STAT_H 1
| #define HAVE_SYS_TYPES_H 1
| #define HAVE_UNISTD_H 1
| #define HAVE_WCHAR_H 1
| #define STDC_HEADERS 1
| #define _ALL_SOURCE 1
| #define _DARWIN_C_SOURCE 1
| #define _GNU_SOURCE 1
| #define _HPUX_ALT_XOPEN_SOCKET_API 1
| #define _NETBSD_SOURCE 1
| #define _OPENBSD_SOURCE 1
| #define _POSIX_PTHREAD_SEMANTICS 1
| #define __STDC_WANT_IEC_60559_ATTRIBS_EXT__ 1
| #define __STDC_WANT_IEC_60559_BFP_EXT__ 1
| #define __STDC_WANT_IEC_60559_DFP_EXT__ 1
| #define __STDC_WANT_IEC_60559_FUNCS_EXT__ 1
| #define __STDC_WANT_IEC_60559_TYPES_EXT__ 1
| #define __STDC_WANT_LIB_EXT2__ 1
| #define __STDC_WANT_MATH_SPEC_FUNCS__ 1
| #define _TANDEM_SOURCE 1
| #define __EXTENSIONS__ 1
| #define HAVE_PTHREAD_PRIO_INHERIT 1
| #define HAVE_PTHREAD_SETNAME_NP 1
| #define HAVE_DLFCN_H 1
| #define LT_OBJDIR ".libs/"
| #define CRYPTO_INTERNAL 1
| #define HAVE_JSON_C_JSON_H 1
| #define NETLINK_DEBUG 1
| #define DFLT_NAME "traditional"
| #define HAVE_LIBELF 1
| #define HAVE_ELF_GETDATA_RAWCHUNK 1
| #define HAVE_GELF_GETNOTE 1
| #define FRR_USER "frr"
| #define FRR_GROUP "frr"
| #define VTY_GROUP "frrvty"
| #define CONFIGFILE_MASK 0640
| #define LOGFILE_MASK 0640
| #define MULTIPATH_NUM 64
| #define LOG_TIMESTAMP_PRECISION 0
| #define VTYSH_PAGER "more"
| #define GIT_VERSION 1
| #define INTERP "/lib64/ld-linux-x86-64.so.2"
| #define HAVE_ASM_TYPES_H 1
| #define HAVE_STDATOMIC_H 1
| #define HAVE_SYNC_LINUX_FUTEX /**/
| #define HAVE_NETINET_IP_ICMP_H 1
| #define HAVE_UCONTEXT_H 1
| #define HAVE_UCONTEXT_T_UC_MCONTEXT_GREGS 1
| #define GNU_LINUX 1
| #define HAVE_NETLINK 1
| #define LINUX_IPV6 1
| #define IPV6_MINHOPCOUNT 73
| #define HAVE_STRLCAT 1
| #define HAVE_STRLCPY 1
| #define HAVE_GETGROUPLIST 1
| #define HAVE_GETLOADAVG 1
| #define HAVE_OPENAT 1
| #define HAVE_UNLINKAT 1
| #define HAVE_POSIX_FALLOCATE 1
| #define HAVE_SENDMMSG 1
| #define HAVE_EXPLICIT_BZERO 1
| /* end confdefs.h.  */
| #ifdef SUNOS_5
| #define _POSIX_C_SOURCE 200809L
| #define __EXTENSIONS__
| #endif
| #include <stdio.h>
| #include <stdlib.h>
| #include <stddef.h>
| #include <sys/types.h>
| #include <sys/param.h>
| /* Required for MAXSIG */
| #include <signal.h>
| #include <sys/socket.h>
| #include <netinet/in.h>
| #include <sys/time.h>
| #include <time.h>
| #include <net/if.h>
| 
| 
| #include <sys/un.h>
| #include <netinet/in_systm.h>
| #ifdef HAVE_NETINET_IN_VAR_H
| # include <netinet/in_var.h>
| #endif
| #ifndef __linux__
| # include <net/if_dl.h>
| #endif
| #include <net/route.h>
| #include <arpa/inet.h>
| /* Required for IDRP */
| #ifdef HAVE_NETINET_IP_ICMP_H
| # include <netinet/ip_icmp.h>
| #endif
| 
| 
| int
| main (void)
| {
| static struct mmsghdr ac_aggr;
| if (ac_aggr.msg_hdr)
| return 0;
|   ;
|   return 0;
| }
configure:27975: gcc -c  -g -O2  conftest.c >&5
configure:27975: $? = 0
configure:27975: result: yes
configure:28029: checking for protoc
configure:28064: result: no
configure:28077: checking for protoc-c
configure:28098: found /usr/bin/protoc-c
configure:28109: result: protoc-c
configure:28123: checking for PROTOBUF_C (libprotobuf-c >= 1.3.0)
configure:28130: $PKG_CONFIG --exists --print-errors "libprotobuf-c >= 1.3.0"
configure:28133: $? = 0
configure:28147: $PKG_CONFIG --exists --print-errors "libprotobuf-c >= 1.3.0"
configure:28150: $? = 0
configure:28188: result: yes
configure:28233: checking for readline in -lreadline
configure:28256: gcc -o conftest  -g -O2   -g conftest.c -lreadline    -ljson-c -latomic >&5
configure:28256: $? = 0
configure:28266: result: yes
configure:28389: checking for rl_clear_visible_line
configure:28389: gcc -o conftest  -g -O2   -g conftest.c   -ljson-c -latomic -lreadline >&5
configure:28389: $? = 0
configure:28389: result: yes
configure:28398: checking for readline/history.h
configure:28398: gcc -c  -g -O2  conftest.c >&5
configure:28398: $? = 0
configure:28398: result: yes
configure:28407: checking for rl_completion_matches in -lreadline
configure:28430: gcc -o conftest  -g -O2   -g conftest.c -lreadline -lreadline   -ljson-c -latomic >&5
configure:28430: $? = 0
configure:28440: result: yes
configure:28452: checking for append_history in -lreadline
configure:28475: gcc -o conftest  -g -O2   -g conftest.c -lreadline -lreadline   -ljson-c -latomic >&5
configure:28475: $? = 0
configure:28485: result: yes
configure:28797: checking for library containing pow
configure:28827: gcc -o conftest  -g -O2   -g conftest.c  >&5
conftest.c:89:6: warning: conflicting types for built-in function 'pow'; expected 'double(double,  double)' [-Wbuiltin-declaration-mismatch]
   89 | char pow ();
      |      ^~~
conftest.c:1:1: note: 'pow' is declared in header '<math.h>'
    1 | /* confdefs.h */
/usr/bin/ld: /tmp/ccd0uvQB.o: in function `main':
/home/alfroy/my_own_frr/conftest.c:93:(.text.startup+0xb): undefined reference to `pow'
collect2: error: ld returned 1 exit status
configure:28827: $? = 1
configure: failed program was:
| /* confdefs.h */
| #define PACKAGE_NAME "frr"
| #define PACKAGE_TARNAME "frr"
| #define PACKAGE_VERSION "10.7.0-dev"
| #define PACKAGE_STRING "frr 10.7.0-dev"
| #define PACKAGE_BUGREPORT "https://github.com/frrouting/frr/issues"
| #define PACKAGE_URL ""
| #define PACKAGE "frr"
| #define VERSION "10.7.0-dev"
| #define VICI_SOCKET "/var/run/charon.vici"
| #define HAVE_STDIO_H 1
| #define HAVE_STDLIB_H 1
| #define HAVE_STRING_H 1
| #define HAVE_INTTYPES_H 1
| #define HAVE_STDINT_H 1
| #define HAVE_STRINGS_H 1
| #define HAVE_SYS_STAT_H 1
| #define HAVE_SYS_TYPES_H 1
| #define HAVE_UNISTD_H 1
| #define HAVE_WCHAR_H 1
| #define STDC_HEADERS 1
| #define _ALL_SOURCE 1
| #define _DARWIN_C_SOURCE 1
| #define _GNU_SOURCE 1
| #define _HPUX_ALT_XOPEN_SOCKET_API 1
| #define _NETBSD_SOURCE 1
| #define _OPENBSD_SOURCE 1
| #define _POSIX_PTHREAD_SEMANTICS 1
| #define __STDC_WANT_IEC_60559_ATTRIBS_EXT__ 1
| #define __STDC_WANT_IEC_60559_BFP_EXT__ 1
| #define __STDC_WANT_IEC_60559_DFP_EXT__ 1
| #define __STDC_WANT_IEC_60559_FUNCS_EXT__ 1
| #define __STDC_WANT_IEC_60559_TYPES_EXT__ 1
| #define __STDC_WANT_LIB_EXT2__ 1
| #define __STDC_WANT_MATH_SPEC_FUNCS__ 1
| #define _TANDEM_SOURCE 1
| #define __EXTENSIONS__ 1
| #define HAVE_PTHREAD_PRIO_INHERIT 1
| #define HAVE_PTHREAD_SETNAME_NP 1
| #define HAVE_DLFCN_H 1
| #define LT_OBJDIR ".libs/"
| #define CRYPTO_INTERNAL 1
| #define HAVE_JSON_C_JSON_H 1
| #define NETLINK_DEBUG 1
| #define DFLT_NAME "traditional"
| #define HAVE_LIBELF 1
| #define HAVE_ELF_GETDATA_RAWCHUNK 1
| #define HAVE_GELF_GETNOTE 1
| #define FRR_USER "frr"
| #define FRR_GROUP "frr"
| #define VTY_GROUP "frrvty"
| #define CONFIGFILE_MASK 0640
| #define LOGFILE_MASK 0640
| #define MULTIPATH_NUM 64
| #define LOG_TIMESTAMP_PRECISION 0
| #define VTYSH_PAGER "more"
| #define GIT_VERSION 1
| #define INTERP "/lib64/ld-linux-x86-64.so.2"
| #define HAVE_ASM_TYPES_H 1
| #define HAVE_STDATOMIC_H 1
| #define HAVE_SYNC_LINUX_FUTEX /**/
| #define HAVE_NETINET_IP_ICMP_H 1
| #define HAVE_UCONTEXT_H 1
| #define HAVE_UCONTEXT_T_UC_MCONTEXT_GREGS 1
| #define GNU_LINUX 1
| #define HAVE_NETLINK 1
| #define LINUX_IPV6 1
| #define IPV6_MINHOPCOUNT 73
| #define HAVE_STRLCAT 1
| #define HAVE_STRLCPY 1
| #define HAVE_GETGROUPLIST 1
| #define HAVE_GETLOADAVG 1
| #define HAVE_OPENAT 1
| #define HAVE_UNLINKAT 1
| #define HAVE_POSIX_FALLOCATE 1
| #define HAVE_SENDMMSG 1
| #define HAVE_EXPLICIT_BZERO 1
| #define HAVE_STRUCT_MMSGHDR_MSG_HDR 1
| #define HAVE_PROTOBUF 1
| #define HAVE_PROTOBUF_VERSION_3 1
| #define VTYSH 1
| #define HAVE_RL_CLEAR_VISIBLE_LINE 1
| #define HAVE_APPEND_HISTORY 1
| /* end confdefs.h.  */
| 
| /* Override any GCC internal prototype to avoid an error.
|    Use char because int might match the return type of a GCC
|    builtin and then its argument prototype would still apply.  */
| char pow ();
| int
| main (void)
| {
| return pow ();
|   ;
|   return 0;
| }
configure:28827: gcc -o conftest  -g -O2   -g conftest.c -lm   >&5
conftest.c:89:6: warning: conflicting types for built-in function 'pow'; expected 'double(double,  double)' [-Wbuiltin-declaration-mismatch]
   89 | char pow ();
      |      ^~~
conftest.c:1:1: note: 'pow' is declared in header '<math.h>'
    1 | /* confdefs.h */
configure:28827: $? = 0
configure:28847: result: -lm
configure:28869: checking for ppoll
configure:28869: gcc -o conftest  -g -O2   -g conftest.c   -ljson-c -latomic >&5
configure:28869: $? = 0
configure:28869: result: yes
configure:28884: checking for pollts
configure:28884: gcc -o conftest  -g -O2   -g conftest.c   -ljson-c -latomic >&5
/usr/bin/ld: /tmp/cckseQTv.o: in function `main':
/home/alfroy/my_own_frr/conftest.c:114:(.text.startup+0xb): undefined reference to `pollts'
collect2: error: ld returned 1 exit status
configure:28884: $? = 1
configure: failed program was:
| /* confdefs.h */
| #define PACKAGE_NAME "frr"
| #define PACKAGE_TARNAME "frr"
| #define PACKAGE_VERSION "10.7.0-dev"
| #define PACKAGE_STRING "frr 10.7.0-dev"
| #define PACKAGE_BUGREPORT "https://github.com/frrouting/frr/issues"
| #define PACKAGE_URL ""
| #define PACKAGE "frr"
| #define VERSION "10.7.0-dev"
| #define VICI_SOCKET "/var/run/charon.vici"
| #define HAVE_STDIO_H 1
| #define HAVE_STDLIB_H 1
| #define HAVE_STRING_H 1
| #define HAVE_INTTYPES_H 1
| #define HAVE_STDINT_H 1
| #define HAVE_STRINGS_H 1
| #define HAVE_SYS_STAT_H 1
| #define HAVE_SYS_TYPES_H 1
| #define HAVE_UNISTD_H 1
| #define HAVE_WCHAR_H 1
| #define STDC_HEADERS 1
| #define _ALL_SOURCE 1
| #define _DARWIN_C_SOURCE 1
| #define _GNU_SOURCE 1
| #define _HPUX_ALT_XOPEN_SOCKET_API 1
| #define _NETBSD_SOURCE 1
| #define _OPENBSD_SOURCE 1
| #define _POSIX_PTHREAD_SEMANTICS 1
| #define __STDC_WANT_IEC_60559_ATTRIBS_EXT__ 1
| #define __STDC_WANT_IEC_60559_BFP_EXT__ 1
| #define __STDC_WANT_IEC_60559_DFP_EXT__ 1
| #define __STDC_WANT_IEC_60559_FUNCS_EXT__ 1
| #define __STDC_WANT_IEC_60559_TYPES_EXT__ 1
| #define __STDC_WANT_LIB_EXT2__ 1
| #define __STDC_WANT_MATH_SPEC_FUNCS__ 1
| #define _TANDEM_SOURCE 1
| #define __EXTENSIONS__ 1
| #define HAVE_PTHREAD_PRIO_INHERIT 1
| #define HAVE_PTHREAD_SETNAME_NP 1
| #define HAVE_DLFCN_H 1
| #define LT_OBJDIR ".libs/"
| #define CRYPTO_INTERNAL 1
| #define HAVE_JSON_C_JSON_H 1
| #define NETLINK_DEBUG 1
| #define DFLT_NAME "traditional"
| #define HAVE_LIBELF 1
| #define HAVE_ELF_GETDATA_RAWCHUNK 1
| #define HAVE_GELF_GETNOTE 1
| #define FRR_USER "frr"
| #define FRR_GROUP "frr"
| #define VTY_GROUP "frrvty"
| #define CONFIGFILE_MASK 0640
| #define LOGFILE_MASK 0640
| #define MULTIPATH_NUM 64
| #define LOG_TIMESTAMP_PRECISION 0
| #define VTYSH_PAGER "more"
| #define GIT_VERSION 1
| #define INTERP "/lib64/ld-linux-x86-64.so.2"
| #define HAVE_ASM_TYPES_H 1
| #define HAVE_STDATOMIC_H 1
| #define HAVE_SYNC_LINUX_FUTEX /**/
| #define HAVE_NETINET_IP_ICMP_H 1
| #define HAVE_UCONTEXT_H 1
| #define HAVE_UCONTEXT_T_UC_MCONTEXT_GREGS 1
| #define GNU_LINUX 1
| #define HAVE_NETLINK 1
| #define LINUX_IPV6 1
| #define IPV6_MINHOPCOUNT 73
| #define HAVE_STRLCAT 1
| #define HAVE_STRLCPY 1
| #define HAVE_GETGROUPLIST 1
| #define HAVE_GETLOADAVG 1
| #define HAVE_OPENAT 1
| #define HAVE_UNLINKAT 1
| #define HAVE_POSIX_FALLOCATE 1
| #define HAVE_SENDMMSG 1
| #define HAVE_EXPLICIT_BZERO 1
| #define HAVE_STRUCT_MMSGHDR_MSG_HDR 1
| #define HAVE_PROTOBUF 1
| #define HAVE_PROTOBUF_VERSION_3 1
| #define VTYSH 1
| #define HAVE_RL_CLEAR_VISIBLE_LINE 1
| #define HAVE_APPEND_HISTORY 1
| #define HAVE_PPOLL 1
| #define HAVE_PPOLL 1
| /* end confdefs.h.  */
| /* Define pollts to an innocuous variant, in case <limits.h> declares pollts.
|    For example, HP-UX 11i <limits.h> declares gettimeofday.  */
| #define pollts innocuous_pollts
| 
| /* System header to define __stub macros and hopefully few prototypes,
|    which can conflict with char pollts (); below.  */
| 
| #include <limits.h>
| #undef pollts
| 
| /* Override any GCC internal prototype to avoid an error.
|    Use char because int might match the return type of a GCC
|    builtin and then its argument prototype would still apply.  */
| #ifdef __cplusplus
| extern "C"
| #endif
| char pollts ();
| /* The GNU C library defines this for functions which it implements
|     to always fail with ENOSYS.  Some functions are actually named
|     something starting with __ and the normal name is an alias.  */
| #if defined __stub_pollts || defined __stub___pollts
| choke me
| #endif
| 
| int
| main (void)
| {
| return pollts ();
|   ;
|   return 0;
| }
configure:28884: result: no
configure:28897: checking for epoll_pwait
configure:28897: gcc -o conftest  -g -O2   -g conftest.c   -ljson-c -latomic >&5
configure:28897: $? = 0
configure:28897: result: yes
configure:28906: checking for epoll API support
configure:28912: result: yes
configure:28919: checking for gcc options needed to detect all undeclared functions
configure:28941: gcc -c  -g -O2   conftest.c >&5
conftest.c: In function 'main':
conftest.c:93:8: error: 'strchr' undeclared (first use in this function)
   93 | (void) strchr;
      |        ^~~~~~
conftest.c:1:1: note: 'strchr' is defined in header '<string.h>'; did you forget to '#include <string.h>'?
    1 | /* confdefs.h */
conftest.c:93:8: note: each undeclared identifier is reported only once for each function it appears in
   93 | (void) strchr;
      |        ^~~~~~
configure:28941: $? = 1
configure: failed program was:
| /* confdefs.h */
| #define PACKAGE_NAME "frr"
| #define PACKAGE_TARNAME "frr"
| #define PACKAGE_VERSION "10.7.0-dev"
| #define PACKAGE_STRING "frr 10.7.0-dev"
| #define PACKAGE_BUGREPORT "https://github.com/frrouting/frr/issues"
| #define PACKAGE_URL ""
| #define PACKAGE "frr"
| #define VERSION "10.7.0-dev"
| #define VICI_SOCKET "/var/run/charon.vici"
| #define HAVE_STDIO_H 1
| #define HAVE_STDLIB_H 1
| #define HAVE_STRING_H 1
| #define HAVE_INTTYPES_H 1
| #define HAVE_STDINT_H 1
| #define HAVE_STRINGS_H 1
| #define HAVE_SYS_STAT_H 1
| #define HAVE_SYS_TYPES_H 1
| #define HAVE_UNISTD_H 1
| #define HAVE_WCHAR_H 1
| #define STDC_HEADERS 1
| #define _ALL_SOURCE 1
| #define _DARWIN_C_SOURCE 1
| #define _GNU_SOURCE 1
| #define _HPUX_ALT_XOPEN_SOCKET_API 1
| #define _NETBSD_SOURCE 1
| #define _OPENBSD_SOURCE 1
| #define _POSIX_PTHREAD_SEMANTICS 1
| #define __STDC_WANT_IEC_60559_ATTRIBS_EXT__ 1
| #define __STDC_WANT_IEC_60559_BFP_EXT__ 1
| #define __STDC_WANT_IEC_60559_DFP_EXT__ 1
| #define __STDC_WANT_IEC_60559_FUNCS_EXT__ 1
| #define __STDC_WANT_IEC_60559_TYPES_EXT__ 1
| #define __STDC_WANT_LIB_EXT2__ 1
| #define __STDC_WANT_MATH_SPEC_FUNCS__ 1
| #define _TANDEM_SOURCE 1
| #define __EXTENSIONS__ 1
| #define HAVE_PTHREAD_PRIO_INHERIT 1
| #define HAVE_PTHREAD_SETNAME_NP 1
| #define HAVE_DLFCN_H 1
| #define LT_OBJDIR ".libs/"
| #define CRYPTO_INTERNAL 1
| #define HAVE_JSON_C_JSON_H 1
| #define NETLINK_DEBUG 1
| #define DFLT_NAME "traditional"
| #define HAVE_LIBELF 1
| #define HAVE_ELF_GETDATA_RAWCHUNK 1
| #define HAVE_GELF_GETNOTE 1
| #define FRR_USER "frr"
| #define FRR_GROUP "frr"
| #define VTY_GROUP "frrvty"
| #define CONFIGFILE_MASK 0640
| #define LOGFILE_MASK 0640
| #define MULTIPATH_NUM 64
| #define LOG_TIMESTAMP_PRECISION 0
| #define VTYSH_PAGER "more"
| #define GIT_VERSION 1
| #define INTERP "/lib64/ld-linux-x86-64.so.2"
| #define HAVE_ASM_TYPES_H 1
| #define HAVE_STDATOMIC_H 1
| #define HAVE_SYNC_LINUX_FUTEX /**/
| #define HAVE_NETINET_IP_ICMP_H 1
| #define HAVE_UCONTEXT_H 1
| #define HAVE_UCONTEXT_T_UC_MCONTEXT_GREGS 1
| #define GNU_LINUX 1
| #define HAVE_NETLINK 1
| #define LINUX_IPV6 1
| #define IPV6_MINHOPCOUNT 73
| #define HAVE_STRLCAT 1
| #define HAVE_STRLCPY 1
| #define HAVE_GETGROUPLIST 1
| #define HAVE_GETLOADAVG 1
| #define HAVE_OPENAT 1
| #define HAVE_UNLINKAT 1
| #define HAVE_POSIX_FALLOCATE 1
| #define HAVE_SENDMMSG 1
| #define HAVE_EXPLICIT_BZERO 1
| #define HAVE_STRUCT_MMSGHDR_MSG_HDR 1
| #define HAVE_PROTOBUF 1
| #define HAVE_PROTOBUF_VERSION_3 1
| #define VTYSH 1
| #define HAVE_RL_CLEAR_VISIBLE_LINE 1
| #define HAVE_APPEND_HISTORY 1
| #define HAVE_PPOLL 1
| #define HAVE_PPOLL 1
| #define HAVE_EPOLL_PWAIT 1
| #define USE_EPOLL 1
| /* end confdefs.h.  */
| 
| int
| main (void)
| {
| (void) strchr;
|   ;
|   return 0;
| }
configure:28968: gcc -c  -g -O2   conftest.c >&5
configure:28968: $? = 0
configure:28985: result: none needed
configure:28999: checking for asm-generic/unistd.h
configure:28999: gcc -c  -g -O2  conftest.c >&5
configure:28999: $? = 0
configure:28999: result: yes
configure:29002: checking whether __NR_setns is declared
configure:29002: gcc -c  -g -O2   conftest.c >&5
configure:29002: $? = 0
configure:29002: result: yes
configure:29043: checking for setns
configure:29043: gcc -o conftest  -g -O2   -g conftest.c   -ljson-c -latomic >&5
configure:29043: $? = 0
configure:29043: result: yes
configure:29063: checking for net/bpf.h
configure:29063: gcc -c  -g -O2  conftest.c >&5
conftest.c:122:10: fatal error: net/bpf.h: No such file or directory
  122 | #include <net/bpf.h>
      |          ^~~~~~~~~~~
compilation terminated.
configure:29063: $? = 1
configure: failed program was:
| /* confdefs.h */
| #define PACKAGE_NAME "frr"
| #define PACKAGE_TARNAME "frr"
| #define PACKAGE_VERSION "10.7.0-dev"
| #define PACKAGE_STRING "frr 10.7.0-dev"
| #define PACKAGE_BUGREPORT "https://github.com/frrouting/frr/issues"
| #define PACKAGE_URL ""
| #define PACKAGE "frr"
| #define VERSION "10.7.0-dev"
| #define VICI_SOCKET "/var/run/charon.vici"
| #define HAVE_STDIO_H 1
| #define HAVE_STDLIB_H 1
| #define HAVE_STRING_H 1
| #define HAVE_INTTYPES_H 1
| #define HAVE_STDINT_H 1
| #define HAVE_STRINGS_H 1
| #define HAVE_SYS_STAT_H 1
| #define HAVE_SYS_TYPES_H 1
| #define HAVE_UNISTD_H 1
| #define HAVE_WCHAR_H 1
| #define STDC_HEADERS 1
| #define _ALL_SOURCE 1
| #define _DARWIN_C_SOURCE 1
| #define _GNU_SOURCE 1
| #define _HPUX_ALT_XOPEN_SOCKET_API 1
| #define _NETBSD_SOURCE 1
| #define _OPENBSD_SOURCE 1
| #define _POSIX_PTHREAD_SEMANTICS 1
| #define __STDC_WANT_IEC_60559_ATTRIBS_EXT__ 1
| #define __STDC_WANT_IEC_60559_BFP_EXT__ 1
| #define __STDC_WANT_IEC_60559_DFP_EXT__ 1
| #define __STDC_WANT_IEC_60559_FUNCS_EXT__ 1
| #define __STDC_WANT_IEC_60559_TYPES_EXT__ 1
| #define __STDC_WANT_LIB_EXT2__ 1
| #define __STDC_WANT_MATH_SPEC_FUNCS__ 1
| #define _TANDEM_SOURCE 1
| #define __EXTENSIONS__ 1
| #define HAVE_PTHREAD_PRIO_INHERIT 1
| #define HAVE_PTHREAD_SETNAME_NP 1
| #define HAVE_DLFCN_H 1
| #define LT_OBJDIR ".libs/"
| #define CRYPTO_INTERNAL 1
| #define HAVE_JSON_C_JSON_H 1
| #define NETLINK_DEBUG 1
| #define DFLT_NAME "traditional"
| #define HAVE_LIBELF 1
| #define HAVE_ELF_GETDATA_RAWCHUNK 1
| #define HAVE_GELF_GETNOTE 1
| #define FRR_USER "frr"
| #define FRR_GROUP "frr"
| #define VTY_GROUP "frrvty"
| #define CONFIGFILE_MASK 0640
| #define LOGFILE_MASK 0640
| #define MULTIPATH_NUM 64
| #define LOG_TIMESTAMP_PRECISION 0
| #define VTYSH_PAGER "more"
| #define GIT_VERSION 1
| #define INTERP "/lib64/ld-linux-x86-64.so.2"
| #define HAVE_ASM_TYPES_H 1
| #define HAVE_STDATOMIC_H 1
| #define HAVE_SYNC_LINUX_FUTEX /**/
| #define HAVE_NETINET_IP_ICMP_H 1
| #define HAVE_UCONTEXT_H 1
| #define HAVE_UCONTEXT_T_UC_MCONTEXT_GREGS 1
| #define GNU_LINUX 1
| #define HAVE_NETLINK 1
| #define LINUX_IPV6 1
| #define IPV6_MINHOPCOUNT 73
| #define HAVE_STRLCAT 1
| #define HAVE_STRLCPY 1
| #define HAVE_GETGROUPLIST 1
| #define HAVE_GETLOADAVG 1
| #define HAVE_OPENAT 1
| #define HAVE_UNLINKAT 1
| #define HAVE_POSIX_FALLOCATE 1
| #define HAVE_SENDMMSG 1
| #define HAVE_EXPLICIT_BZERO 1
| #define HAVE_STRUCT_MMSGHDR_MSG_HDR 1
| #define HAVE_PROTOBUF 1
| #define HAVE_PROTOBUF_VERSION_3 1
| #define VTYSH 1
| #define HAVE_RL_CLEAR_VISIBLE_LINE 1
| #define HAVE_APPEND_HISTORY 1
| #define HAVE_PPOLL 1
| #define HAVE_PPOLL 1
| #define HAVE_EPOLL_PWAIT 1
| #define USE_EPOLL 1
| #define HAVE_NETNS 1
| #define HAVE_SETNS 1
| #define ISIS_METHOD_PFPACKET 1
| #define ISIS_METHOD_DLPI 2
| #define ISIS_METHOD_BPF 3
| /* end confdefs.h.  */
| #include <stddef.h>
| #ifdef HAVE_STDIO_H
| # include <stdio.h>
| #endif
| #ifdef HAVE_STDLIB_H
| # include <stdlib.h>
| #endif
| #ifdef HAVE_STRING_H
| # include <string.h>
| #endif
| #ifdef HAVE_INTTYPES_H
| # include <inttypes.h>
| #endif
| #ifdef HAVE_STDINT_H
| # include <stdint.h>
| #endif
| #ifdef HAVE_STRINGS_H
| # include <strings.h>
| #endif
| #ifdef HAVE_SYS_TYPES_H
| # include <sys/types.h>
| #endif
| #ifdef HAVE_SYS_STAT_H
| # include <sys/stat.h>
| #endif
| #ifdef HAVE_UNISTD_H
| # include <unistd.h>
| #endif
| #include <net/bpf.h>
configure:29063: result: no
configure:29069: checking for sys/dlpi.h
configure:29069: gcc -c  -g -O2  conftest.c >&5
conftest.c:122:10: fatal error: sys/dlpi.h: No such file or directory
  122 | #include <sys/dlpi.h>
      |          ^~~~~~~~~~~~
compilation terminated.
configure:29069: $? = 1
configure: failed program was:
| /* confdefs.h */
| #define PACKAGE_NAME "frr"
| #define PACKAGE_TARNAME "frr"
| #define PACKAGE_VERSION "10.7.0-dev"
| #define PACKAGE_STRING "frr 10.7.0-dev"
| #define PACKAGE_BUGREPORT "https://github.com/frrouting/frr/issues"
| #define PACKAGE_URL ""
| #define PACKAGE "frr"
| #define VERSION "10.7.0-dev"
| #define VICI_SOCKET "/var/run/charon.vici"
| #define HAVE_STDIO_H 1
| #define HAVE_STDLIB_H 1
| #define HAVE_STRING_H 1
| #define HAVE_INTTYPES_H 1
| #define HAVE_STDINT_H 1
| #define HAVE_STRINGS_H 1
| #define HAVE_SYS_STAT_H 1
| #define HAVE_SYS_TYPES_H 1
| #define HAVE_UNISTD_H 1
| #define HAVE_WCHAR_H 1
| #define STDC_HEADERS 1
| #define _ALL_SOURCE 1
| #define _DARWIN_C_SOURCE 1
| #define _GNU_SOURCE 1
| #define _HPUX_ALT_XOPEN_SOCKET_API 1
| #define _NETBSD_SOURCE 1
| #define _OPENBSD_SOURCE 1
| #define _POSIX_PTHREAD_SEMANTICS 1
| #define __STDC_WANT_IEC_60559_ATTRIBS_EXT__ 1
| #define __STDC_WANT_IEC_60559_BFP_EXT__ 1
| #define __STDC_WANT_IEC_60559_DFP_EXT__ 1
| #define __STDC_WANT_IEC_60559_FUNCS_EXT__ 1
| #define __STDC_WANT_IEC_60559_TYPES_EXT__ 1
| #define __STDC_WANT_LIB_EXT2__ 1
| #define __STDC_WANT_MATH_SPEC_FUNCS__ 1
| #define _TANDEM_SOURCE 1
| #define __EXTENSIONS__ 1
| #define HAVE_PTHREAD_PRIO_INHERIT 1
| #define HAVE_PTHREAD_SETNAME_NP 1
| #define HAVE_DLFCN_H 1
| #define LT_OBJDIR ".libs/"
| #define CRYPTO_INTERNAL 1
| #define HAVE_JSON_C_JSON_H 1
| #define NETLINK_DEBUG 1
| #define DFLT_NAME "traditional"
| #define HAVE_LIBELF 1
| #define HAVE_ELF_GETDATA_RAWCHUNK 1
| #define HAVE_GELF_GETNOTE 1
| #define FRR_USER "frr"
| #define FRR_GROUP "frr"
| #define VTY_GROUP "frrvty"
| #define CONFIGFILE_MASK 0640
| #define LOGFILE_MASK 0640
| #define MULTIPATH_NUM 64
| #define LOG_TIMESTAMP_PRECISION 0
| #define VTYSH_PAGER "more"
| #define GIT_VERSION 1
| #define INTERP "/lib64/ld-linux-x86-64.so.2"
| #define HAVE_ASM_TYPES_H 1
| #define HAVE_STDATOMIC_H 1
| #define HAVE_SYNC_LINUX_FUTEX /**/
| #define HAVE_NETINET_IP_ICMP_H 1
| #define HAVE_UCONTEXT_H 1
| #define HAVE_UCONTEXT_T_UC_MCONTEXT_GREGS 1
| #define GNU_LINUX 1
| #define HAVE_NETLINK 1
| #define LINUX_IPV6 1
| #define IPV6_MINHOPCOUNT 73
| #define HAVE_STRLCAT 1
| #define HAVE_STRLCPY 1
| #define HAVE_GETGROUPLIST 1
| #define HAVE_GETLOADAVG 1
| #define HAVE_OPENAT 1
| #define HAVE_UNLINKAT 1
| #define HAVE_POSIX_FALLOCATE 1
| #define HAVE_SENDMMSG 1
| #define HAVE_EXPLICIT_BZERO 1
| #define HAVE_STRUCT_MMSGHDR_MSG_HDR 1
| #define HAVE_PROTOBUF 1
| #define HAVE_PROTOBUF_VERSION_3 1
| #define VTYSH 1
| #define HAVE_RL_CLEAR_VISIBLE_LINE 1
| #define HAVE_APPEND_HISTORY 1
| #define HAVE_PPOLL 1
| #define HAVE_PPOLL 1
| #define HAVE_EPOLL_PWAIT 1
| #define USE_EPOLL 1
| #define HAVE_NETNS 1
| #define HAVE_SETNS 1
| #define ISIS_METHOD_PFPACKET 1
| #define ISIS_METHOD_DLPI 2
| #define ISIS_METHOD_BPF 3
| /* end confdefs.h.  */
| #include <stddef.h>
| #ifdef HAVE_STDIO_H
| # include <stdio.h>
| #endif
| #ifdef HAVE_STDLIB_H
| # include <stdlib.h>
| #endif
| #ifdef HAVE_STRING_H
| # include <string.h>
| #endif
| #ifdef HAVE_INTTYPES_H
| # include <inttypes.h>
| #endif
| #ifdef HAVE_STDINT_H
| # include <stdint.h>
| #endif
| #ifdef HAVE_STRINGS_H
| # include <strings.h>
| #endif
| #ifdef HAVE_SYS_TYPES_H
| # include <sys/types.h>
| #endif
| #ifdef HAVE_SYS_STAT_H
| # include <sys/stat.h>
| #endif
| #ifdef HAVE_UNISTD_H
| # include <unistd.h>
| #endif
| #include <sys/dlpi.h>
configure:29069: result: no
configure:29075: checking zebra IS-IS I/O method
configure:29080: result: pfpacket
configure:29115: checking for struct ip_mreqn.imr_ifindex
configure:29115: gcc -c  -g -O2  conftest.c >&5
configure:29115: $? = 0
configure:29115: result: yes
configure:29158: checking for linux/mroute.h
configure:29158: gcc -c  -g -O2  conftest.c >&5
configure:29158: $? = 0
configure:29158: result: yes
configure:29172: checking for linux/mroute6.h
configure:29172: gcc -c  -g -O2  conftest.c >&5
configure:29172: $? = 0
configure:29172: result: yes
configure:29187: checking for netinet/ip_mroute.h
configure:29187: gcc -c  -g -O2  conftest.c >&5
conftest.c:105:10: fatal error: netinet/ip_mroute.h: No such file or directory
  105 | #include <netinet/ip_mroute.h>
      |          ^~~~~~~~~~~~~~~~~~~~~
compilation terminated.
configure:29187: $? = 1
configure: failed program was:
| /* confdefs.h */
| #define PACKAGE_NAME "frr"
| #define PACKAGE_TARNAME "frr"
| #define PACKAGE_VERSION "10.7.0-dev"
| #define PACKAGE_STRING "frr 10.7.0-dev"
| #define PACKAGE_BUGREPORT "https://github.com/frrouting/frr/issues"
| #define PACKAGE_URL ""
| #define PACKAGE "frr"
| #define VERSION "10.7.0-dev"
| #define VICI_SOCKET "/var/run/charon.vici"
| #define HAVE_STDIO_H 1
| #define HAVE_STDLIB_H 1
| #define HAVE_STRING_H 1
| #define HAVE_INTTYPES_H 1
| #define HAVE_STDINT_H 1
| #define HAVE_STRINGS_H 1
| #define HAVE_SYS_STAT_H 1
| #define HAVE_SYS_TYPES_H 1
| #define HAVE_UNISTD_H 1
| #define HAVE_WCHAR_H 1
| #define STDC_HEADERS 1
| #define _ALL_SOURCE 1
| #define _DARWIN_C_SOURCE 1
| #define _GNU_SOURCE 1
| #define _HPUX_ALT_XOPEN_SOCKET_API 1
| #define _NETBSD_SOURCE 1
| #define _OPENBSD_SOURCE 1
| #define _POSIX_PTHREAD_SEMANTICS 1
| #define __STDC_WANT_IEC_60559_ATTRIBS_EXT__ 1
| #define __STDC_WANT_IEC_60559_BFP_EXT__ 1
| #define __STDC_WANT_IEC_60559_DFP_EXT__ 1
| #define __STDC_WANT_IEC_60559_FUNCS_EXT__ 1
| #define __STDC_WANT_IEC_60559_TYPES_EXT__ 1
| #define __STDC_WANT_LIB_EXT2__ 1
| #define __STDC_WANT_MATH_SPEC_FUNCS__ 1
| #define _TANDEM_SOURCE 1
| #define __EXTENSIONS__ 1
| #define HAVE_PTHREAD_PRIO_INHERIT 1
| #define HAVE_PTHREAD_SETNAME_NP 1
| #define HAVE_DLFCN_H 1
| #define LT_OBJDIR ".libs/"
| #define CRYPTO_INTERNAL 1
| #define HAVE_JSON_C_JSON_H 1
| #define NETLINK_DEBUG 1
| #define DFLT_NAME "traditional"
| #define HAVE_LIBELF 1
| #define HAVE_ELF_GETDATA_RAWCHUNK 1
| #define HAVE_GELF_GETNOTE 1
| #define FRR_USER "frr"
| #define FRR_GROUP "frr"
| #define VTY_GROUP "frrvty"
| #define CONFIGFILE_MASK 0640
| #define LOGFILE_MASK 0640
| #define MULTIPATH_NUM 64
| #define LOG_TIMESTAMP_PRECISION 0
| #define VTYSH_PAGER "more"
| #define GIT_VERSION 1
| #define INTERP "/lib64/ld-linux-x86-64.so.2"
| #define HAVE_ASM_TYPES_H 1
| #define HAVE_STDATOMIC_H 1
| #define HAVE_SYNC_LINUX_FUTEX /**/
| #define HAVE_NETINET_IP_ICMP_H 1
| #define HAVE_UCONTEXT_H 1
| #define HAVE_UCONTEXT_T_UC_MCONTEXT_GREGS 1
| #define GNU_LINUX 1
| #define HAVE_NETLINK 1
| #define LINUX_IPV6 1
| #define IPV6_MINHOPCOUNT 73
| #define HAVE_STRLCAT 1
| #define HAVE_STRLCPY 1
| #define HAVE_GETGROUPLIST 1
| #define HAVE_GETLOADAVG 1
| #define HAVE_OPENAT 1
| #define HAVE_UNLINKAT 1
| #define HAVE_POSIX_FALLOCATE 1
| #define HAVE_SENDMMSG 1
| #define HAVE_EXPLICIT_BZERO 1
| #define HAVE_STRUCT_MMSGHDR_MSG_HDR 1
| #define HAVE_PROTOBUF 1
| #define HAVE_PROTOBUF_VERSION_3 1
| #define VTYSH 1
| #define HAVE_RL_CLEAR_VISIBLE_LINE 1
| #define HAVE_APPEND_HISTORY 1
| #define HAVE_PPOLL 1
| #define HAVE_PPOLL 1
| #define HAVE_EPOLL_PWAIT 1
| #define USE_EPOLL 1
| #define HAVE_NETNS 1
| #define HAVE_SETNS 1
| #define ISIS_METHOD_PFPACKET 1
| #define ISIS_METHOD_DLPI 2
| #define ISIS_METHOD_BPF 3
| #define ISIS_METHOD ISIS_METHOD_PFPACKET
| #define HAVE_STRUCT_IP_MREQN_IMR_IFINDEX 1
| #define HAVE_LINUX_MROUTE_H 1
| #define HAVE_LINUX_MROUTE6_H 1
| /* end confdefs.h.  */
| 
| 	#include <sys/socket.h>
| 	#include <sys/types.h>
| 	#include <netinet/in.h>
| 	#include <net/route.h>
| 
| 
| #include <netinet/ip_mroute.h>
configure:29187: result: no
configure:29202: checking for netinet6/ip6_mroute.h
configure:29202: gcc -c  -g -O2  conftest.c >&5
conftest.c:106:10: fatal error: netinet6/ip6_mroute.h: No such file or directory
  106 | #include <netinet6/ip6_mroute.h>
      |          ^~~~~~~~~~~~~~~~~~~~~~~
compilation terminated.
configure:29202: $? = 1
configure: failed program was:
| /* confdefs.h */
| #define PACKAGE_NAME "frr"
| #define PACKAGE_TARNAME "frr"
| #define PACKAGE_VERSION "10.7.0-dev"
| #define PACKAGE_STRING "frr 10.7.0-dev"
| #define PACKAGE_BUGREPORT "https://github.com/frrouting/frr/issues"
| #define PACKAGE_URL ""
| #define PACKAGE "frr"
| #define VERSION "10.7.0-dev"
| #define VICI_SOCKET "/var/run/charon.vici"
| #define HAVE_STDIO_H 1
| #define HAVE_STDLIB_H 1
| #define HAVE_STRING_H 1
| #define HAVE_INTTYPES_H 1
| #define HAVE_STDINT_H 1
| #define HAVE_STRINGS_H 1
| #define HAVE_SYS_STAT_H 1
| #define HAVE_SYS_TYPES_H 1
| #define HAVE_UNISTD_H 1
| #define HAVE_WCHAR_H 1
| #define STDC_HEADERS 1
| #define _ALL_SOURCE 1
| #define _DARWIN_C_SOURCE 1
| #define _GNU_SOURCE 1
| #define _HPUX_ALT_XOPEN_SOCKET_API 1
| #define _NETBSD_SOURCE 1
| #define _OPENBSD_SOURCE 1
| #define _POSIX_PTHREAD_SEMANTICS 1
| #define __STDC_WANT_IEC_60559_ATTRIBS_EXT__ 1
| #define __STDC_WANT_IEC_60559_BFP_EXT__ 1
| #define __STDC_WANT_IEC_60559_DFP_EXT__ 1
| #define __STDC_WANT_IEC_60559_FUNCS_EXT__ 1
| #define __STDC_WANT_IEC_60559_TYPES_EXT__ 1
| #define __STDC_WANT_LIB_EXT2__ 1
| #define __STDC_WANT_MATH_SPEC_FUNCS__ 1
| #define _TANDEM_SOURCE 1
| #define __EXTENSIONS__ 1
| #define HAVE_PTHREAD_PRIO_INHERIT 1
| #define HAVE_PTHREAD_SETNAME_NP 1
| #define HAVE_DLFCN_H 1
| #define LT_OBJDIR ".libs/"
| #define CRYPTO_INTERNAL 1
| #define HAVE_JSON_C_JSON_H 1
| #define NETLINK_DEBUG 1
| #define DFLT_NAME "traditional"
| #define HAVE_LIBELF 1
| #define HAVE_ELF_GETDATA_RAWCHUNK 1
| #define HAVE_GELF_GETNOTE 1
| #define FRR_USER "frr"
| #define FRR_GROUP "frr"
| #define VTY_GROUP "frrvty"
| #define CONFIGFILE_MASK 0640
| #define LOGFILE_MASK 0640
| #define MULTIPATH_NUM 64
| #define LOG_TIMESTAMP_PRECISION 0
| #define VTYSH_PAGER "more"
| #define GIT_VERSION 1
| #define INTERP "/lib64/ld-linux-x86-64.so.2"
| #define HAVE_ASM_TYPES_H 1
| #define HAVE_STDATOMIC_H 1
| #define HAVE_SYNC_LINUX_FUTEX /**/
| #define HAVE_NETINET_IP_ICMP_H 1
| #define HAVE_UCONTEXT_H 1
| #define HAVE_UCONTEXT_T_UC_MCONTEXT_GREGS 1
| #define GNU_LINUX 1
| #define HAVE_NETLINK 1
| #define LINUX_IPV6 1
| #define IPV6_MINHOPCOUNT 73
| #define HAVE_STRLCAT 1
| #define HAVE_STRLCPY 1
| #define HAVE_GETGROUPLIST 1
| #define HAVE_GETLOADAVG 1
| #define HAVE_OPENAT 1
| #define HAVE_UNLINKAT 1
| #define HAVE_POSIX_FALLOCATE 1
| #define HAVE_SENDMMSG 1
| #define HAVE_EXPLICIT_BZERO 1
| #define HAVE_STRUCT_MMSGHDR_MSG_HDR 1
| #define HAVE_PROTOBUF 1
| #define HAVE_PROTOBUF_VERSION_3 1
| #define VTYSH 1
| #define HAVE_RL_CLEAR_VISIBLE_LINE 1
| #define HAVE_APPEND_HISTORY 1
| #define HAVE_PPOLL 1
| #define HAVE_PPOLL 1
| #define HAVE_EPOLL_PWAIT 1
| #define USE_EPOLL 1
| #define HAVE_NETNS 1
| #define HAVE_SETNS 1
| #define ISIS_METHOD_PFPACKET 1
| #define ISIS_METHOD_DLPI 2
| #define ISIS_METHOD_BPF 3
| #define ISIS_METHOD ISIS_METHOD_PFPACKET
| #define HAVE_STRUCT_IP_MREQN_IMR_IFINDEX 1
| #define HAVE_LINUX_MROUTE_H 1
| #define HAVE_LINUX_MROUTE6_H 1
| /* end confdefs.h.  */
| 
| 	#include <sys/socket.h>
| 	#include <sys/param.h>
| 	#include <sys/types.h>
| 	#include <netinet/in.h>
| 	#include <net/route.h>
| 
| 
| #include <netinet6/ip6_mroute.h>
configure:29202: result: no
configure:29218: checking for RFC3678 protocol-independed API
configure:29239: gcc -c  -g -O2  conftest.c >&5
configure:29239: $? = 0
configure:29242: result: yes
configure:29256: checking for net/if_media.h
configure:29256: gcc -c  -g -O2  conftest.c >&5
conftest.c:145:10: fatal error: net/if_media.h: No such file or directory
  145 | #include <net/if_media.h>
      |          ^~~~~~~~~~~~~~~~
compilation terminated.
configure:29256: $? = 1
configure: failed program was:
| /* confdefs.h */
| #define PACKAGE_NAME "frr"
| #define PACKAGE_TARNAME "frr"
| #define PACKAGE_VERSION "10.7.0-dev"
| #define PACKAGE_STRING "frr 10.7.0-dev"
| #define PACKAGE_BUGREPORT "https://github.com/frrouting/frr/issues"
| #define PACKAGE_URL ""
| #define PACKAGE "frr"
| #define VERSION "10.7.0-dev"
| #define VICI_SOCKET "/var/run/charon.vici"
| #define HAVE_STDIO_H 1
| #define HAVE_STDLIB_H 1
| #define HAVE_STRING_H 1
| #define HAVE_INTTYPES_H 1
| #define HAVE_STDINT_H 1
| #define HAVE_STRINGS_H 1
| #define HAVE_SYS_STAT_H 1
| #define HAVE_SYS_TYPES_H 1
| #define HAVE_UNISTD_H 1
| #define HAVE_WCHAR_H 1
| #define STDC_HEADERS 1
| #define _ALL_SOURCE 1
| #define _DARWIN_C_SOURCE 1
| #define _GNU_SOURCE 1
| #define _HPUX_ALT_XOPEN_SOCKET_API 1
| #define _NETBSD_SOURCE 1
| #define _OPENBSD_SOURCE 1
| #define _POSIX_PTHREAD_SEMANTICS 1
| #define __STDC_WANT_IEC_60559_ATTRIBS_EXT__ 1
| #define __STDC_WANT_IEC_60559_BFP_EXT__ 1
| #define __STDC_WANT_IEC_60559_DFP_EXT__ 1
| #define __STDC_WANT_IEC_60559_FUNCS_EXT__ 1
| #define __STDC_WANT_IEC_60559_TYPES_EXT__ 1
| #define __STDC_WANT_LIB_EXT2__ 1
| #define __STDC_WANT_MATH_SPEC_FUNCS__ 1
| #define _TANDEM_SOURCE 1
| #define __EXTENSIONS__ 1
| #define HAVE_PTHREAD_PRIO_INHERIT 1
| #define HAVE_PTHREAD_SETNAME_NP 1
| #define HAVE_DLFCN_H 1
| #define LT_OBJDIR ".libs/"
| #define CRYPTO_INTERNAL 1
| #define HAVE_JSON_C_JSON_H 1
| #define NETLINK_DEBUG 1
| #define DFLT_NAME "traditional"
| #define HAVE_LIBELF 1
| #define HAVE_ELF_GETDATA_RAWCHUNK 1
| #define HAVE_GELF_GETNOTE 1
| #define FRR_USER "frr"
| #define FRR_GROUP "frr"
| #define VTY_GROUP "frrvty"
| #define CONFIGFILE_MASK 0640
| #define LOGFILE_MASK 0640
| #define MULTIPATH_NUM 64
| #define LOG_TIMESTAMP_PRECISION 0
| #define VTYSH_PAGER "more"
| #define GIT_VERSION 1
| #define INTERP "/lib64/ld-linux-x86-64.so.2"
| #define HAVE_ASM_TYPES_H 1
| #define HAVE_STDATOMIC_H 1
| #define HAVE_SYNC_LINUX_FUTEX /**/
| #define HAVE_NETINET_IP_ICMP_H 1
| #define HAVE_UCONTEXT_H 1
| #define HAVE_UCONTEXT_T_UC_MCONTEXT_GREGS 1
| #define GNU_LINUX 1
| #define HAVE_NETLINK 1
| #define LINUX_IPV6 1
| #define IPV6_MINHOPCOUNT 73
| #define HAVE_STRLCAT 1
| #define HAVE_STRLCPY 1
| #define HAVE_GETGROUPLIST 1
| #define HAVE_GETLOADAVG 1
| #define HAVE_OPENAT 1
| #define HAVE_UNLINKAT 1
| #define HAVE_POSIX_FALLOCATE 1
| #define HAVE_SENDMMSG 1
| #define HAVE_EXPLICIT_BZERO 1
| #define HAVE_STRUCT_MMSGHDR_MSG_HDR 1
| #define HAVE_PROTOBUF 1
| #define HAVE_PROTOBUF_VERSION_3 1
| #define VTYSH 1
| #define HAVE_RL_CLEAR_VISIBLE_LINE 1
| #define HAVE_APPEND_HISTORY 1
| #define HAVE_PPOLL 1
| #define HAVE_PPOLL 1
| #define HAVE_EPOLL_PWAIT 1
| #define USE_EPOLL 1
| #define HAVE_NETNS 1
| #define HAVE_SETNS 1
| #define ISIS_METHOD_PFPACKET 1
| #define ISIS_METHOD_DLPI 2
| #define ISIS_METHOD_BPF 3
| #define ISIS_METHOD ISIS_METHOD_PFPACKET
| #define HAVE_STRUCT_IP_MREQN_IMR_IFINDEX 1
| #define HAVE_LINUX_MROUTE_H 1
| #define HAVE_LINUX_MROUTE6_H 1
| #define HAVE_RFC3678 1
| /* end confdefs.h.  */
| #ifdef SUNOS_5
| #define _POSIX_C_SOURCE 200809L
| #define __EXTENSIONS__
| #endif
| #include <stdio.h>
| #include <stdlib.h>
| #include <stddef.h>
| #include <sys/types.h>
| #include <sys/param.h>
| /* Required for MAXSIG */
| #include <signal.h>
| #include <sys/socket.h>
| #include <netinet/in.h>
| #include <sys/time.h>
| #include <time.h>
| #include <net/if.h>
| 
| 
| #include <sys/un.h>
| #include <netinet/in_systm.h>
| #ifdef HAVE_NETINET_IN_VAR_H
| # include <netinet/in_var.h>
| #endif
| #ifndef __linux__
| # include <net/if_dl.h>
| #endif
| #include <net/route.h>
| #include <arpa/inet.h>
| /* Required for IDRP */
| #ifdef HAVE_NETINET_IP_ICMP_H
| # include <netinet/ip_icmp.h>
| #endif
| 
| #ifdef HAVE_LINUX_MROUTE_H
| # include <linux/mroute.h>
| #endif
| 
| #ifdef HAVE_NETINET_IP_MROUTE_H
| # include <netinet/ip_mroute.h>
| #endif
| 
| #ifdef HAVE_NETINET_IP6_MROUTE_H
| # include <netinet6/ip6_mroute.h>
| #endif
| 
| 
| #include <net/if_media.h>
configure:29256: result: no
configure:29366: checking for struct if_data.ifi_link_state
configure:29366: gcc -c  -g -O2  conftest.c >&5
conftest.c: In function 'main':
conftest.c:148:23: error: storage size of 'ac_aggr' isn't known
  148 | static struct if_data ac_aggr;
      |                       ^~~~~~~
configure:29366: $? = 1
configure: failed program was:
| /* confdefs.h */
| #define PACKAGE_NAME "frr"
| #define PACKAGE_TARNAME "frr"
| #define PACKAGE_VERSION "10.7.0-dev"
| #define PACKAGE_STRING "frr 10.7.0-dev"
| #define PACKAGE_BUGREPORT "https://github.com/frrouting/frr/issues"
| #define PACKAGE_URL ""
| #define PACKAGE "frr"
| #define VERSION "10.7.0-dev"
| #define VICI_SOCKET "/var/run/charon.vici"
| #define HAVE_STDIO_H 1
| #define HAVE_STDLIB_H 1
| #define HAVE_STRING_H 1
| #define HAVE_INTTYPES_H 1
| #define HAVE_STDINT_H 1
| #define HAVE_STRINGS_H 1
| #define HAVE_SYS_STAT_H 1
| #define HAVE_SYS_TYPES_H 1
| #define HAVE_UNISTD_H 1
| #define HAVE_WCHAR_H 1
| #define STDC_HEADERS 1
| #define _ALL_SOURCE 1
| #define _DARWIN_C_SOURCE 1
| #define _GNU_SOURCE 1
| #define _HPUX_ALT_XOPEN_SOCKET_API 1
| #define _NETBSD_SOURCE 1
| #define _OPENBSD_SOURCE 1
| #define _POSIX_PTHREAD_SEMANTICS 1
| #define __STDC_WANT_IEC_60559_ATTRIBS_EXT__ 1
| #define __STDC_WANT_IEC_60559_BFP_EXT__ 1
| #define __STDC_WANT_IEC_60559_DFP_EXT__ 1
| #define __STDC_WANT_IEC_60559_FUNCS_EXT__ 1
| #define __STDC_WANT_IEC_60559_TYPES_EXT__ 1
| #define __STDC_WANT_LIB_EXT2__ 1
| #define __STDC_WANT_MATH_SPEC_FUNCS__ 1
| #define _TANDEM_SOURCE 1
| #define __EXTENSIONS__ 1
| #define HAVE_PTHREAD_PRIO_INHERIT 1
| #define HAVE_PTHREAD_SETNAME_NP 1
| #define HAVE_DLFCN_H 1
| #define LT_OBJDIR ".libs/"
| #define CRYPTO_INTERNAL 1
| #define HAVE_JSON_C_JSON_H 1
| #define NETLINK_DEBUG 1
| #define DFLT_NAME "traditional"
| #define HAVE_LIBELF 1
| #define HAVE_ELF_GETDATA_RAWCHUNK 1
| #define HAVE_GELF_GETNOTE 1
| #define FRR_USER "frr"
| #define FRR_GROUP "frr"
| #define VTY_GROUP "frrvty"
| #define CONFIGFILE_MASK 0640
| #define LOGFILE_MASK 0640
| #define MULTIPATH_NUM 64
| #define LOG_TIMESTAMP_PRECISION 0
| #define VTYSH_PAGER "more"
| #define GIT_VERSION 1
| #define INTERP "/lib64/ld-linux-x86-64.so.2"
| #define HAVE_ASM_TYPES_H 1
| #define HAVE_STDATOMIC_H 1
| #define HAVE_SYNC_LINUX_FUTEX /**/
| #define HAVE_NETINET_IP_ICMP_H 1
| #define HAVE_UCONTEXT_H 1
| #define HAVE_UCONTEXT_T_UC_MCONTEXT_GREGS 1
| #define GNU_LINUX 1
| #define HAVE_NETLINK 1
| #define LINUX_IPV6 1
| #define IPV6_MINHOPCOUNT 73
| #define HAVE_STRLCAT 1
| #define HAVE_STRLCPY 1
| #define HAVE_GETGROUPLIST 1
| #define HAVE_GETLOADAVG 1
| #define HAVE_OPENAT 1
| #define HAVE_UNLINKAT 1
| #define HAVE_POSIX_FALLOCATE 1
| #define HAVE_SENDMMSG 1
| #define HAVE_EXPLICIT_BZERO 1
| #define HAVE_STRUCT_MMSGHDR_MSG_HDR 1
| #define HAVE_PROTOBUF 1
| #define HAVE_PROTOBUF_VERSION_3 1
| #define VTYSH 1
| #define HAVE_RL_CLEAR_VISIBLE_LINE 1
| #define HAVE_APPEND_HISTORY 1
| #define HAVE_PPOLL 1
| #define HAVE_PPOLL 1
| #define HAVE_EPOLL_PWAIT 1
| #define USE_EPOLL 1
| #define HAVE_NETNS 1
| #define HAVE_SETNS 1
| #define ISIS_METHOD_PFPACKET 1
| #define ISIS_METHOD_DLPI 2
| #define ISIS_METHOD_BPF 3
| #define ISIS_METHOD ISIS_METHOD_PFPACKET
| #define HAVE_STRUCT_IP_MREQN_IMR_IFINDEX 1
| #define HAVE_LINUX_MROUTE_H 1
| #define HAVE_LINUX_MROUTE6_H 1
| #define HAVE_RFC3678 1
| /* end confdefs.h.  */
| #ifdef SUNOS_5
| #define _POSIX_C_SOURCE 200809L
| #define __EXTENSIONS__
| #endif
| #include <stdio.h>
| #include <stdlib.h>
| #include <stddef.h>
| #include <sys/types.h>
| #include <sys/param.h>
| /* Required for MAXSIG */
| #include <signal.h>
| #include <sys/socket.h>
| #include <netinet/in.h>
| #include <sys/time.h>
| #include <time.h>
| #include <net/if.h>
| 
| 
| #include <sys/un.h>
| #include <netinet/in_systm.h>
| #ifdef HAVE_NETINET_IN_VAR_H
| # include <netinet/in_var.h>
| #endif
| #ifndef __linux__
| # include <net/if_dl.h>
| #endif
| #include <net/route.h>
| #include <arpa/inet.h>
| /* Required for IDRP */
| #ifdef HAVE_NETINET_IP_ICMP_H
| # include <netinet/ip_icmp.h>
| #endif
| 
| #ifdef HAVE_LINUX_MROUTE_H
| # include <linux/mroute.h>
| #endif
| 
| #ifdef HAVE_NETINET_IP_MROUTE_H
| # include <netinet/ip_mroute.h>
| #endif
| 
| #ifdef HAVE_NETINET_IP6_MROUTE_H
| # include <netinet6/ip6_mroute.h>
| #endif
| 
| 
| int
| main (void)
| {
| static struct if_data ac_aggr;
| if (ac_aggr.ifi_link_state)
| return 0;
|   ;
|   return 0;
| }
configure:29366: gcc -c  -g -O2  conftest.c >&5
conftest.c: In function 'main':
conftest.c:148:23: error: storage size of 'ac_aggr' isn't known
  148 | static struct if_data ac_aggr;
      |                       ^~~~~~~
configure:29366: $? = 1
configure: failed program was:
| /* confdefs.h */
| #define PACKAGE_NAME "frr"
| #define PACKAGE_TARNAME "frr"
| #define PACKAGE_VERSION "10.7.0-dev"
| #define PACKAGE_STRING "frr 10.7.0-dev"
| #define PACKAGE_BUGREPORT "https://github.com/frrouting/frr/issues"
| #define PACKAGE_URL ""
| #define PACKAGE "frr"
| #define VERSION "10.7.0-dev"
| #define VICI_SOCKET "/var/run/charon.vici"
| #define HAVE_STDIO_H 1
| #define HAVE_STDLIB_H 1
| #define HAVE_STRING_H 1
| #define HAVE_INTTYPES_H 1
| #define HAVE_STDINT_H 1
| #define HAVE_STRINGS_H 1
| #define HAVE_SYS_STAT_H 1
| #define HAVE_SYS_TYPES_H 1
| #define HAVE_UNISTD_H 1
| #define HAVE_WCHAR_H 1
| #define STDC_HEADERS 1
| #define _ALL_SOURCE 1
| #define _DARWIN_C_SOURCE 1
| #define _GNU_SOURCE 1
| #define _HPUX_ALT_XOPEN_SOCKET_API 1
| #define _NETBSD_SOURCE 1
| #define _OPENBSD_SOURCE 1
| #define _POSIX_PTHREAD_SEMANTICS 1
| #define __STDC_WANT_IEC_60559_ATTRIBS_EXT__ 1
| #define __STDC_WANT_IEC_60559_BFP_EXT__ 1
| #define __STDC_WANT_IEC_60559_DFP_EXT__ 1
| #define __STDC_WANT_IEC_60559_FUNCS_EXT__ 1
| #define __STDC_WANT_IEC_60559_TYPES_EXT__ 1
| #define __STDC_WANT_LIB_EXT2__ 1
| #define __STDC_WANT_MATH_SPEC_FUNCS__ 1
| #define _TANDEM_SOURCE 1
| #define __EXTENSIONS__ 1
| #define HAVE_PTHREAD_PRIO_INHERIT 1
| #define HAVE_PTHREAD_SETNAME_NP 1
| #define HAVE_DLFCN_H 1
| #define LT_OBJDIR ".libs/"
| #define CRYPTO_INTERNAL 1
| #define HAVE_JSON_C_JSON_H 1
| #define NETLINK_DEBUG 1
| #define DFLT_NAME "traditional"
| #define HAVE_LIBELF 1
| #define HAVE_ELF_GETDATA_RAWCHUNK 1
| #define HAVE_GELF_GETNOTE 1
| #define FRR_USER "frr"
| #define FRR_GROUP "frr"
| #define VTY_GROUP "frrvty"
| #define CONFIGFILE_MASK 0640
| #define LOGFILE_MASK 0640
| #define MULTIPATH_NUM 64
| #define LOG_TIMESTAMP_PRECISION 0
| #define VTYSH_PAGER "more"
| #define GIT_VERSION 1
| #define INTERP "/lib64/ld-linux-x86-64.so.2"
| #define HAVE_ASM_TYPES_H 1
| #define HAVE_STDATOMIC_H 1
| #define HAVE_SYNC_LINUX_FUTEX /**/
| #define HAVE_NETINET_IP_ICMP_H 1
| #define HAVE_UCONTEXT_H 1
| #define HAVE_UCONTEXT_T_UC_MCONTEXT_GREGS 1
| #define GNU_LINUX 1
| #define HAVE_NETLINK 1
| #define LINUX_IPV6 1
| #define IPV6_MINHOPCOUNT 73
| #define HAVE_STRLCAT 1
| #define HAVE_STRLCPY 1
| #define HAVE_GETGROUPLIST 1
| #define HAVE_GETLOADAVG 1
| #define HAVE_OPENAT 1
| #define HAVE_UNLINKAT 1
| #define HAVE_POSIX_FALLOCATE 1
| #define HAVE_SENDMMSG 1
| #define HAVE_EXPLICIT_BZERO 1
| #define HAVE_STRUCT_MMSGHDR_MSG_HDR 1
| #define HAVE_PROTOBUF 1
| #define HAVE_PROTOBUF_VERSION_3 1
| #define VTYSH 1
| #define HAVE_RL_CLEAR_VISIBLE_LINE 1
| #define HAVE_APPEND_HISTORY 1
| #define HAVE_PPOLL 1
| #define HAVE_PPOLL 1
| #define HAVE_EPOLL_PWAIT 1
| #define USE_EPOLL 1
| #define HAVE_NETNS 1
| #define HAVE_SETNS 1
| #define ISIS_METHOD_PFPACKET 1
| #define ISIS_METHOD_DLPI 2
| #define ISIS_METHOD_BPF 3
| #define ISIS_METHOD ISIS_METHOD_PFPACKET
| #define HAVE_STRUCT_IP_MREQN_IMR_IFINDEX 1
| #define HAVE_LINUX_MROUTE_H 1
| #define HAVE_LINUX_MROUTE6_H 1
| #define HAVE_RFC3678 1
| /* end confdefs.h.  */
| #ifdef SUNOS_5
| #define _POSIX_C_SOURCE 200809L
| #define __EXTENSIONS__
| #endif
| #include <stdio.h>
| #include <stdlib.h>
| #include <stddef.h>
| #include <sys/types.h>
| #include <sys/param.h>
| /* Required for MAXSIG */
| #include <signal.h>
| #include <sys/socket.h>
| #include <netinet/in.h>
| #include <sys/time.h>
| #include <time.h>
| #include <net/if.h>
| 
| 
| #include <sys/un.h>
| #include <netinet/in_systm.h>
| #ifdef HAVE_NETINET_IN_VAR_H
| # include <netinet/in_var.h>
| #endif
| #ifndef __linux__
| # include <net/if_dl.h>
| #endif
| #include <net/route.h>
| #include <arpa/inet.h>
| /* Required for IDRP */
| #ifdef HAVE_NETINET_IP_ICMP_H
| # include <netinet/ip_icmp.h>
| #endif
| 
| #ifdef HAVE_LINUX_MROUTE_H
| # include <linux/mroute.h>
| #endif
| 
| #ifdef HAVE_NETINET_IP_MROUTE_H
| # include <netinet/ip_mroute.h>
| #endif
| 
| #ifdef HAVE_NETINET_IP6_MROUTE_H
| # include <netinet6/ip6_mroute.h>
| #endif
| 
| 
| int
| main (void)
| {
| static struct if_data ac_aggr;
| if (sizeof ac_aggr.ifi_link_state)
| return 0;
|   ;
|   return 0;
| }
configure:29366: result: no
configure:29424: checking for netinet/tcp.h
configure:29424: gcc -c  -g -O2  conftest.c >&5
configure:29424: $? = 0
configure:29424: result: yes
configure:29473: checking whether TCP_MD5SIG is declared
configure:29473: gcc -c  -g -O2   conftest.c >&5
configure:29473: $? = 0
configure:29473: result: yes
configure:29597: checking for crypt in -lcrypt
configure:29620: gcc -o conftest  -g -O2   -g conftest.c -lcrypt    -ljson-c -latomic >&5
configure:29620: $? = 0
configure:29630: result: yes
configure:29693: checking for res_init in -lresolv
configure:29716: gcc -o conftest  -g -O2   -g conftest.c -lresolv    -ljson-c -latomic >&5
/usr/bin/ld: /tmp/ccVGbLvA.o: in function `main':
/home/alfroy/my_own_frr/conftest.c:109:(.text.startup+0xb): undefined reference to `res_init'
collect2: error: ld returned 1 exit status
configure:29716: $? = 1
configure: failed program was:
| /* confdefs.h */
| #define PACKAGE_NAME "frr"
| #define PACKAGE_TARNAME "frr"
| #define PACKAGE_VERSION "10.7.0-dev"
| #define PACKAGE_STRING "frr 10.7.0-dev"
| #define PACKAGE_BUGREPORT "https://github.com/frrouting/frr/issues"
| #define PACKAGE_URL ""
| #define PACKAGE "frr"
| #define VERSION "10.7.0-dev"
| #define VICI_SOCKET "/var/run/charon.vici"
| #define HAVE_STDIO_H 1
| #define HAVE_STDLIB_H 1
| #define HAVE_STRING_H 1
| #define HAVE_INTTYPES_H 1
| #define HAVE_STDINT_H 1
| #define HAVE_STRINGS_H 1
| #define HAVE_SYS_STAT_H 1
| #define HAVE_SYS_TYPES_H 1
| #define HAVE_UNISTD_H 1
| #define HAVE_WCHAR_H 1
| #define STDC_HEADERS 1
| #define _ALL_SOURCE 1
| #define _DARWIN_C_SOURCE 1
| #define _GNU_SOURCE 1
| #define _HPUX_ALT_XOPEN_SOCKET_API 1
| #define _NETBSD_SOURCE 1
| #define _OPENBSD_SOURCE 1
| #define _POSIX_PTHREAD_SEMANTICS 1
| #define __STDC_WANT_IEC_60559_ATTRIBS_EXT__ 1
| #define __STDC_WANT_IEC_60559_BFP_EXT__ 1
| #define __STDC_WANT_IEC_60559_DFP_EXT__ 1
| #define __STDC_WANT_IEC_60559_FUNCS_EXT__ 1
| #define __STDC_WANT_IEC_60559_TYPES_EXT__ 1
| #define __STDC_WANT_LIB_EXT2__ 1
| #define __STDC_WANT_MATH_SPEC_FUNCS__ 1
| #define _TANDEM_SOURCE 1
| #define __EXTENSIONS__ 1
| #define HAVE_PTHREAD_PRIO_INHERIT 1
| #define HAVE_PTHREAD_SETNAME_NP 1
| #define HAVE_DLFCN_H 1
| #define LT_OBJDIR ".libs/"
| #define CRYPTO_INTERNAL 1
| #define HAVE_JSON_C_JSON_H 1
| #define NETLINK_DEBUG 1
| #define DFLT_NAME "traditional"
| #define HAVE_LIBELF 1
| #define HAVE_ELF_GETDATA_RAWCHUNK 1
| #define HAVE_GELF_GETNOTE 1
| #define FRR_USER "frr"
| #define FRR_GROUP "frr"
| #define VTY_GROUP "frrvty"
| #define CONFIGFILE_MASK 0640
| #define LOGFILE_MASK 0640
| #define MULTIPATH_NUM 64
| #define LOG_TIMESTAMP_PRECISION 0
| #define VTYSH_PAGER "more"
| #define GIT_VERSION 1
| #define INTERP "/lib64/ld-linux-x86-64.so.2"
| #define HAVE_ASM_TYPES_H 1
| #define HAVE_STDATOMIC_H 1
| #define HAVE_SYNC_LINUX_FUTEX /**/
| #define HAVE_NETINET_IP_ICMP_H 1
| #define HAVE_UCONTEXT_H 1
| #define HAVE_UCONTEXT_T_UC_MCONTEXT_GREGS 1
| #define GNU_LINUX 1
| #define HAVE_NETLINK 1
| #define LINUX_IPV6 1
| #define IPV6_MINHOPCOUNT 73
| #define HAVE_STRLCAT 1
| #define HAVE_STRLCPY 1
| #define HAVE_GETGROUPLIST 1
| #define HAVE_GETLOADAVG 1
| #define HAVE_OPENAT 1
| #define HAVE_UNLINKAT 1
| #define HAVE_POSIX_FALLOCATE 1
| #define HAVE_SENDMMSG 1
| #define HAVE_EXPLICIT_BZERO 1
| #define HAVE_STRUCT_MMSGHDR_MSG_HDR 1
| #define HAVE_PROTOBUF 1
| #define HAVE_PROTOBUF_VERSION_3 1
| #define VTYSH 1
| #define HAVE_RL_CLEAR_VISIBLE_LINE 1
| #define HAVE_APPEND_HISTORY 1
| #define HAVE_PPOLL 1
| #define HAVE_PPOLL 1
| #define HAVE_EPOLL_PWAIT 1
| #define USE_EPOLL 1
| #define HAVE_NETNS 1
| #define HAVE_SETNS 1
| #define ISIS_METHOD_PFPACKET 1
| #define ISIS_METHOD_DLPI 2
| #define ISIS_METHOD_BPF 3
| #define ISIS_METHOD ISIS_METHOD_PFPACKET
| #define HAVE_STRUCT_IP_MREQN_IMR_IFINDEX 1
| #define HAVE_LINUX_MROUTE_H 1
| #define HAVE_LINUX_MROUTE6_H 1
| #define HAVE_RFC3678 1
| #define HAVE_DECL_TCP_MD5SIG 1
| #define HAVE_LIBCRYPT 1
| /* end confdefs.h.  */
| 
| /* Override any GCC internal prototype to avoid an error.
|    Use char because int might match the return type of a GCC
|    builtin and then its argument prototype would still apply.  */
| char res_init ();
| int
| main (void)
| {
| return res_init ();
|   ;
|   return 0;
| }
configure:29726: result: no
configure:29843: checking for CARES (libcares)
configure:29850: $PKG_CONFIG --exists --print-errors "libcares"
configure:29853: $? = 0
configure:29867: $PKG_CONFIG --exists --print-errors "libcares"
configure:29870: $? = 0
configure:29912: result: yes
configure:29928: checking for struct utsname.domainname
configure:29928: gcc -c  -g -O2  conftest.c >&5
configure:29928: $? = 0
configure:29928: result: yes
configure:29939: checking for netinet6/nd6.h
configure:29939: gcc -c  -g -O2  conftest.c >&5
conftest.c:148:10: fatal error: netinet6/nd6.h: No such file or directory
  148 | #include <netinet6/nd6.h>
      |          ^~~~~~~~~~~~~~~~
compilation terminated.
configure:29939: $? = 1
configure: failed program was:
| /* confdefs.h */
| #define PACKAGE_NAME "frr"
| #define PACKAGE_TARNAME "frr"
| #define PACKAGE_VERSION "10.7.0-dev"
| #define PACKAGE_STRING "frr 10.7.0-dev"
| #define PACKAGE_BUGREPORT "https://github.com/frrouting/frr/issues"
| #define PACKAGE_URL ""
| #define PACKAGE "frr"
| #define VERSION "10.7.0-dev"
| #define VICI_SOCKET "/var/run/charon.vici"
| #define HAVE_STDIO_H 1
| #define HAVE_STDLIB_H 1
| #define HAVE_STRING_H 1
| #define HAVE_INTTYPES_H 1
| #define HAVE_STDINT_H 1
| #define HAVE_STRINGS_H 1
| #define HAVE_SYS_STAT_H 1
| #define HAVE_SYS_TYPES_H 1
| #define HAVE_UNISTD_H 1
| #define HAVE_WCHAR_H 1
| #define STDC_HEADERS 1
| #define _ALL_SOURCE 1
| #define _DARWIN_C_SOURCE 1
| #define _GNU_SOURCE 1
| #define _HPUX_ALT_XOPEN_SOCKET_API 1
| #define _NETBSD_SOURCE 1
| #define _OPENBSD_SOURCE 1
| #define _POSIX_PTHREAD_SEMANTICS 1
| #define __STDC_WANT_IEC_60559_ATTRIBS_EXT__ 1
| #define __STDC_WANT_IEC_60559_BFP_EXT__ 1
| #define __STDC_WANT_IEC_60559_DFP_EXT__ 1
| #define __STDC_WANT_IEC_60559_FUNCS_EXT__ 1
| #define __STDC_WANT_IEC_60559_TYPES_EXT__ 1
| #define __STDC_WANT_LIB_EXT2__ 1
| #define __STDC_WANT_MATH_SPEC_FUNCS__ 1
| #define _TANDEM_SOURCE 1
| #define __EXTENSIONS__ 1
| #define HAVE_PTHREAD_PRIO_INHERIT 1
| #define HAVE_PTHREAD_SETNAME_NP 1
| #define HAVE_DLFCN_H 1
| #define LT_OBJDIR ".libs/"
| #define CRYPTO_INTERNAL 1
| #define HAVE_JSON_C_JSON_H 1
| #define NETLINK_DEBUG 1
| #define DFLT_NAME "traditional"
| #define HAVE_LIBELF 1
| #define HAVE_ELF_GETDATA_RAWCHUNK 1
| #define HAVE_GELF_GETNOTE 1
| #define FRR_USER "frr"
| #define FRR_GROUP "frr"
| #define VTY_GROUP "frrvty"
| #define CONFIGFILE_MASK 0640
| #define LOGFILE_MASK 0640
| #define MULTIPATH_NUM 64
| #define LOG_TIMESTAMP_PRECISION 0
| #define VTYSH_PAGER "more"
| #define GIT_VERSION 1
| #define INTERP "/lib64/ld-linux-x86-64.so.2"
| #define HAVE_ASM_TYPES_H 1
| #define HAVE_STDATOMIC_H 1
| #define HAVE_SYNC_LINUX_FUTEX /**/
| #define HAVE_NETINET_IP_ICMP_H 1
| #define HAVE_UCONTEXT_H 1
| #define HAVE_UCONTEXT_T_UC_MCONTEXT_GREGS 1
| #define GNU_LINUX 1
| #define HAVE_NETLINK 1
| #define LINUX_IPV6 1
| #define IPV6_MINHOPCOUNT 73
| #define HAVE_STRLCAT 1
| #define HAVE_STRLCPY 1
| #define HAVE_GETGROUPLIST 1
| #define HAVE_GETLOADAVG 1
| #define HAVE_OPENAT 1
| #define HAVE_UNLINKAT 1
| #define HAVE_POSIX_FALLOCATE 1
| #define HAVE_SENDMMSG 1
| #define HAVE_EXPLICIT_BZERO 1
| #define HAVE_STRUCT_MMSGHDR_MSG_HDR 1
| #define HAVE_PROTOBUF 1
| #define HAVE_PROTOBUF_VERSION_3 1
| #define VTYSH 1
| #define HAVE_RL_CLEAR_VISIBLE_LINE 1
| #define HAVE_APPEND_HISTORY 1
| #define HAVE_PPOLL 1
| #define HAVE_PPOLL 1
| #define HAVE_EPOLL_PWAIT 1
| #define USE_EPOLL 1
| #define HAVE_NETNS 1
| #define HAVE_SETNS 1
| #define ISIS_METHOD_PFPACKET 1
| #define ISIS_METHOD_DLPI 2
| #define ISIS_METHOD_BPF 3
| #define ISIS_METHOD ISIS_METHOD_PFPACKET
| #define HAVE_STRUCT_IP_MREQN_IMR_IFINDEX 1
| #define HAVE_LINUX_MROUTE_H 1
| #define HAVE_LINUX_MROUTE6_H 1
| #define HAVE_RFC3678 1
| #define HAVE_DECL_TCP_MD5SIG 1
| #define HAVE_LIBCRYPT 1
| #define HAVE_STRUCT_UTSNAME_DOMAINNAME 1
| /* end confdefs.h.  */
| #ifdef SUNOS_5
| #define _POSIX_C_SOURCE 200809L
| #define __EXTENSIONS__
| #endif
| #include <stdio.h>
| #include <stdlib.h>
| #include <stddef.h>
| #include <sys/types.h>
| #include <sys/param.h>
| /* Required for MAXSIG */
| #include <signal.h>
| #include <sys/socket.h>
| #include <netinet/in.h>
| #include <sys/time.h>
| #include <time.h>
| #include <net/if.h>
| 
| 
| #include <sys/un.h>
| #include <netinet/in_systm.h>
| #ifdef HAVE_NETINET_IN_VAR_H
| # include <netinet/in_var.h>
| #endif
| #ifndef __linux__
| # include <net/if_dl.h>
| #endif
| #include <net/route.h>
| #include <arpa/inet.h>
| /* Required for IDRP */
| #ifdef HAVE_NETINET_IP_ICMP_H
| # include <netinet/ip_icmp.h>
| #endif
| 
| #ifdef HAVE_LINUX_MROUTE_H
| # include <linux/mroute.h>
| #endif
| 
| #ifdef HAVE_NETINET_IP_MROUTE_H
| # include <netinet/ip_mroute.h>
| #endif
| 
| #ifdef HAVE_NETINET_IP6_MROUTE_H
| # include <netinet6/ip6_mroute.h>
| #endif
| 
| 
| #include <netinet6/nd6.h>
configure:29939: result: no
configure:30303: checking for SNMP (netsnmp-agent)
configure:30310: $PKG_CONFIG --exists --print-errors "netsnmp-agent"
configure:30313: $? = 0
configure:30327: $PKG_CONFIG --exists --print-errors "netsnmp-agent"
configure:30330: $? = 0
configure:30730: result: yes
configure:30745: checking for LIBYANG (libyang >= 2.1.128)
configure:30752: $PKG_CONFIG --exists --print-errors "libyang >= 2.1.128"
configure:30755: $? = 0
configure:30769: $PKG_CONFIG --exists --print-errors "libyang >= 2.1.128"
configure:30772: $? = 0
configure:30812: result: yes
configure:30827: checking for struct lyd_node.priv
configure:30827: gcc -c  -g -O2   conftest.c >&5
configure:30827: $? = 0
configure:30827: result: yes
configure:30840: checking for lyd_find_xpath3 in -lyang
configure:30863: gcc -o conftest  -g -O2    -g conftest.c -lyang    -ljson-c -latomic >&5
configure:30863: $? = 0
configure:30873: result: yes
configure:30885: checking for ly_strerrcode
configure:30885: gcc -o conftest  -g -O2    -g conftest.c -lyang   -ljson-c -latomic >&5
configure:30885: $? = 0
configure:30885: result: yes
configure:30891: checking for ly_strvecode
configure:30891: gcc -o conftest  -g -O2    -g conftest.c -lyang   -ljson-c -latomic >&5
configure:30891: $? = 0
configure:30891: result: yes
configure:30897: checking for lyd_trim_xpath
configure:30897: gcc -o conftest  -g -O2    -g conftest.c -lyang   -ljson-c -latomic >&5
/usr/bin/ld: /tmp/ccr0tSfB.o: in function `main':
/home/alfroy/my_own_frr/conftest.c:157:(.text.startup+0xb): undefined reference to `lyd_trim_xpath'
collect2: error: ld returned 1 exit status
configure:30897: $? = 1
configure: failed program was:
| /* confdefs.h */
| #define PACKAGE_NAME "frr"
| #define PACKAGE_TARNAME "frr"
| #define PACKAGE_VERSION "10.7.0-dev"
| #define PACKAGE_STRING "frr 10.7.0-dev"
| #define PACKAGE_BUGREPORT "https://github.com/frrouting/frr/issues"
| #define PACKAGE_URL ""
| #define PACKAGE "frr"
| #define VERSION "10.7.0-dev"
| #define VICI_SOCKET "/var/run/charon.vici"
| #define HAVE_STDIO_H 1
| #define HAVE_STDLIB_H 1
| #define HAVE_STRING_H 1
| #define HAVE_INTTYPES_H 1
| #define HAVE_STDINT_H 1
| #define HAVE_STRINGS_H 1
| #define HAVE_SYS_STAT_H 1
| #define HAVE_SYS_TYPES_H 1
| #define HAVE_UNISTD_H 1
| #define HAVE_WCHAR_H 1
| #define STDC_HEADERS 1
| #define _ALL_SOURCE 1
| #define _DARWIN_C_SOURCE 1
| #define _GNU_SOURCE 1
| #define _HPUX_ALT_XOPEN_SOCKET_API 1
| #define _NETBSD_SOURCE 1
| #define _OPENBSD_SOURCE 1
| #define _POSIX_PTHREAD_SEMANTICS 1
| #define __STDC_WANT_IEC_60559_ATTRIBS_EXT__ 1
| #define __STDC_WANT_IEC_60559_BFP_EXT__ 1
| #define __STDC_WANT_IEC_60559_DFP_EXT__ 1
| #define __STDC_WANT_IEC_60559_FUNCS_EXT__ 1
| #define __STDC_WANT_IEC_60559_TYPES_EXT__ 1
| #define __STDC_WANT_LIB_EXT2__ 1
| #define __STDC_WANT_MATH_SPEC_FUNCS__ 1
| #define _TANDEM_SOURCE 1
| #define __EXTENSIONS__ 1
| #define HAVE_PTHREAD_PRIO_INHERIT 1
| #define HAVE_PTHREAD_SETNAME_NP 1
| #define HAVE_DLFCN_H 1
| #define LT_OBJDIR ".libs/"
| #define CRYPTO_INTERNAL 1
| #define HAVE_JSON_C_JSON_H 1
| #define NETLINK_DEBUG 1
| #define DFLT_NAME "traditional"
| #define HAVE_LIBELF 1
| #define HAVE_ELF_GETDATA_RAWCHUNK 1
| #define HAVE_GELF_GETNOTE 1
| #define FRR_USER "frr"
| #define FRR_GROUP "frr"
| #define VTY_GROUP "frrvty"
| #define CONFIGFILE_MASK 0640
| #define LOGFILE_MASK 0640
| #define MULTIPATH_NUM 64
| #define LOG_TIMESTAMP_PRECISION 0
| #define VTYSH_PAGER "more"
| #define GIT_VERSION 1
| #define INTERP "/lib64/ld-linux-x86-64.so.2"
| #define HAVE_ASM_TYPES_H 1
| #define HAVE_STDATOMIC_H 1
| #define HAVE_SYNC_LINUX_FUTEX /**/
| #define HAVE_NETINET_IP_ICMP_H 1
| #define HAVE_UCONTEXT_H 1
| #define HAVE_UCONTEXT_T_UC_MCONTEXT_GREGS 1
| #define GNU_LINUX 1
| #define HAVE_NETLINK 1
| #define LINUX_IPV6 1
| #define IPV6_MINHOPCOUNT 73
| #define HAVE_STRLCAT 1
| #define HAVE_STRLCPY 1
| #define HAVE_GETGROUPLIST 1
| #define HAVE_GETLOADAVG 1
| #define HAVE_OPENAT 1
| #define HAVE_UNLINKAT 1
| #define HAVE_POSIX_FALLOCATE 1
| #define HAVE_SENDMMSG 1
| #define HAVE_EXPLICIT_BZERO 1
| #define HAVE_STRUCT_MMSGHDR_MSG_HDR 1
| #define HAVE_PROTOBUF 1
| #define HAVE_PROTOBUF_VERSION_3 1
| #define VTYSH 1
| #define HAVE_RL_CLEAR_VISIBLE_LINE 1
| #define HAVE_APPEND_HISTORY 1
| #define HAVE_PPOLL 1
| #define HAVE_PPOLL 1
| #define HAVE_EPOLL_PWAIT 1
| #define USE_EPOLL 1
| #define HAVE_NETNS 1
| #define HAVE_SETNS 1
| #define ISIS_METHOD_PFPACKET 1
| #define ISIS_METHOD_DLPI 2
| #define ISIS_METHOD_BPF 3
| #define ISIS_METHOD ISIS_METHOD_PFPACKET
| #define HAVE_STRUCT_IP_MREQN_IMR_IFINDEX 1
| #define HAVE_LINUX_MROUTE_H 1
| #define HAVE_LINUX_MROUTE6_H 1
| #define HAVE_RFC3678 1
| #define HAVE_DECL_TCP_MD5SIG 1
| #define HAVE_LIBCRYPT 1
| #define HAVE_STRUCT_UTSNAME_DOMAINNAME 1
| #define HAVE_BGPD 1
| #define HAVE_MGMTD 1
| #define HAVE_RIPD 1
| #define HAVE_RIPNGD 1
| #define HAVE_OSPFD 1
| #define HAVE_OSPF6D 1
| #define HAVE_LDPD 1
| #define HAVE_NHRPD 1
| #define HAVE_EIGRPD 1
| #define HAVE_BABELD 1
| #define HAVE_ISISD 1
| #define HAVE_PIMD 1
| #define HAVE_PIM6D 1
| #define HAVE_PBRD 1
| #define HAVE_STATICD 1
| #define HAVE_FABRICD 1
| #define HAVE_VRRPD 1
| #define HAVE_BFDD 1
| #define BFD_LINUX 1
| #define HAVE_PATHD 1
| #define SUPPORT_OSPF_API 1
| #define DISABLE_BGP_ANNOUNCE 0
| #define ENABLE_BGP_VNC 1
| #define ENABLE_VERSION_BUILD_CONFIG 1
| #define SNMP_AGENTX 1
| #define HAVE_LIBYANG 1
| #define HAVE_LY_STRERRCODE 1
| #define HAVE_LY_STRVECODE 1
| /* end confdefs.h.  */
| /* Define lyd_trim_xpath to an innocuous variant, in case <limits.h> declares lyd_trim_xpath.
|    For example, HP-UX 11i <limits.h> declares gettimeofday.  */
| #define lyd_trim_xpath innocuous_lyd_trim_xpath
| 
| /* System header to define __stub macros and hopefully few prototypes,
|    which can conflict with char lyd_trim_xpath (); below.  */
| 
| #include <limits.h>
| #undef lyd_trim_xpath
| 
| /* Override any GCC internal prototype to avoid an error.
|    Use char because int might match the return type of a GCC
|    builtin and then its argument prototype would still apply.  */
| #ifdef __cplusplus
| extern "C"
| #endif
| char lyd_trim_xpath ();
| /* The GNU C library defines this for functions which it implements
|     to always fail with ENOSYS.  Some functions are actually named
|     something starting with __ and the normal name is an alias.  */
| #if defined __stub_lyd_trim_xpath || defined __stub___lyd_trim_xpath
| choke me
| #endif
| 
| int
| main (void)
| {
| return lyd_trim_xpath ();
|   ;
|   return 0;
| }
configure:30897: result: no
configure:31418: checking for ZEROMQ (libzmq >= 4.0.0)
configure:31425: $PKG_CONFIG --exists --print-errors "libzmq >= 4.0.0"
Package libzmq was not found in the pkg-config search path.
Perhaps you should add the directory containing `libzmq.pc'
to the PKG_CONFIG_PATH environment variable
Package 'libzmq', required by 'virtual:world', not found
configure:31428: $? = 1
configure:31442: $PKG_CONFIG --exists --print-errors "libzmq >= 4.0.0"
Package libzmq was not found in the pkg-config search path.
Perhaps you should add the directory containing `libzmq.pc'
to the PKG_CONFIG_PATH environment variable
Package 'libzmq', required by 'virtual:world', not found
configure:31445: $? = 1
configure:31459: result: no
Package 'libzmq', required by 'virtual:world', not found
configure:31581: checking for pimd OS support
configure:31595: result: yes
configure:31602: checking for pim6d OS support
configure:31606: result: yes
configure:31618: checking for VRRP OS support
configure:31622: result: yes
configure:31633: checking whether the RTR Library is compiled with SSH
configure:31646: gcc -o conftest  -g -O2   -g conftest.c -lyang   -ljson-c -latomic >&5
conftest.c:130:10: fatal error: rtrlib/rtrlib.h: No such file or directory
  130 | #include "rtrlib/rtrlib.h"
      |          ^~~~~~~~~~~~~~~~~
compilation terminated.
configure:31646: $? = 1
configure: failed program was:
| /* confdefs.h */
| #define PACKAGE_NAME "frr"
| #define PACKAGE_TARNAME "frr"
| #define PACKAGE_VERSION "10.7.0-dev"
| #define PACKAGE_STRING "frr 10.7.0-dev"
| #define PACKAGE_BUGREPORT "https://github.com/frrouting/frr/issues"
| #define PACKAGE_URL ""
| #define PACKAGE "frr"
| #define VERSION "10.7.0-dev"
| #define VICI_SOCKET "/var/run/charon.vici"
| #define HAVE_STDIO_H 1
| #define HAVE_STDLIB_H 1
| #define HAVE_STRING_H 1
| #define HAVE_INTTYPES_H 1
| #define HAVE_STDINT_H 1
| #define HAVE_STRINGS_H 1
| #define HAVE_SYS_STAT_H 1
| #define HAVE_SYS_TYPES_H 1
| #define HAVE_UNISTD_H 1
| #define HAVE_WCHAR_H 1
| #define STDC_HEADERS 1
| #define _ALL_SOURCE 1
| #define _DARWIN_C_SOURCE 1
| #define _GNU_SOURCE 1
| #define _HPUX_ALT_XOPEN_SOCKET_API 1
| #define _NETBSD_SOURCE 1
| #define _OPENBSD_SOURCE 1
| #define _POSIX_PTHREAD_SEMANTICS 1
| #define __STDC_WANT_IEC_60559_ATTRIBS_EXT__ 1
| #define __STDC_WANT_IEC_60559_BFP_EXT__ 1
| #define __STDC_WANT_IEC_60559_DFP_EXT__ 1
| #define __STDC_WANT_IEC_60559_FUNCS_EXT__ 1
| #define __STDC_WANT_IEC_60559_TYPES_EXT__ 1
| #define __STDC_WANT_LIB_EXT2__ 1
| #define __STDC_WANT_MATH_SPEC_FUNCS__ 1
| #define _TANDEM_SOURCE 1
| #define __EXTENSIONS__ 1
| #define HAVE_PTHREAD_PRIO_INHERIT 1
| #define HAVE_PTHREAD_SETNAME_NP 1
| #define HAVE_DLFCN_H 1
| #define LT_OBJDIR ".libs/"
| #define CRYPTO_INTERNAL 1
| #define HAVE_JSON_C_JSON_H 1
| #define NETLINK_DEBUG 1
| #define DFLT_NAME "traditional"
| #define HAVE_LIBELF 1
| #define HAVE_ELF_GETDATA_RAWCHUNK 1
| #define HAVE_GELF_GETNOTE 1
| #define FRR_USER "frr"
| #define FRR_GROUP "frr"
| #define VTY_GROUP "frrvty"
| #define CONFIGFILE_MASK 0640
| #define LOGFILE_MASK 0640
| #define MULTIPATH_NUM 64
| #define LOG_TIMESTAMP_PRECISION 0
| #define VTYSH_PAGER "more"
| #define GIT_VERSION 1
| #define INTERP "/lib64/ld-linux-x86-64.so.2"
| #define HAVE_ASM_TYPES_H 1
| #define HAVE_STDATOMIC_H 1
| #define HAVE_SYNC_LINUX_FUTEX /**/
| #define HAVE_NETINET_IP_ICMP_H 1
| #define HAVE_UCONTEXT_H 1
| #define HAVE_UCONTEXT_T_UC_MCONTEXT_GREGS 1
| #define GNU_LINUX 1
| #define HAVE_NETLINK 1
| #define LINUX_IPV6 1
| #define IPV6_MINHOPCOUNT 73
| #define HAVE_STRLCAT 1
| #define HAVE_STRLCPY 1
| #define HAVE_GETGROUPLIST 1
| #define HAVE_GETLOADAVG 1
| #define HAVE_OPENAT 1
| #define HAVE_UNLINKAT 1
| #define HAVE_POSIX_FALLOCATE 1
| #define HAVE_SENDMMSG 1
| #define HAVE_EXPLICIT_BZERO 1
| #define HAVE_STRUCT_MMSGHDR_MSG_HDR 1
| #define HAVE_PROTOBUF 1
| #define HAVE_PROTOBUF_VERSION_3 1
| #define VTYSH 1
| #define HAVE_RL_CLEAR_VISIBLE_LINE 1
| #define HAVE_APPEND_HISTORY 1
| #define HAVE_PPOLL 1
| #define HAVE_PPOLL 1
| #define HAVE_EPOLL_PWAIT 1
| #define USE_EPOLL 1
| #define HAVE_NETNS 1
| #define HAVE_SETNS 1
| #define ISIS_METHOD_PFPACKET 1
| #define ISIS_METHOD_DLPI 2
| #define ISIS_METHOD_BPF 3
| #define ISIS_METHOD ISIS_METHOD_PFPACKET
| #define HAVE_STRUCT_IP_MREQN_IMR_IFINDEX 1
| #define HAVE_LINUX_MROUTE_H 1
| #define HAVE_LINUX_MROUTE6_H 1
| #define HAVE_RFC3678 1
| #define HAVE_DECL_TCP_MD5SIG 1
| #define HAVE_LIBCRYPT 1
| #define HAVE_STRUCT_UTSNAME_DOMAINNAME 1
| #define HAVE_BGPD 1
| #define HAVE_MGMTD 1
| #define HAVE_RIPD 1
| #define HAVE_RIPNGD 1
| #define HAVE_OSPFD 1
| #define HAVE_OSPF6D 1
| #define HAVE_LDPD 1
| #define HAVE_NHRPD 1
| #define HAVE_EIGRPD 1
| #define HAVE_BABELD 1
| #define HAVE_ISISD 1
| #define HAVE_PIMD 1
| #define HAVE_PIM6D 1
| #define HAVE_PBRD 1
| #define HAVE_STATICD 1
| #define HAVE_FABRICD 1
| #define HAVE_VRRPD 1
| #define HAVE_BFDD 1
| #define BFD_LINUX 1
| #define HAVE_PATHD 1
| #define SUPPORT_OSPF_API 1
| #define DISABLE_BGP_ANNOUNCE 0
| #define ENABLE_BGP_VNC 1
| #define ENABLE_VERSION_BUILD_CONFIG 1
| #define SNMP_AGENTX 1
| #define HAVE_LIBYANG 1
| #define HAVE_LY_STRERRCODE 1
| #define HAVE_LY_STRVECODE 1
| /* end confdefs.h.  */
| #include "rtrlib/rtrlib.h"
| int
| main (void)
| {
| struct tr_ssh_config config;
|   ;
|   return 0;
| }
configure:31654: result: no
configure:31662: checking for library containing dlopen
configure:31692: gcc -o conftest  -g -O2   -g conftest.c -lyang   -ljson-c -latomic >&5
configure:31692: $? = 0
configure:31712: result: none required
configure:31726: checking for link.h
configure:31726: gcc -c  -g -O2  conftest.c >&5
configure:31726: $? = 0
configure:31726: result: yes
configure:31734: checking for dlinfo(RTLD_DI_ORIGIN)
configure:31761: gcc -o conftest  -g -O2   -g conftest.c -lyang   -ljson-c -latomic >&5
conftest.c: In function 'main':
conftest.c:143:3: warning: argument 1 null where non-null expected [-Wnonnull]
  143 |   dlinfo (NULL, RTLD_DI_ORIGIN, &origin);
      |   ^~~~~~
In file included from /usr/include/link.h:25,
                 from conftest.c:134:
/usr/include/dlfcn.h:123:12: note: in a call to function 'dlinfo' declared 'nonnull'
  123 | extern int dlinfo (void *__restrict __handle,
      |            ^~~~~~
configure:31761: $? = 0
configure:31775: result: yes
configure:31783: checking for dlinfo(RTLD_DI_LINKMAP)
configure:31810: gcc -o conftest  -g -O2   -g conftest.c -lyang   -ljson-c -latomic >&5
conftest.c: In function 'main':
conftest.c:144:3: warning: argument 1 null where non-null expected [-Wnonnull]
  144 |   dlinfo (NULL, RTLD_DI_LINKMAP, &lm);
      |   ^~~~~~
In file included from /usr/include/link.h:25,
                 from conftest.c:135:
/usr/include/dlfcn.h:123:12: note: in a call to function 'dlinfo' declared 'nonnull'
  123 | extern int dlinfo (void *__restrict __handle,
      |            ^~~~~~
configure:31810: $? = 0
configure:31824: result: yes
configure:31841: checking for struct sockaddr_dl
configure:31841: gcc -c  -g -O2  conftest.c >&5
conftest.c: In function 'main':
conftest.c:187:13: error: invalid application of 'sizeof' to incomplete type 'struct sockaddr_dl'
  187 | if (sizeof (struct sockaddr_dl))
      |             ^~~~~~
configure:31841: $? = 1
configure: failed program was:
| /* confdefs.h */
| #define PACKAGE_NAME "frr"
| #define PACKAGE_TARNAME "frr"
| #define PACKAGE_VERSION "10.7.0-dev"
| #define PACKAGE_STRING "frr 10.7.0-dev"
| #define PACKAGE_BUGREPORT "https://github.com/frrouting/frr/issues"
| #define PACKAGE_URL ""
| #define PACKAGE "frr"
| #define VERSION "10.7.0-dev"
| #define VICI_SOCKET "/var/run/charon.vici"
| #define HAVE_STDIO_H 1
| #define HAVE_STDLIB_H 1
| #define HAVE_STRING_H 1
| #define HAVE_INTTYPES_H 1
| #define HAVE_STDINT_H 1
| #define HAVE_STRINGS_H 1
| #define HAVE_SYS_STAT_H 1
| #define HAVE_SYS_TYPES_H 1
| #define HAVE_UNISTD_H 1
| #define HAVE_WCHAR_H 1
| #define STDC_HEADERS 1
| #define _ALL_SOURCE 1
| #define _DARWIN_C_SOURCE 1
| #define _GNU_SOURCE 1
| #define _HPUX_ALT_XOPEN_SOCKET_API 1
| #define _NETBSD_SOURCE 1
| #define _OPENBSD_SOURCE 1
| #define _POSIX_PTHREAD_SEMANTICS 1
| #define __STDC_WANT_IEC_60559_ATTRIBS_EXT__ 1
| #define __STDC_WANT_IEC_60559_BFP_EXT__ 1
| #define __STDC_WANT_IEC_60559_DFP_EXT__ 1
| #define __STDC_WANT_IEC_60559_FUNCS_EXT__ 1
| #define __STDC_WANT_IEC_60559_TYPES_EXT__ 1
| #define __STDC_WANT_LIB_EXT2__ 1
| #define __STDC_WANT_MATH_SPEC_FUNCS__ 1
| #define _TANDEM_SOURCE 1
| #define __EXTENSIONS__ 1
| #define HAVE_PTHREAD_PRIO_INHERIT 1
| #define HAVE_PTHREAD_SETNAME_NP 1
| #define HAVE_DLFCN_H 1
| #define LT_OBJDIR ".libs/"
| #define CRYPTO_INTERNAL 1
| #define HAVE_JSON_C_JSON_H 1
| #define NETLINK_DEBUG 1
| #define DFLT_NAME "traditional"
| #define HAVE_LIBELF 1
| #define HAVE_ELF_GETDATA_RAWCHUNK 1
| #define HAVE_GELF_GETNOTE 1
| #define FRR_USER "frr"
| #define FRR_GROUP "frr"
| #define VTY_GROUP "frrvty"
| #define CONFIGFILE_MASK 0640
| #define LOGFILE_MASK 0640
| #define MULTIPATH_NUM 64
| #define LOG_TIMESTAMP_PRECISION 0
| #define VTYSH_PAGER "more"
| #define GIT_VERSION 1
| #define INTERP "/lib64/ld-linux-x86-64.so.2"
| #define HAVE_ASM_TYPES_H 1
| #define HAVE_STDATOMIC_H 1
| #define HAVE_SYNC_LINUX_FUTEX /**/
| #define HAVE_NETINET_IP_ICMP_H 1
| #define HAVE_UCONTEXT_H 1
| #define HAVE_UCONTEXT_T_UC_MCONTEXT_GREGS 1
| #define GNU_LINUX 1
| #define HAVE_NETLINK 1
| #define LINUX_IPV6 1
| #define IPV6_MINHOPCOUNT 73
| #define HAVE_STRLCAT 1
| #define HAVE_STRLCPY 1
| #define HAVE_GETGROUPLIST 1
| #define HAVE_GETLOADAVG 1
| #define HAVE_OPENAT 1
| #define HAVE_UNLINKAT 1
| #define HAVE_POSIX_FALLOCATE 1
| #define HAVE_SENDMMSG 1
| #define HAVE_EXPLICIT_BZERO 1
| #define HAVE_STRUCT_MMSGHDR_MSG_HDR 1
| #define HAVE_PROTOBUF 1
| #define HAVE_PROTOBUF_VERSION_3 1
| #define VTYSH 1
| #define HAVE_RL_CLEAR_VISIBLE_LINE 1
| #define HAVE_APPEND_HISTORY 1
| #define HAVE_PPOLL 1
| #define HAVE_PPOLL 1
| #define HAVE_EPOLL_PWAIT 1
| #define USE_EPOLL 1
| #define HAVE_NETNS 1
| #define HAVE_SETNS 1
| #define ISIS_METHOD_PFPACKET 1
| #define ISIS_METHOD_DLPI 2
| #define ISIS_METHOD_BPF 3
| #define ISIS_METHOD ISIS_METHOD_PFPACKET
| #define HAVE_STRUCT_IP_MREQN_IMR_IFINDEX 1
| #define HAVE_LINUX_MROUTE_H 1
| #define HAVE_LINUX_MROUTE6_H 1
| #define HAVE_RFC3678 1
| #define HAVE_DECL_TCP_MD5SIG 1
| #define HAVE_LIBCRYPT 1
| #define HAVE_STRUCT_UTSNAME_DOMAINNAME 1
| #define HAVE_BGPD 1
| #define HAVE_MGMTD 1
| #define HAVE_RIPD 1
| #define HAVE_RIPNGD 1
| #define HAVE_OSPFD 1
| #define HAVE_OSPF6D 1
| #define HAVE_LDPD 1
| #define HAVE_NHRPD 1
| #define HAVE_EIGRPD 1
| #define HAVE_BABELD 1
| #define HAVE_ISISD 1
| #define HAVE_PIMD 1
| #define HAVE_PIM6D 1
| #define HAVE_PBRD 1
| #define HAVE_STATICD 1
| #define HAVE_FABRICD 1
| #define HAVE_VRRPD 1
| #define HAVE_BFDD 1
| #define BFD_LINUX 1
| #define HAVE_PATHD 1
| #define SUPPORT_OSPF_API 1
| #define DISABLE_BGP_ANNOUNCE 0
| #define ENABLE_BGP_VNC 1
| #define ENABLE_VERSION_BUILD_CONFIG 1
| #define SNMP_AGENTX 1
| #define HAVE_LIBYANG 1
| #define HAVE_LY_STRERRCODE 1
| #define HAVE_LY_STRVECODE 1
| #define HAVE_LINK_H 1
| #define HAVE_DLINFO_ORIGIN 1
| #define HAVE_DLINFO_LINKMAP 1
| /* end confdefs.h.  */
| #ifdef SUNOS_5
| #define _POSIX_C_SOURCE 200809L
| #define __EXTENSIONS__
| #endif
| #include <stdio.h>
| #include <stdlib.h>
| #include <stddef.h>
| #include <sys/types.h>
| #include <sys/param.h>
| /* Required for MAXSIG */
| #include <signal.h>
| #include <sys/socket.h>
| #include <netinet/in.h>
| #include <sys/time.h>
| #include <time.h>
| #include <net/if.h>
| 
| 
| #include <sys/un.h>
| #include <netinet/in_systm.h>
| #ifdef HAVE_NETINET_IN_VAR_H
| # include <netinet/in_var.h>
| #endif
| #ifndef __linux__
| # include <net/if_dl.h>
| #endif
| #include <net/route.h>
| #include <arpa/inet.h>
| /* Required for IDRP */
| #ifdef HAVE_NETINET_IP_ICMP_H
| # include <netinet/ip_icmp.h>
| #endif
| 
| #ifdef HAVE_LINUX_MROUTE_H
| # include <linux/mroute.h>
| #endif
| 
| #ifdef HAVE_NETINET_IP_MROUTE_H
| # include <netinet/ip_mroute.h>
| #endif
| 
| #ifdef HAVE_NETINET_IP6_MROUTE_H
| # include <netinet6/ip6_mroute.h>
| #endif
| 
| #include <netinet/icmp6.h>
| #ifdef HAVE_NETINET6_ND6_H
| # include <netinet6/nd6.h>
| #endif
| 
| 
| int
| main (void)
| {
| if (sizeof (struct sockaddr_dl))
| 	 return 0;
|   ;
|   return 0;
| }
configure:31841: result: no
configure:31899: checking for struct vifctl
configure:31899: gcc -c  -g -O2  conftest.c >&5
configure:31899: $? = 0
configure:31899: gcc -c  -g -O2  conftest.c >&5
conftest.c: In function 'main':
conftest.c:187:28: error: expected expression before ')' token
  187 | if (sizeof ((struct vifctl)))
      |                            ^
configure:31899: $? = 1
configure: failed program was:
| /* confdefs.h */
| #define PACKAGE_NAME "frr"
| #define PACKAGE_TARNAME "frr"
| #define PACKAGE_VERSION "10.7.0-dev"
| #define PACKAGE_STRING "frr 10.7.0-dev"
| #define PACKAGE_BUGREPORT "https://github.com/frrouting/frr/issues"
| #define PACKAGE_URL ""
| #define PACKAGE "frr"
| #define VERSION "10.7.0-dev"
| #define VICI_SOCKET "/var/run/charon.vici"
| #define HAVE_STDIO_H 1
| #define HAVE_STDLIB_H 1
| #define HAVE_STRING_H 1
| #define HAVE_INTTYPES_H 1
| #define HAVE_STDINT_H 1
| #define HAVE_STRINGS_H 1
| #define HAVE_SYS_STAT_H 1
| #define HAVE_SYS_TYPES_H 1
| #define HAVE_UNISTD_H 1
| #define HAVE_WCHAR_H 1
| #define STDC_HEADERS 1
| #define _ALL_SOURCE 1
| #define _DARWIN_C_SOURCE 1
| #define _GNU_SOURCE 1
| #define _HPUX_ALT_XOPEN_SOCKET_API 1
| #define _NETBSD_SOURCE 1
| #define _OPENBSD_SOURCE 1
| #define _POSIX_PTHREAD_SEMANTICS 1
| #define __STDC_WANT_IEC_60559_ATTRIBS_EXT__ 1
| #define __STDC_WANT_IEC_60559_BFP_EXT__ 1
| #define __STDC_WANT_IEC_60559_DFP_EXT__ 1
| #define __STDC_WANT_IEC_60559_FUNCS_EXT__ 1
| #define __STDC_WANT_IEC_60559_TYPES_EXT__ 1
| #define __STDC_WANT_LIB_EXT2__ 1
| #define __STDC_WANT_MATH_SPEC_FUNCS__ 1
| #define _TANDEM_SOURCE 1
| #define __EXTENSIONS__ 1
| #define HAVE_PTHREAD_PRIO_INHERIT 1
| #define HAVE_PTHREAD_SETNAME_NP 1
| #define HAVE_DLFCN_H 1
| #define LT_OBJDIR ".libs/"
| #define CRYPTO_INTERNAL 1
| #define HAVE_JSON_C_JSON_H 1
| #define NETLINK_DEBUG 1
| #define DFLT_NAME "traditional"
| #define HAVE_LIBELF 1
| #define HAVE_ELF_GETDATA_RAWCHUNK 1
| #define HAVE_GELF_GETNOTE 1
| #define FRR_USER "frr"
| #define FRR_GROUP "frr"
| #define VTY_GROUP "frrvty"
| #define CONFIGFILE_MASK 0640
| #define LOGFILE_MASK 0640
| #define MULTIPATH_NUM 64
| #define LOG_TIMESTAMP_PRECISION 0
| #define VTYSH_PAGER "more"
| #define GIT_VERSION 1
| #define INTERP "/lib64/ld-linux-x86-64.so.2"
| #define HAVE_ASM_TYPES_H 1
| #define HAVE_STDATOMIC_H 1
| #define HAVE_SYNC_LINUX_FUTEX /**/
| #define HAVE_NETINET_IP_ICMP_H 1
| #define HAVE_UCONTEXT_H 1
| #define HAVE_UCONTEXT_T_UC_MCONTEXT_GREGS 1
| #define GNU_LINUX 1
| #define HAVE_NETLINK 1
| #define LINUX_IPV6 1
| #define IPV6_MINHOPCOUNT 73
| #define HAVE_STRLCAT 1
| #define HAVE_STRLCPY 1
| #define HAVE_GETGROUPLIST 1
| #define HAVE_GETLOADAVG 1
| #define HAVE_OPENAT 1
| #define HAVE_UNLINKAT 1
| #define HAVE_POSIX_FALLOCATE 1
| #define HAVE_SENDMMSG 1
| #define HAVE_EXPLICIT_BZERO 1
| #define HAVE_STRUCT_MMSGHDR_MSG_HDR 1
| #define HAVE_PROTOBUF 1
| #define HAVE_PROTOBUF_VERSION_3 1
| #define VTYSH 1
| #define HAVE_RL_CLEAR_VISIBLE_LINE 1
| #define HAVE_APPEND_HISTORY 1
| #define HAVE_PPOLL 1
| #define HAVE_PPOLL 1
| #define HAVE_EPOLL_PWAIT 1
| #define USE_EPOLL 1
| #define HAVE_NETNS 1
| #define HAVE_SETNS 1
| #define ISIS_METHOD_PFPACKET 1
| #define ISIS_METHOD_DLPI 2
| #define ISIS_METHOD_BPF 3
| #define ISIS_METHOD ISIS_METHOD_PFPACKET
| #define HAVE_STRUCT_IP_MREQN_IMR_IFINDEX 1
| #define HAVE_LINUX_MROUTE_H 1
| #define HAVE_LINUX_MROUTE6_H 1
| #define HAVE_RFC3678 1
| #define HAVE_DECL_TCP_MD5SIG 1
| #define HAVE_LIBCRYPT 1
| #define HAVE_STRUCT_UTSNAME_DOMAINNAME 1
| #define HAVE_BGPD 1
| #define HAVE_MGMTD 1
| #define HAVE_RIPD 1
| #define HAVE_RIPNGD 1
| #define HAVE_OSPFD 1
| #define HAVE_OSPF6D 1
| #define HAVE_LDPD 1
| #define HAVE_NHRPD 1
| #define HAVE_EIGRPD 1
| #define HAVE_BABELD 1
| #define HAVE_ISISD 1
| #define HAVE_PIMD 1
| #define HAVE_PIM6D 1
| #define HAVE_PBRD 1
| #define HAVE_STATICD 1
| #define HAVE_FABRICD 1
| #define HAVE_VRRPD 1
| #define HAVE_BFDD 1
| #define BFD_LINUX 1
| #define HAVE_PATHD 1
| #define SUPPORT_OSPF_API 1
| #define DISABLE_BGP_ANNOUNCE 0
| #define ENABLE_BGP_VNC 1
| #define ENABLE_VERSION_BUILD_CONFIG 1
| #define SNMP_AGENTX 1
| #define HAVE_LIBYANG 1
| #define HAVE_LY_STRERRCODE 1
| #define HAVE_LY_STRVECODE 1
| #define HAVE_LINK_H 1
| #define HAVE_DLINFO_ORIGIN 1
| #define HAVE_DLINFO_LINKMAP 1
| /* end confdefs.h.  */
| #ifdef SUNOS_5
| #define _POSIX_C_SOURCE 200809L
| #define __EXTENSIONS__
| #endif
| #include <stdio.h>
| #include <stdlib.h>
| #include <stddef.h>
| #include <sys/types.h>
| #include <sys/param.h>
| /* Required for MAXSIG */
| #include <signal.h>
| #include <sys/socket.h>
| #include <netinet/in.h>
| #include <sys/time.h>
| #include <time.h>
| #include <net/if.h>
| 
| 
| #include <sys/un.h>
| #include <netinet/in_systm.h>
| #ifdef HAVE_NETINET_IN_VAR_H
| # include <netinet/in_var.h>
| #endif
| #ifndef __linux__
| # include <net/if_dl.h>
| #endif
| #include <net/route.h>
| #include <arpa/inet.h>
| /* Required for IDRP */
| #ifdef HAVE_NETINET_IP_ICMP_H
| # include <netinet/ip_icmp.h>
| #endif
| 
| #ifdef HAVE_LINUX_MROUTE_H
| # include <linux/mroute.h>
| #endif
| 
| #ifdef HAVE_NETINET_IP_MROUTE_H
| # include <netinet/ip_mroute.h>
| #endif
| 
| #ifdef HAVE_NETINET_IP6_MROUTE_H
| # include <netinet6/ip6_mroute.h>
| #endif
| 
| #include <netinet/icmp6.h>
| #ifdef HAVE_NETINET6_ND6_H
| # include <netinet6/nd6.h>
| #endif
| 
| 
| int
| main (void)
| {
| if (sizeof ((struct vifctl)))
| 	    return 0;
|   ;
|   return 0;
| }
configure:31899: result: yes
configure:31957: checking for struct mfcctl
configure:31957: gcc -c  -g -O2  conftest.c >&5
configure:31957: $? = 0
configure:31957: gcc -c  -g -O2  conftest.c >&5
conftest.c: In function 'main':
conftest.c:188:28: error: expected expression before ')' token
  188 | if (sizeof ((struct mfcctl)))
      |                            ^
configure:31957: $? = 1
configure: failed program was:
| /* confdefs.h */
| #define PACKAGE_NAME "frr"
| #define PACKAGE_TARNAME "frr"
| #define PACKAGE_VERSION "10.7.0-dev"
| #define PACKAGE_STRING "frr 10.7.0-dev"
| #define PACKAGE_BUGREPORT "https://github.com/frrouting/frr/issues"
| #define PACKAGE_URL ""
| #define PACKAGE "frr"
| #define VERSION "10.7.0-dev"
| #define VICI_SOCKET "/var/run/charon.vici"
| #define HAVE_STDIO_H 1
| #define HAVE_STDLIB_H 1
| #define HAVE_STRING_H 1
| #define HAVE_INTTYPES_H 1
| #define HAVE_STDINT_H 1
| #define HAVE_STRINGS_H 1
| #define HAVE_SYS_STAT_H 1
| #define HAVE_SYS_TYPES_H 1
| #define HAVE_UNISTD_H 1
| #define HAVE_WCHAR_H 1
| #define STDC_HEADERS 1
| #define _ALL_SOURCE 1
| #define _DARWIN_C_SOURCE 1
| #define _GNU_SOURCE 1
| #define _HPUX_ALT_XOPEN_SOCKET_API 1
| #define _NETBSD_SOURCE 1
| #define _OPENBSD_SOURCE 1
| #define _POSIX_PTHREAD_SEMANTICS 1
| #define __STDC_WANT_IEC_60559_ATTRIBS_EXT__ 1
| #define __STDC_WANT_IEC_60559_BFP_EXT__ 1
| #define __STDC_WANT_IEC_60559_DFP_EXT__ 1
| #define __STDC_WANT_IEC_60559_FUNCS_EXT__ 1
| #define __STDC_WANT_IEC_60559_TYPES_EXT__ 1
| #define __STDC_WANT_LIB_EXT2__ 1
| #define __STDC_WANT_MATH_SPEC_FUNCS__ 1
| #define _TANDEM_SOURCE 1
| #define __EXTENSIONS__ 1
| #define HAVE_PTHREAD_PRIO_INHERIT 1
| #define HAVE_PTHREAD_SETNAME_NP 1
| #define HAVE_DLFCN_H 1
| #define LT_OBJDIR ".libs/"
| #define CRYPTO_INTERNAL 1
| #define HAVE_JSON_C_JSON_H 1
| #define NETLINK_DEBUG 1
| #define DFLT_NAME "traditional"
| #define HAVE_LIBELF 1
| #define HAVE_ELF_GETDATA_RAWCHUNK 1
| #define HAVE_GELF_GETNOTE 1
| #define FRR_USER "frr"
| #define FRR_GROUP "frr"
| #define VTY_GROUP "frrvty"
| #define CONFIGFILE_MASK 0640
| #define LOGFILE_MASK 0640
| #define MULTIPATH_NUM 64
| #define LOG_TIMESTAMP_PRECISION 0
| #define VTYSH_PAGER "more"
| #define GIT_VERSION 1
| #define INTERP "/lib64/ld-linux-x86-64.so.2"
| #define HAVE_ASM_TYPES_H 1
| #define HAVE_STDATOMIC_H 1
| #define HAVE_SYNC_LINUX_FUTEX /**/
| #define HAVE_NETINET_IP_ICMP_H 1
| #define HAVE_UCONTEXT_H 1
| #define HAVE_UCONTEXT_T_UC_MCONTEXT_GREGS 1
| #define GNU_LINUX 1
| #define HAVE_NETLINK 1
| #define LINUX_IPV6 1
| #define IPV6_MINHOPCOUNT 73
| #define HAVE_STRLCAT 1
| #define HAVE_STRLCPY 1
| #define HAVE_GETGROUPLIST 1
| #define HAVE_GETLOADAVG 1
| #define HAVE_OPENAT 1
| #define HAVE_UNLINKAT 1
| #define HAVE_POSIX_FALLOCATE 1
| #define HAVE_SENDMMSG 1
| #define HAVE_EXPLICIT_BZERO 1
| #define HAVE_STRUCT_MMSGHDR_MSG_HDR 1
| #define HAVE_PROTOBUF 1
| #define HAVE_PROTOBUF_VERSION_3 1
| #define VTYSH 1
| #define HAVE_RL_CLEAR_VISIBLE_LINE 1
| #define HAVE_APPEND_HISTORY 1
| #define HAVE_PPOLL 1
| #define HAVE_PPOLL 1
| #define HAVE_EPOLL_PWAIT 1
| #define USE_EPOLL 1
| #define HAVE_NETNS 1
| #define HAVE_SETNS 1
| #define ISIS_METHOD_PFPACKET 1
| #define ISIS_METHOD_DLPI 2
| #define ISIS_METHOD_BPF 3
| #define ISIS_METHOD ISIS_METHOD_PFPACKET
| #define HAVE_STRUCT_IP_MREQN_IMR_IFINDEX 1
| #define HAVE_LINUX_MROUTE_H 1
| #define HAVE_LINUX_MROUTE6_H 1
| #define HAVE_RFC3678 1
| #define HAVE_DECL_TCP_MD5SIG 1
| #define HAVE_LIBCRYPT 1
| #define HAVE_STRUCT_UTSNAME_DOMAINNAME 1
| #define HAVE_BGPD 1
| #define HAVE_MGMTD 1
| #define HAVE_RIPD 1
| #define HAVE_RIPNGD 1
| #define HAVE_OSPFD 1
| #define HAVE_OSPF6D 1
| #define HAVE_LDPD 1
| #define HAVE_NHRPD 1
| #define HAVE_EIGRPD 1
| #define HAVE_BABELD 1
| #define HAVE_ISISD 1
| #define HAVE_PIMD 1
| #define HAVE_PIM6D 1
| #define HAVE_PBRD 1
| #define HAVE_STATICD 1
| #define HAVE_FABRICD 1
| #define HAVE_VRRPD 1
| #define HAVE_BFDD 1
| #define BFD_LINUX 1
| #define HAVE_PATHD 1
| #define SUPPORT_OSPF_API 1
| #define DISABLE_BGP_ANNOUNCE 0
| #define ENABLE_BGP_VNC 1
| #define ENABLE_VERSION_BUILD_CONFIG 1
| #define SNMP_AGENTX 1
| #define HAVE_LIBYANG 1
| #define HAVE_LY_STRERRCODE 1
| #define HAVE_LY_STRVECODE 1
| #define HAVE_LINK_H 1
| #define HAVE_DLINFO_ORIGIN 1
| #define HAVE_DLINFO_LINKMAP 1
| #define HAVE_STRUCT_VIFCTL 1
| /* end confdefs.h.  */
| #ifdef SUNOS_5
| #define _POSIX_C_SOURCE 200809L
| #define __EXTENSIONS__
| #endif
| #include <stdio.h>
| #include <stdlib.h>
| #include <stddef.h>
| #include <sys/types.h>
| #include <sys/param.h>
| /* Required for MAXSIG */
| #include <signal.h>
| #include <sys/socket.h>
| #include <netinet/in.h>
| #include <sys/time.h>
| #include <time.h>
| #include <net/if.h>
| 
| 
| #include <sys/un.h>
| #include <netinet/in_systm.h>
| #ifdef HAVE_NETINET_IN_VAR_H
| # include <netinet/in_var.h>
| #endif
| #ifndef __linux__
| # include <net/if_dl.h>
| #endif
| #include <net/route.h>
| #include <arpa/inet.h>
| /* Required for IDRP */
| #ifdef HAVE_NETINET_IP_ICMP_H
| # include <netinet/ip_icmp.h>
| #endif
| 
| #ifdef HAVE_LINUX_MROUTE_H
| # include <linux/mroute.h>
| #endif
| 
| #ifdef HAVE_NETINET_IP_MROUTE_H
| # include <netinet/ip_mroute.h>
| #endif
| 
| #ifdef HAVE_NETINET_IP6_MROUTE_H
| # include <netinet6/ip6_mroute.h>
| #endif
| 
| #include <netinet/icmp6.h>
| #ifdef HAVE_NETINET6_ND6_H
| # include <netinet6/nd6.h>
| #endif
| 
| 
| int
| main (void)
| {
| if (sizeof ((struct mfcctl)))
| 	    return 0;
|   ;
|   return 0;
| }
configure:31957: result: yes
configure:32015: checking for struct sioc_sg_req
configure:32015: gcc -c  -g -O2  conftest.c >&5
configure:32015: $? = 0
configure:32015: gcc -c  -g -O2  conftest.c >&5
conftest.c: In function 'main':
conftest.c:189:33: error: expected expression before ')' token
  189 | if (sizeof ((struct sioc_sg_req)))
      |                                 ^
configure:32015: $? = 1
configure: failed program was:
| /* confdefs.h */
| #define PACKAGE_NAME "frr"
| #define PACKAGE_TARNAME "frr"
| #define PACKAGE_VERSION "10.7.0-dev"
| #define PACKAGE_STRING "frr 10.7.0-dev"
| #define PACKAGE_BUGREPORT "https://github.com/frrouting/frr/issues"
| #define PACKAGE_URL ""
| #define PACKAGE "frr"
| #define VERSION "10.7.0-dev"
| #define VICI_SOCKET "/var/run/charon.vici"
| #define HAVE_STDIO_H 1
| #define HAVE_STDLIB_H 1
| #define HAVE_STRING_H 1
| #define HAVE_INTTYPES_H 1
| #define HAVE_STDINT_H 1
| #define HAVE_STRINGS_H 1
| #define HAVE_SYS_STAT_H 1
| #define HAVE_SYS_TYPES_H 1
| #define HAVE_UNISTD_H 1
| #define HAVE_WCHAR_H 1
| #define STDC_HEADERS 1
| #define _ALL_SOURCE 1
| #define _DARWIN_C_SOURCE 1
| #define _GNU_SOURCE 1
| #define _HPUX_ALT_XOPEN_SOCKET_API 1
| #define _NETBSD_SOURCE 1
| #define _OPENBSD_SOURCE 1
| #define _POSIX_PTHREAD_SEMANTICS 1
| #define __STDC_WANT_IEC_60559_ATTRIBS_EXT__ 1
| #define __STDC_WANT_IEC_60559_BFP_EXT__ 1
| #define __STDC_WANT_IEC_60559_DFP_EXT__ 1
| #define __STDC_WANT_IEC_60559_FUNCS_EXT__ 1
| #define __STDC_WANT_IEC_60559_TYPES_EXT__ 1
| #define __STDC_WANT_LIB_EXT2__ 1
| #define __STDC_WANT_MATH_SPEC_FUNCS__ 1
| #define _TANDEM_SOURCE 1
| #define __EXTENSIONS__ 1
| #define HAVE_PTHREAD_PRIO_INHERIT 1
| #define HAVE_PTHREAD_SETNAME_NP 1
| #define HAVE_DLFCN_H 1
| #define LT_OBJDIR ".libs/"
| #define CRYPTO_INTERNAL 1
| #define HAVE_JSON_C_JSON_H 1
| #define NETLINK_DEBUG 1
| #define DFLT_NAME "traditional"
| #define HAVE_LIBELF 1
| #define HAVE_ELF_GETDATA_RAWCHUNK 1
| #define HAVE_GELF_GETNOTE 1
| #define FRR_USER "frr"
| #define FRR_GROUP "frr"
| #define VTY_GROUP "frrvty"
| #define CONFIGFILE_MASK 0640
| #define LOGFILE_MASK 0640
| #define MULTIPATH_NUM 64
| #define LOG_TIMESTAMP_PRECISION 0
| #define VTYSH_PAGER "more"
| #define GIT_VERSION 1
| #define INTERP "/lib64/ld-linux-x86-64.so.2"
| #define HAVE_ASM_TYPES_H 1
| #define HAVE_STDATOMIC_H 1
| #define HAVE_SYNC_LINUX_FUTEX /**/
| #define HAVE_NETINET_IP_ICMP_H 1
| #define HAVE_UCONTEXT_H 1
| #define HAVE_UCONTEXT_T_UC_MCONTEXT_GREGS 1
| #define GNU_LINUX 1
| #define HAVE_NETLINK 1
| #define LINUX_IPV6 1
| #define IPV6_MINHOPCOUNT 73
| #define HAVE_STRLCAT 1
| #define HAVE_STRLCPY 1
| #define HAVE_GETGROUPLIST 1
| #define HAVE_GETLOADAVG 1
| #define HAVE_OPENAT 1
| #define HAVE_UNLINKAT 1
| #define HAVE_POSIX_FALLOCATE 1
| #define HAVE_SENDMMSG 1
| #define HAVE_EXPLICIT_BZERO 1
| #define HAVE_STRUCT_MMSGHDR_MSG_HDR 1
| #define HAVE_PROTOBUF 1
| #define HAVE_PROTOBUF_VERSION_3 1
| #define VTYSH 1
| #define HAVE_RL_CLEAR_VISIBLE_LINE 1
| #define HAVE_APPEND_HISTORY 1
| #define HAVE_PPOLL 1
| #define HAVE_PPOLL 1
| #define HAVE_EPOLL_PWAIT 1
| #define USE_EPOLL 1
| #define HAVE_NETNS 1
| #define HAVE_SETNS 1
| #define ISIS_METHOD_PFPACKET 1
| #define ISIS_METHOD_DLPI 2
| #define ISIS_METHOD_BPF 3
| #define ISIS_METHOD ISIS_METHOD_PFPACKET
| #define HAVE_STRUCT_IP_MREQN_IMR_IFINDEX 1
| #define HAVE_LINUX_MROUTE_H 1
| #define HAVE_LINUX_MROUTE6_H 1
| #define HAVE_RFC3678 1
| #define HAVE_DECL_TCP_MD5SIG 1
| #define HAVE_LIBCRYPT 1
| #define HAVE_STRUCT_UTSNAME_DOMAINNAME 1
| #define HAVE_BGPD 1
| #define HAVE_MGMTD 1
| #define HAVE_RIPD 1
| #define HAVE_RIPNGD 1
| #define HAVE_OSPFD 1
| #define HAVE_OSPF6D 1
| #define HAVE_LDPD 1
| #define HAVE_NHRPD 1
| #define HAVE_EIGRPD 1
| #define HAVE_BABELD 1
| #define HAVE_ISISD 1
| #define HAVE_PIMD 1
| #define HAVE_PIM6D 1
| #define HAVE_PBRD 1
| #define HAVE_STATICD 1
| #define HAVE_FABRICD 1
| #define HAVE_VRRPD 1
| #define HAVE_BFDD 1
| #define BFD_LINUX 1
| #define HAVE_PATHD 1
| #define SUPPORT_OSPF_API 1
| #define DISABLE_BGP_ANNOUNCE 0
| #define ENABLE_BGP_VNC 1
| #define ENABLE_VERSION_BUILD_CONFIG 1
| #define SNMP_AGENTX 1
| #define HAVE_LIBYANG 1
| #define HAVE_LY_STRERRCODE 1
| #define HAVE_LY_STRVECODE 1
| #define HAVE_LINK_H 1
| #define HAVE_DLINFO_ORIGIN 1
| #define HAVE_DLINFO_LINKMAP 1
| #define HAVE_STRUCT_VIFCTL 1
| #define HAVE_STRUCT_MFCCTL 1
| /* end confdefs.h.  */
| #ifdef SUNOS_5
| #define _POSIX_C_SOURCE 200809L
| #define __EXTENSIONS__
| #endif
| #include <stdio.h>
| #include <stdlib.h>
| #include <stddef.h>
| #include <sys/types.h>
| #include <sys/param.h>
| /* Required for MAXSIG */
| #include <signal.h>
| #include <sys/socket.h>
| #include <netinet/in.h>
| #include <sys/time.h>
| #include <time.h>
| #include <net/if.h>
| 
| 
| #include <sys/un.h>
| #include <netinet/in_systm.h>
| #ifdef HAVE_NETINET_IN_VAR_H
| # include <netinet/in_var.h>
| #endif
| #ifndef __linux__
| # include <net/if_dl.h>
| #endif
| #include <net/route.h>
| #include <arpa/inet.h>
| /* Required for IDRP */
| #ifdef HAVE_NETINET_IP_ICMP_H
| # include <netinet/ip_icmp.h>
| #endif
| 
| #ifdef HAVE_LINUX_MROUTE_H
| # include <linux/mroute.h>
| #endif
| 
| #ifdef HAVE_NETINET_IP_MROUTE_H
| # include <netinet/ip_mroute.h>
| #endif
| 
| #ifdef HAVE_NETINET_IP6_MROUTE_H
| # include <netinet6/ip6_mroute.h>
| #endif
| 
| #include <netinet/icmp6.h>
| #ifdef HAVE_NETINET6_ND6_H
| # include <netinet6/nd6.h>
| #endif
| 
| 
| int
| main (void)
| {
| if (sizeof ((struct sioc_sg_req)))
| 	    return 0;
|   ;
|   return 0;
| }
configure:32015: result: yes
configure:32073: checking for vifi_t
configure:32073: gcc -c  -g -O2  conftest.c >&5
configure:32073: $? = 0
configure:32073: gcc -c  -g -O2  conftest.c >&5
conftest.c: In function 'main':
conftest.c:190:21: error: expected expression before ')' token
  190 | if (sizeof ((vifi_t)))
      |                     ^
configure:32073: $? = 1
configure: failed program was:
| /* confdefs.h */
| #define PACKAGE_NAME "frr"
| #define PACKAGE_TARNAME "frr"
| #define PACKAGE_VERSION "10.7.0-dev"
| #define PACKAGE_STRING "frr 10.7.0-dev"
| #define PACKAGE_BUGREPORT "https://github.com/frrouting/frr/issues"
| #define PACKAGE_URL ""
| #define PACKAGE "frr"
| #define VERSION "10.7.0-dev"
| #define VICI_SOCKET "/var/run/charon.vici"
| #define HAVE_STDIO_H 1
| #define HAVE_STDLIB_H 1
| #define HAVE_STRING_H 1
| #define HAVE_INTTYPES_H 1
| #define HAVE_STDINT_H 1
| #define HAVE_STRINGS_H 1
| #define HAVE_SYS_STAT_H 1
| #define HAVE_SYS_TYPES_H 1
| #define HAVE_UNISTD_H 1
| #define HAVE_WCHAR_H 1
| #define STDC_HEADERS 1
| #define _ALL_SOURCE 1
| #define _DARWIN_C_SOURCE 1
| #define _GNU_SOURCE 1
| #define _HPUX_ALT_XOPEN_SOCKET_API 1
| #define _NETBSD_SOURCE 1
| #define _OPENBSD_SOURCE 1
| #define _POSIX_PTHREAD_SEMANTICS 1
| #define __STDC_WANT_IEC_60559_ATTRIBS_EXT__ 1
| #define __STDC_WANT_IEC_60559_BFP_EXT__ 1
| #define __STDC_WANT_IEC_60559_DFP_EXT__ 1
| #define __STDC_WANT_IEC_60559_FUNCS_EXT__ 1
| #define __STDC_WANT_IEC_60559_TYPES_EXT__ 1
| #define __STDC_WANT_LIB_EXT2__ 1
| #define __STDC_WANT_MATH_SPEC_FUNCS__ 1
| #define _TANDEM_SOURCE 1
| #define __EXTENSIONS__ 1
| #define HAVE_PTHREAD_PRIO_INHERIT 1
| #define HAVE_PTHREAD_SETNAME_NP 1
| #define HAVE_DLFCN_H 1
| #define LT_OBJDIR ".libs/"
| #define CRYPTO_INTERNAL 1
| #define HAVE_JSON_C_JSON_H 1
| #define NETLINK_DEBUG 1
| #define DFLT_NAME "traditional"
| #define HAVE_LIBELF 1
| #define HAVE_ELF_GETDATA_RAWCHUNK 1
| #define HAVE_GELF_GETNOTE 1
| #define FRR_USER "frr"
| #define FRR_GROUP "frr"
| #define VTY_GROUP "frrvty"
| #define CONFIGFILE_MASK 0640
| #define LOGFILE_MASK 0640
| #define MULTIPATH_NUM 64
| #define LOG_TIMESTAMP_PRECISION 0
| #define VTYSH_PAGER "more"
| #define GIT_VERSION 1
| #define INTERP "/lib64/ld-linux-x86-64.so.2"
| #define HAVE_ASM_TYPES_H 1
| #define HAVE_STDATOMIC_H 1
| #define HAVE_SYNC_LINUX_FUTEX /**/
| #define HAVE_NETINET_IP_ICMP_H 1
| #define HAVE_UCONTEXT_H 1
| #define HAVE_UCONTEXT_T_UC_MCONTEXT_GREGS 1
| #define GNU_LINUX 1
| #define HAVE_NETLINK 1
| #define LINUX_IPV6 1
| #define IPV6_MINHOPCOUNT 73
| #define HAVE_STRLCAT 1
| #define HAVE_STRLCPY 1
| #define HAVE_GETGROUPLIST 1
| #define HAVE_GETLOADAVG 1
| #define HAVE_OPENAT 1
| #define HAVE_UNLINKAT 1
| #define HAVE_POSIX_FALLOCATE 1
| #define HAVE_SENDMMSG 1
| #define HAVE_EXPLICIT_BZERO 1
| #define HAVE_STRUCT_MMSGHDR_MSG_HDR 1
| #define HAVE_PROTOBUF 1
| #define HAVE_PROTOBUF_VERSION_3 1
| #define VTYSH 1
| #define HAVE_RL_CLEAR_VISIBLE_LINE 1
| #define HAVE_APPEND_HISTORY 1
| #define HAVE_PPOLL 1
| #define HAVE_PPOLL 1
| #define HAVE_EPOLL_PWAIT 1
| #define USE_EPOLL 1
| #define HAVE_NETNS 1
| #define HAVE_SETNS 1
| #define ISIS_METHOD_PFPACKET 1
| #define ISIS_METHOD_DLPI 2
| #define ISIS_METHOD_BPF 3
| #define ISIS_METHOD ISIS_METHOD_PFPACKET
| #define HAVE_STRUCT_IP_MREQN_IMR_IFINDEX 1
| #define HAVE_LINUX_MROUTE_H 1
| #define HAVE_LINUX_MROUTE6_H 1
| #define HAVE_RFC3678 1
| #define HAVE_DECL_TCP_MD5SIG 1
| #define HAVE_LIBCRYPT 1
| #define HAVE_STRUCT_UTSNAME_DOMAINNAME 1
| #define HAVE_BGPD 1
| #define HAVE_MGMTD 1
| #define HAVE_RIPD 1
| #define HAVE_RIPNGD 1
| #define HAVE_OSPFD 1
| #define HAVE_OSPF6D 1
| #define HAVE_LDPD 1
| #define HAVE_NHRPD 1
| #define HAVE_EIGRPD 1
| #define HAVE_BABELD 1
| #define HAVE_ISISD 1
| #define HAVE_PIMD 1
| #define HAVE_PIM6D 1
| #define HAVE_PBRD 1
| #define HAVE_STATICD 1
| #define HAVE_FABRICD 1
| #define HAVE_VRRPD 1
| #define HAVE_BFDD 1
| #define BFD_LINUX 1
| #define HAVE_PATHD 1
| #define SUPPORT_OSPF_API 1
| #define DISABLE_BGP_ANNOUNCE 0
| #define ENABLE_BGP_VNC 1
| #define ENABLE_VERSION_BUILD_CONFIG 1
| #define SNMP_AGENTX 1
| #define HAVE_LIBYANG 1
| #define HAVE_LY_STRERRCODE 1
| #define HAVE_LY_STRVECODE 1
| #define HAVE_LINK_H 1
| #define HAVE_DLINFO_ORIGIN 1
| #define HAVE_DLINFO_LINKMAP 1
| #define HAVE_STRUCT_VIFCTL 1
| #define HAVE_STRUCT_MFCCTL 1
| #define HAVE_STRUCT_SIOC_SG_REQ 1
| /* end confdefs.h.  */
| #ifdef SUNOS_5
| #define _POSIX_C_SOURCE 200809L
| #define __EXTENSIONS__
| #endif
| #include <stdio.h>
| #include <stdlib.h>
| #include <stddef.h>
| #include <sys/types.h>
| #include <sys/param.h>
| /* Required for MAXSIG */
| #include <signal.h>
| #include <sys/socket.h>
| #include <netinet/in.h>
| #include <sys/time.h>
| #include <time.h>
| #include <net/if.h>
| 
| 
| #include <sys/un.h>
| #include <netinet/in_systm.h>
| #ifdef HAVE_NETINET_IN_VAR_H
| # include <netinet/in_var.h>
| #endif
| #ifndef __linux__
| # include <net/if_dl.h>
| #endif
| #include <net/route.h>
| #include <arpa/inet.h>
| /* Required for IDRP */
| #ifdef HAVE_NETINET_IP_ICMP_H
| # include <netinet/ip_icmp.h>
| #endif
| 
| #ifdef HAVE_LINUX_MROUTE_H
| # include <linux/mroute.h>
| #endif
| 
| #ifdef HAVE_NETINET_IP_MROUTE_H
| # include <netinet/ip_mroute.h>
| #endif
| 
| #ifdef HAVE_NETINET_IP6_MROUTE_H
| # include <netinet6/ip6_mroute.h>
| #endif
| 
| #include <netinet/icmp6.h>
| #ifdef HAVE_NETINET6_ND6_H
| # include <netinet6/nd6.h>
| #endif
| 
| 
| int
| main (void)
| {
| if (sizeof ((vifi_t)))
| 	    return 0;
|   ;
|   return 0;
| }
configure:32073: result: yes
configure:32131: checking for struct sioc_vif_req
configure:32131: gcc -c  -g -O2  conftest.c >&5
configure:32131: $? = 0
configure:32131: gcc -c  -g -O2  conftest.c >&5
conftest.c: In function 'main':
conftest.c:191:34: error: expected expression before ')' token
  191 | if (sizeof ((struct sioc_vif_req)))
      |                                  ^
configure:32131: $? = 1
configure: failed program was:
| /* confdefs.h */
| #define PACKAGE_NAME "frr"
| #define PACKAGE_TARNAME "frr"
| #define PACKAGE_VERSION "10.7.0-dev"
| #define PACKAGE_STRING "frr 10.7.0-dev"
| #define PACKAGE_BUGREPORT "https://github.com/frrouting/frr/issues"
| #define PACKAGE_URL ""
| #define PACKAGE "frr"
| #define VERSION "10.7.0-dev"
| #define VICI_SOCKET "/var/run/charon.vici"
| #define HAVE_STDIO_H 1
| #define HAVE_STDLIB_H 1
| #define HAVE_STRING_H 1
| #define HAVE_INTTYPES_H 1
| #define HAVE_STDINT_H 1
| #define HAVE_STRINGS_H 1
| #define HAVE_SYS_STAT_H 1
| #define HAVE_SYS_TYPES_H 1
| #define HAVE_UNISTD_H 1
| #define HAVE_WCHAR_H 1
| #define STDC_HEADERS 1
| #define _ALL_SOURCE 1
| #define _DARWIN_C_SOURCE 1
| #define _GNU_SOURCE 1
| #define _HPUX_ALT_XOPEN_SOCKET_API 1
| #define _NETBSD_SOURCE 1
| #define _OPENBSD_SOURCE 1
| #define _POSIX_PTHREAD_SEMANTICS 1
| #define __STDC_WANT_IEC_60559_ATTRIBS_EXT__ 1
| #define __STDC_WANT_IEC_60559_BFP_EXT__ 1
| #define __STDC_WANT_IEC_60559_DFP_EXT__ 1
| #define __STDC_WANT_IEC_60559_FUNCS_EXT__ 1
| #define __STDC_WANT_IEC_60559_TYPES_EXT__ 1
| #define __STDC_WANT_LIB_EXT2__ 1
| #define __STDC_WANT_MATH_SPEC_FUNCS__ 1
| #define _TANDEM_SOURCE 1
| #define __EXTENSIONS__ 1
| #define HAVE_PTHREAD_PRIO_INHERIT 1
| #define HAVE_PTHREAD_SETNAME_NP 1
| #define HAVE_DLFCN_H 1
| #define LT_OBJDIR ".libs/"
| #define CRYPTO_INTERNAL 1
| #define HAVE_JSON_C_JSON_H 1
| #define NETLINK_DEBUG 1
| #define DFLT_NAME "traditional"
| #define HAVE_LIBELF 1
| #define HAVE_ELF_GETDATA_RAWCHUNK 1
| #define HAVE_GELF_GETNOTE 1
| #define FRR_USER "frr"
| #define FRR_GROUP "frr"
| #define VTY_GROUP "frrvty"
| #define CONFIGFILE_MASK 0640
| #define LOGFILE_MASK 0640
| #define MULTIPATH_NUM 64
| #define LOG_TIMESTAMP_PRECISION 0
| #define VTYSH_PAGER "more"
| #define GIT_VERSION 1
| #define INTERP "/lib64/ld-linux-x86-64.so.2"
| #define HAVE_ASM_TYPES_H 1
| #define HAVE_STDATOMIC_H 1
| #define HAVE_SYNC_LINUX_FUTEX /**/
| #define HAVE_NETINET_IP_ICMP_H 1
| #define HAVE_UCONTEXT_H 1
| #define HAVE_UCONTEXT_T_UC_MCONTEXT_GREGS 1
| #define GNU_LINUX 1
| #define HAVE_NETLINK 1
| #define LINUX_IPV6 1
| #define IPV6_MINHOPCOUNT 73
| #define HAVE_STRLCAT 1
| #define HAVE_STRLCPY 1
| #define HAVE_GETGROUPLIST 1
| #define HAVE_GETLOADAVG 1
| #define HAVE_OPENAT 1
| #define HAVE_UNLINKAT 1
| #define HAVE_POSIX_FALLOCATE 1
| #define HAVE_SENDMMSG 1
| #define HAVE_EXPLICIT_BZERO 1
| #define HAVE_STRUCT_MMSGHDR_MSG_HDR 1
| #define HAVE_PROTOBUF 1
| #define HAVE_PROTOBUF_VERSION_3 1
| #define VTYSH 1
| #define HAVE_RL_CLEAR_VISIBLE_LINE 1
| #define HAVE_APPEND_HISTORY 1
| #define HAVE_PPOLL 1
| #define HAVE_PPOLL 1
| #define HAVE_EPOLL_PWAIT 1
| #define USE_EPOLL 1
| #define HAVE_NETNS 1
| #define HAVE_SETNS 1
| #define ISIS_METHOD_PFPACKET 1
| #define ISIS_METHOD_DLPI 2
| #define ISIS_METHOD_BPF 3
| #define ISIS_METHOD ISIS_METHOD_PFPACKET
| #define HAVE_STRUCT_IP_MREQN_IMR_IFINDEX 1
| #define HAVE_LINUX_MROUTE_H 1
| #define HAVE_LINUX_MROUTE6_H 1
| #define HAVE_RFC3678 1
| #define HAVE_DECL_TCP_MD5SIG 1
| #define HAVE_LIBCRYPT 1
| #define HAVE_STRUCT_UTSNAME_DOMAINNAME 1
| #define HAVE_BGPD 1
| #define HAVE_MGMTD 1
| #define HAVE_RIPD 1
| #define HAVE_RIPNGD 1
| #define HAVE_OSPFD 1
| #define HAVE_OSPF6D 1
| #define HAVE_LDPD 1
| #define HAVE_NHRPD 1
| #define HAVE_EIGRPD 1
| #define HAVE_BABELD 1
| #define HAVE_ISISD 1
| #define HAVE_PIMD 1
| #define HAVE_PIM6D 1
| #define HAVE_PBRD 1
| #define HAVE_STATICD 1
| #define HAVE_FABRICD 1
| #define HAVE_VRRPD 1
| #define HAVE_BFDD 1
| #define BFD_LINUX 1
| #define HAVE_PATHD 1
| #define SUPPORT_OSPF_API 1
| #define DISABLE_BGP_ANNOUNCE 0
| #define ENABLE_BGP_VNC 1
| #define ENABLE_VERSION_BUILD_CONFIG 1
| #define SNMP_AGENTX 1
| #define HAVE_LIBYANG 1
| #define HAVE_LY_STRERRCODE 1
| #define HAVE_LY_STRVECODE 1
| #define HAVE_LINK_H 1
| #define HAVE_DLINFO_ORIGIN 1
| #define HAVE_DLINFO_LINKMAP 1
| #define HAVE_STRUCT_VIFCTL 1
| #define HAVE_STRUCT_MFCCTL 1
| #define HAVE_STRUCT_SIOC_SG_REQ 1
| #define HAVE_VIFI_T 1
| /* end confdefs.h.  */
| #ifdef SUNOS_5
| #define _POSIX_C_SOURCE 200809L
| #define __EXTENSIONS__
| #endif
| #include <stdio.h>
| #include <stdlib.h>
| #include <stddef.h>
| #include <sys/types.h>
| #include <sys/param.h>
| /* Required for MAXSIG */
| #include <signal.h>
| #include <sys/socket.h>
| #include <netinet/in.h>
| #include <sys/time.h>
| #include <time.h>
| #include <net/if.h>
| 
| 
| #include <sys/un.h>
| #include <netinet/in_systm.h>
| #ifdef HAVE_NETINET_IN_VAR_H
| # include <netinet/in_var.h>
| #endif
| #ifndef __linux__
| # include <net/if_dl.h>
| #endif
| #include <net/route.h>
| #include <arpa/inet.h>
| /* Required for IDRP */
| #ifdef HAVE_NETINET_IP_ICMP_H
| # include <netinet/ip_icmp.h>
| #endif
| 
| #ifdef HAVE_LINUX_MROUTE_H
| # include <linux/mroute.h>
| #endif
| 
| #ifdef HAVE_NETINET_IP_MROUTE_H
| # include <netinet/ip_mroute.h>
| #endif
| 
| #ifdef HAVE_NETINET_IP6_MROUTE_H
| # include <netinet6/ip6_mroute.h>
| #endif
| 
| #include <netinet/icmp6.h>
| #ifdef HAVE_NETINET6_ND6_H
| # include <netinet6/nd6.h>
| #endif
| 
| 
| int
| main (void)
| {
| if (sizeof ((struct sioc_vif_req)))
| 	    return 0;
|   ;
|   return 0;
| }
configure:32131: result: yes
configure:32189: checking for struct igmpmsg
configure:32189: gcc -c  -g -O2  conftest.c >&5
configure:32189: $? = 0
configure:32189: gcc -c  -g -O2  conftest.c >&5
conftest.c: In function 'main':
conftest.c:192:29: error: expected expression before ')' token
  192 | if (sizeof ((struct igmpmsg)))
      |                             ^
configure:32189: $? = 1
configure: failed program was:
| /* confdefs.h */
| #define PACKAGE_NAME "frr"
| #define PACKAGE_TARNAME "frr"
| #define PACKAGE_VERSION "10.7.0-dev"
| #define PACKAGE_STRING "frr 10.7.0-dev"
| #define PACKAGE_BUGREPORT "https://github.com/frrouting/frr/issues"
| #define PACKAGE_URL ""
| #define PACKAGE "frr"
| #define VERSION "10.7.0-dev"
| #define VICI_SOCKET "/var/run/charon.vici"
| #define HAVE_STDIO_H 1
| #define HAVE_STDLIB_H 1
| #define HAVE_STRING_H 1
| #define HAVE_INTTYPES_H 1
| #define HAVE_STDINT_H 1
| #define HAVE_STRINGS_H 1
| #define HAVE_SYS_STAT_H 1
| #define HAVE_SYS_TYPES_H 1
| #define HAVE_UNISTD_H 1
| #define HAVE_WCHAR_H 1
| #define STDC_HEADERS 1
| #define _ALL_SOURCE 1
| #define _DARWIN_C_SOURCE 1
| #define _GNU_SOURCE 1
| #define _HPUX_ALT_XOPEN_SOCKET_API 1
| #define _NETBSD_SOURCE 1
| #define _OPENBSD_SOURCE 1
| #define _POSIX_PTHREAD_SEMANTICS 1
| #define __STDC_WANT_IEC_60559_ATTRIBS_EXT__ 1
| #define __STDC_WANT_IEC_60559_BFP_EXT__ 1
| #define __STDC_WANT_IEC_60559_DFP_EXT__ 1
| #define __STDC_WANT_IEC_60559_FUNCS_EXT__ 1
| #define __STDC_WANT_IEC_60559_TYPES_EXT__ 1
| #define __STDC_WANT_LIB_EXT2__ 1
| #define __STDC_WANT_MATH_SPEC_FUNCS__ 1
| #define _TANDEM_SOURCE 1
| #define __EXTENSIONS__ 1
| #define HAVE_PTHREAD_PRIO_INHERIT 1
| #define HAVE_PTHREAD_SETNAME_NP 1
| #define HAVE_DLFCN_H 1
| #define LT_OBJDIR ".libs/"
| #define CRYPTO_INTERNAL 1
| #define HAVE_JSON_C_JSON_H 1
| #define NETLINK_DEBUG 1
| #define DFLT_NAME "traditional"
| #define HAVE_LIBELF 1
| #define HAVE_ELF_GETDATA_RAWCHUNK 1
| #define HAVE_GELF_GETNOTE 1
| #define FRR_USER "frr"
| #define FRR_GROUP "frr"
| #define VTY_GROUP "frrvty"
| #define CONFIGFILE_MASK 0640
| #define LOGFILE_MASK 0640
| #define MULTIPATH_NUM 64
| #define LOG_TIMESTAMP_PRECISION 0
| #define VTYSH_PAGER "more"
| #define GIT_VERSION 1
| #define INTERP "/lib64/ld-linux-x86-64.so.2"
| #define HAVE_ASM_TYPES_H 1
| #define HAVE_STDATOMIC_H 1
| #define HAVE_SYNC_LINUX_FUTEX /**/
| #define HAVE_NETINET_IP_ICMP_H 1
| #define HAVE_UCONTEXT_H 1
| #define HAVE_UCONTEXT_T_UC_MCONTEXT_GREGS 1
| #define GNU_LINUX 1
| #define HAVE_NETLINK 1
| #define LINUX_IPV6 1
| #define IPV6_MINHOPCOUNT 73
| #define HAVE_STRLCAT 1
| #define HAVE_STRLCPY 1
| #define HAVE_GETGROUPLIST 1
| #define HAVE_GETLOADAVG 1
| #define HAVE_OPENAT 1
| #define HAVE_UNLINKAT 1
| #define HAVE_POSIX_FALLOCATE 1
| #define HAVE_SENDMMSG 1
| #define HAVE_EXPLICIT_BZERO 1
| #define HAVE_STRUCT_MMSGHDR_MSG_HDR 1
| #define HAVE_PROTOBUF 1
| #define HAVE_PROTOBUF_VERSION_3 1
| #define VTYSH 1
| #define HAVE_RL_CLEAR_VISIBLE_LINE 1
| #define HAVE_APPEND_HISTORY 1
| #define HAVE_PPOLL 1
| #define HAVE_PPOLL 1
| #define HAVE_EPOLL_PWAIT 1
| #define USE_EPOLL 1
| #define HAVE_NETNS 1
| #define HAVE_SETNS 1
| #define ISIS_METHOD_PFPACKET 1
| #define ISIS_METHOD_DLPI 2
| #define ISIS_METHOD_BPF 3
| #define ISIS_METHOD ISIS_METHOD_PFPACKET
| #define HAVE_STRUCT_IP_MREQN_IMR_IFINDEX 1
| #define HAVE_LINUX_MROUTE_H 1
| #define HAVE_LINUX_MROUTE6_H 1
| #define HAVE_RFC3678 1
| #define HAVE_DECL_TCP_MD5SIG 1
| #define HAVE_LIBCRYPT 1
| #define HAVE_STRUCT_UTSNAME_DOMAINNAME 1
| #define HAVE_BGPD 1
| #define HAVE_MGMTD 1
| #define HAVE_RIPD 1
| #define HAVE_RIPNGD 1
| #define HAVE_OSPFD 1
| #define HAVE_OSPF6D 1
| #define HAVE_LDPD 1
| #define HAVE_NHRPD 1
| #define HAVE_EIGRPD 1
| #define HAVE_BABELD 1
| #define HAVE_ISISD 1
| #define HAVE_PIMD 1
| #define HAVE_PIM6D 1
| #define HAVE_PBRD 1
| #define HAVE_STATICD 1
| #define HAVE_FABRICD 1
| #define HAVE_VRRPD 1
| #define HAVE_BFDD 1
| #define BFD_LINUX 1
| #define HAVE_PATHD 1
| #define SUPPORT_OSPF_API 1
| #define DISABLE_BGP_ANNOUNCE 0
| #define ENABLE_BGP_VNC 1
| #define ENABLE_VERSION_BUILD_CONFIG 1
| #define SNMP_AGENTX 1
| #define HAVE_LIBYANG 1
| #define HAVE_LY_STRERRCODE 1
| #define HAVE_LY_STRVECODE 1
| #define HAVE_LINK_H 1
| #define HAVE_DLINFO_ORIGIN 1
| #define HAVE_DLINFO_LINKMAP 1
| #define HAVE_STRUCT_VIFCTL 1
| #define HAVE_STRUCT_MFCCTL 1
| #define HAVE_STRUCT_SIOC_SG_REQ 1
| #define HAVE_VIFI_T 1
| #define HAVE_STRUCT_SIOC_VIF_REQ 1
| /* end confdefs.h.  */
| #ifdef SUNOS_5
| #define _POSIX_C_SOURCE 200809L
| #define __EXTENSIONS__
| #endif
| #include <stdio.h>
| #include <stdlib.h>
| #include <stddef.h>
| #include <sys/types.h>
| #include <sys/param.h>
| /* Required for MAXSIG */
| #include <signal.h>
| #include <sys/socket.h>
| #include <netinet/in.h>
| #include <sys/time.h>
| #include <time.h>
| #include <net/if.h>
| 
| 
| #include <sys/un.h>
| #include <netinet/in_systm.h>
| #ifdef HAVE_NETINET_IN_VAR_H
| # include <netinet/in_var.h>
| #endif
| #ifndef __linux__
| # include <net/if_dl.h>
| #endif
| #include <net/route.h>
| #include <arpa/inet.h>
| /* Required for IDRP */
| #ifdef HAVE_NETINET_IP_ICMP_H
| # include <netinet/ip_icmp.h>
| #endif
| 
| #ifdef HAVE_LINUX_MROUTE_H
| # include <linux/mroute.h>
| #endif
| 
| #ifdef HAVE_NETINET_IP_MROUTE_H
| # include <netinet/ip_mroute.h>
| #endif
| 
| #ifdef HAVE_NETINET_IP6_MROUTE_H
| # include <netinet6/ip6_mroute.h>
| #endif
| 
| #include <netinet/icmp6.h>
| #ifdef HAVE_NETINET6_ND6_H
| # include <netinet6/nd6.h>
| #endif
| 
| 
| int
| main (void)
| {
| if (sizeof ((struct igmpmsg)))
| 	    return 0;
|   ;
|   return 0;
| }
configure:32189: result: yes
configure:32247: checking for struct ifaliasreq
configure:32247: gcc -c  -g -O2  conftest.c >&5
conftest.c: In function 'main':
conftest.c:193:13: error: invalid application of 'sizeof' to incomplete type 'struct ifaliasreq'
  193 | if (sizeof (struct ifaliasreq))
      |             ^~~~~~
configure:32247: $? = 1
configure: failed program was:
| /* confdefs.h */
| #define PACKAGE_NAME "frr"
| #define PACKAGE_TARNAME "frr"
| #define PACKAGE_VERSION "10.7.0-dev"
| #define PACKAGE_STRING "frr 10.7.0-dev"
| #define PACKAGE_BUGREPORT "https://github.com/frrouting/frr/issues"
| #define PACKAGE_URL ""
| #define PACKAGE "frr"
| #define VERSION "10.7.0-dev"
| #define VICI_SOCKET "/var/run/charon.vici"
| #define HAVE_STDIO_H 1
| #define HAVE_STDLIB_H 1
| #define HAVE_STRING_H 1
| #define HAVE_INTTYPES_H 1
| #define HAVE_STDINT_H 1
| #define HAVE_STRINGS_H 1
| #define HAVE_SYS_STAT_H 1
| #define HAVE_SYS_TYPES_H 1
| #define HAVE_UNISTD_H 1
| #define HAVE_WCHAR_H 1
| #define STDC_HEADERS 1
| #define _ALL_SOURCE 1
| #define _DARWIN_C_SOURCE 1
| #define _GNU_SOURCE 1
| #define _HPUX_ALT_XOPEN_SOCKET_API 1
| #define _NETBSD_SOURCE 1
| #define _OPENBSD_SOURCE 1
| #define _POSIX_PTHREAD_SEMANTICS 1
| #define __STDC_WANT_IEC_60559_ATTRIBS_EXT__ 1
| #define __STDC_WANT_IEC_60559_BFP_EXT__ 1
| #define __STDC_WANT_IEC_60559_DFP_EXT__ 1
| #define __STDC_WANT_IEC_60559_FUNCS_EXT__ 1
| #define __STDC_WANT_IEC_60559_TYPES_EXT__ 1
| #define __STDC_WANT_LIB_EXT2__ 1
| #define __STDC_WANT_MATH_SPEC_FUNCS__ 1
| #define _TANDEM_SOURCE 1
| #define __EXTENSIONS__ 1
| #define HAVE_PTHREAD_PRIO_INHERIT 1
| #define HAVE_PTHREAD_SETNAME_NP 1
| #define HAVE_DLFCN_H 1
| #define LT_OBJDIR ".libs/"
| #define CRYPTO_INTERNAL 1
| #define HAVE_JSON_C_JSON_H 1
| #define NETLINK_DEBUG 1
| #define DFLT_NAME "traditional"
| #define HAVE_LIBELF 1
| #define HAVE_ELF_GETDATA_RAWCHUNK 1
| #define HAVE_GELF_GETNOTE 1
| #define FRR_USER "frr"
| #define FRR_GROUP "frr"
| #define VTY_GROUP "frrvty"
| #define CONFIGFILE_MASK 0640
| #define LOGFILE_MASK 0640
| #define MULTIPATH_NUM 64
| #define LOG_TIMESTAMP_PRECISION 0
| #define VTYSH_PAGER "more"
| #define GIT_VERSION 1
| #define INTERP "/lib64/ld-linux-x86-64.so.2"
| #define HAVE_ASM_TYPES_H 1
| #define HAVE_STDATOMIC_H 1
| #define HAVE_SYNC_LINUX_FUTEX /**/
| #define HAVE_NETINET_IP_ICMP_H 1
| #define HAVE_UCONTEXT_H 1
| #define HAVE_UCONTEXT_T_UC_MCONTEXT_GREGS 1
| #define GNU_LINUX 1
| #define HAVE_NETLINK 1
| #define LINUX_IPV6 1
| #define IPV6_MINHOPCOUNT 73
| #define HAVE_STRLCAT 1
| #define HAVE_STRLCPY 1
| #define HAVE_GETGROUPLIST 1
| #define HAVE_GETLOADAVG 1
| #define HAVE_OPENAT 1
| #define HAVE_UNLINKAT 1
| #define HAVE_POSIX_FALLOCATE 1
| #define HAVE_SENDMMSG 1
| #define HAVE_EXPLICIT_BZERO 1
| #define HAVE_STRUCT_MMSGHDR_MSG_HDR 1
| #define HAVE_PROTOBUF 1
| #define HAVE_PROTOBUF_VERSION_3 1
| #define VTYSH 1
| #define HAVE_RL_CLEAR_VISIBLE_LINE 1
| #define HAVE_APPEND_HISTORY 1
| #define HAVE_PPOLL 1
| #define HAVE_PPOLL 1
| #define HAVE_EPOLL_PWAIT 1
| #define USE_EPOLL 1
| #define HAVE_NETNS 1
| #define HAVE_SETNS 1
| #define ISIS_METHOD_PFPACKET 1
| #define ISIS_METHOD_DLPI 2
| #define ISIS_METHOD_BPF 3
| #define ISIS_METHOD ISIS_METHOD_PFPACKET
| #define HAVE_STRUCT_IP_MREQN_IMR_IFINDEX 1
| #define HAVE_LINUX_MROUTE_H 1
| #define HAVE_LINUX_MROUTE6_H 1
| #define HAVE_RFC3678 1
| #define HAVE_DECL_TCP_MD5SIG 1
| #define HAVE_LIBCRYPT 1
| #define HAVE_STRUCT_UTSNAME_DOMAINNAME 1
| #define HAVE_BGPD 1
| #define HAVE_MGMTD 1
| #define HAVE_RIPD 1
| #define HAVE_RIPNGD 1
| #define HAVE_OSPFD 1
| #define HAVE_OSPF6D 1
| #define HAVE_LDPD 1
| #define HAVE_NHRPD 1
| #define HAVE_EIGRPD 1
| #define HAVE_BABELD 1
| #define HAVE_ISISD 1
| #define HAVE_PIMD 1
| #define HAVE_PIM6D 1
| #define HAVE_PBRD 1
| #define HAVE_STATICD 1
| #define HAVE_FABRICD 1
| #define HAVE_VRRPD 1
| #define HAVE_BFDD 1
| #define BFD_LINUX 1
| #define HAVE_PATHD 1
| #define SUPPORT_OSPF_API 1
| #define DISABLE_BGP_ANNOUNCE 0
| #define ENABLE_BGP_VNC 1
| #define ENABLE_VERSION_BUILD_CONFIG 1
| #define SNMP_AGENTX 1
| #define HAVE_LIBYANG 1
| #define HAVE_LY_STRERRCODE 1
| #define HAVE_LY_STRVECODE 1
| #define HAVE_LINK_H 1
| #define HAVE_DLINFO_ORIGIN 1
| #define HAVE_DLINFO_LINKMAP 1
| #define HAVE_STRUCT_VIFCTL 1
| #define HAVE_STRUCT_MFCCTL 1
| #define HAVE_STRUCT_SIOC_SG_REQ 1
| #define HAVE_VIFI_T 1
| #define HAVE_STRUCT_SIOC_VIF_REQ 1
| #define HAVE_STRUCT_IGMPMSG 1
| /* end confdefs.h.  */
| #ifdef SUNOS_5
| #define _POSIX_C_SOURCE 200809L
| #define __EXTENSIONS__
| #endif
| #include <stdio.h>
| #include <stdlib.h>
| #include <stddef.h>
| #include <sys/types.h>
| #include <sys/param.h>
| /* Required for MAXSIG */
| #include <signal.h>
| #include <sys/socket.h>
| #include <netinet/in.h>
| #include <sys/time.h>
| #include <time.h>
| #include <net/if.h>
| 
| 
| #include <sys/un.h>
| #include <netinet/in_systm.h>
| #ifdef HAVE_NETINET_IN_VAR_H
| # include <netinet/in_var.h>
| #endif
| #ifndef __linux__
| # include <net/if_dl.h>
| #endif
| #include <net/route.h>
| #include <arpa/inet.h>
| /* Required for IDRP */
| #ifdef HAVE_NETINET_IP_ICMP_H
| # include <netinet/ip_icmp.h>
| #endif
| 
| #ifdef HAVE_LINUX_MROUTE_H
| # include <linux/mroute.h>
| #endif
| 
| #ifdef HAVE_NETINET_IP_MROUTE_H
| # include <netinet/ip_mroute.h>
| #endif
| 
| #ifdef HAVE_NETINET_IP6_MROUTE_H
| # include <netinet6/ip6_mroute.h>
| #endif
| 
| #include <netinet/icmp6.h>
| #ifdef HAVE_NETINET6_ND6_H
| # include <netinet6/nd6.h>
| #endif
| 
| 
| int
| main (void)
| {
| if (sizeof (struct ifaliasreq))
| 	 return 0;
|   ;
|   return 0;
| }
configure:32247: result: no
configure:32305: checking for struct nd_opt_adv_interval
configure:32305: gcc -c  -g -O2  conftest.c >&5
configure:32305: $? = 0
configure:32305: gcc -c  -g -O2  conftest.c >&5
conftest.c: In function 'main':
conftest.c:193:41: error: expected expression before ')' token
  193 | if (sizeof ((struct nd_opt_adv_interval)))
      |                                         ^
configure:32305: $? = 1
configure: failed program was:
| /* confdefs.h */
| #define PACKAGE_NAME "frr"
| #define PACKAGE_TARNAME "frr"
| #define PACKAGE_VERSION "10.7.0-dev"
| #define PACKAGE_STRING "frr 10.7.0-dev"
| #define PACKAGE_BUGREPORT "https://github.com/frrouting/frr/issues"
| #define PACKAGE_URL ""
| #define PACKAGE "frr"
| #define VERSION "10.7.0-dev"
| #define VICI_SOCKET "/var/run/charon.vici"
| #define HAVE_STDIO_H 1
| #define HAVE_STDLIB_H 1
| #define HAVE_STRING_H 1
| #define HAVE_INTTYPES_H 1
| #define HAVE_STDINT_H 1
| #define HAVE_STRINGS_H 1
| #define HAVE_SYS_STAT_H 1
| #define HAVE_SYS_TYPES_H 1
| #define HAVE_UNISTD_H 1
| #define HAVE_WCHAR_H 1
| #define STDC_HEADERS 1
| #define _ALL_SOURCE 1
| #define _DARWIN_C_SOURCE 1
| #define _GNU_SOURCE 1
| #define _HPUX_ALT_XOPEN_SOCKET_API 1
| #define _NETBSD_SOURCE 1
| #define _OPENBSD_SOURCE 1
| #define _POSIX_PTHREAD_SEMANTICS 1
| #define __STDC_WANT_IEC_60559_ATTRIBS_EXT__ 1
| #define __STDC_WANT_IEC_60559_BFP_EXT__ 1
| #define __STDC_WANT_IEC_60559_DFP_EXT__ 1
| #define __STDC_WANT_IEC_60559_FUNCS_EXT__ 1
| #define __STDC_WANT_IEC_60559_TYPES_EXT__ 1
| #define __STDC_WANT_LIB_EXT2__ 1
| #define __STDC_WANT_MATH_SPEC_FUNCS__ 1
| #define _TANDEM_SOURCE 1
| #define __EXTENSIONS__ 1
| #define HAVE_PTHREAD_PRIO_INHERIT 1
| #define HAVE_PTHREAD_SETNAME_NP 1
| #define HAVE_DLFCN_H 1
| #define LT_OBJDIR ".libs/"
| #define CRYPTO_INTERNAL 1
| #define HAVE_JSON_C_JSON_H 1
| #define NETLINK_DEBUG 1
| #define DFLT_NAME "traditional"
| #define HAVE_LIBELF 1
| #define HAVE_ELF_GETDATA_RAWCHUNK 1
| #define HAVE_GELF_GETNOTE 1
| #define FRR_USER "frr"
| #define FRR_GROUP "frr"
| #define VTY_GROUP "frrvty"
| #define CONFIGFILE_MASK 0640
| #define LOGFILE_MASK 0640
| #define MULTIPATH_NUM 64
| #define LOG_TIMESTAMP_PRECISION 0
| #define VTYSH_PAGER "more"
| #define GIT_VERSION 1
| #define INTERP "/lib64/ld-linux-x86-64.so.2"
| #define HAVE_ASM_TYPES_H 1
| #define HAVE_STDATOMIC_H 1
| #define HAVE_SYNC_LINUX_FUTEX /**/
| #define HAVE_NETINET_IP_ICMP_H 1
| #define HAVE_UCONTEXT_H 1
| #define HAVE_UCONTEXT_T_UC_MCONTEXT_GREGS 1
| #define GNU_LINUX 1
| #define HAVE_NETLINK 1
| #define LINUX_IPV6 1
| #define IPV6_MINHOPCOUNT 73
| #define HAVE_STRLCAT 1
| #define HAVE_STRLCPY 1
| #define HAVE_GETGROUPLIST 1
| #define HAVE_GETLOADAVG 1
| #define HAVE_OPENAT 1
| #define HAVE_UNLINKAT 1
| #define HAVE_POSIX_FALLOCATE 1
| #define HAVE_SENDMMSG 1
| #define HAVE_EXPLICIT_BZERO 1
| #define HAVE_STRUCT_MMSGHDR_MSG_HDR 1
| #define HAVE_PROTOBUF 1
| #define HAVE_PROTOBUF_VERSION_3 1
| #define VTYSH 1
| #define HAVE_RL_CLEAR_VISIBLE_LINE 1
| #define HAVE_APPEND_HISTORY 1
| #define HAVE_PPOLL 1
| #define HAVE_PPOLL 1
| #define HAVE_EPOLL_PWAIT 1
| #define USE_EPOLL 1
| #define HAVE_NETNS 1
| #define HAVE_SETNS 1
| #define ISIS_METHOD_PFPACKET 1
| #define ISIS_METHOD_DLPI 2
| #define ISIS_METHOD_BPF 3
| #define ISIS_METHOD ISIS_METHOD_PFPACKET
| #define HAVE_STRUCT_IP_MREQN_IMR_IFINDEX 1
| #define HAVE_LINUX_MROUTE_H 1
| #define HAVE_LINUX_MROUTE6_H 1
| #define HAVE_RFC3678 1
| #define HAVE_DECL_TCP_MD5SIG 1
| #define HAVE_LIBCRYPT 1
| #define HAVE_STRUCT_UTSNAME_DOMAINNAME 1
| #define HAVE_BGPD 1
| #define HAVE_MGMTD 1
| #define HAVE_RIPD 1
| #define HAVE_RIPNGD 1
| #define HAVE_OSPFD 1
| #define HAVE_OSPF6D 1
| #define HAVE_LDPD 1
| #define HAVE_NHRPD 1
| #define HAVE_EIGRPD 1
| #define HAVE_BABELD 1
| #define HAVE_ISISD 1
| #define HAVE_PIMD 1
| #define HAVE_PIM6D 1
| #define HAVE_PBRD 1
| #define HAVE_STATICD 1
| #define HAVE_FABRICD 1
| #define HAVE_VRRPD 1
| #define HAVE_BFDD 1
| #define BFD_LINUX 1
| #define HAVE_PATHD 1
| #define SUPPORT_OSPF_API 1
| #define DISABLE_BGP_ANNOUNCE 0
| #define ENABLE_BGP_VNC 1
| #define ENABLE_VERSION_BUILD_CONFIG 1
| #define SNMP_AGENTX 1
| #define HAVE_LIBYANG 1
| #define HAVE_LY_STRERRCODE 1
| #define HAVE_LY_STRVECODE 1
| #define HAVE_LINK_H 1
| #define HAVE_DLINFO_ORIGIN 1
| #define HAVE_DLINFO_LINKMAP 1
| #define HAVE_STRUCT_VIFCTL 1
| #define HAVE_STRUCT_MFCCTL 1
| #define HAVE_STRUCT_SIOC_SG_REQ 1
| #define HAVE_VIFI_T 1
| #define HAVE_STRUCT_SIOC_VIF_REQ 1
| #define HAVE_STRUCT_IGMPMSG 1
| /* end confdefs.h.  */
| #ifdef SUNOS_5
| #define _POSIX_C_SOURCE 200809L
| #define __EXTENSIONS__
| #endif
| #include <stdio.h>
| #include <stdlib.h>
| #include <stddef.h>
| #include <sys/types.h>
| #include <sys/param.h>
| /* Required for MAXSIG */
| #include <signal.h>
| #include <sys/socket.h>
| #include <netinet/in.h>
| #include <sys/time.h>
| #include <time.h>
| #include <net/if.h>
| 
| 
| #include <sys/un.h>
| #include <netinet/in_systm.h>
| #ifdef HAVE_NETINET_IN_VAR_H
| # include <netinet/in_var.h>
| #endif
| #ifndef __linux__
| # include <net/if_dl.h>
| #endif
| #include <net/route.h>
| #include <arpa/inet.h>
| /* Required for IDRP */
| #ifdef HAVE_NETINET_IP_ICMP_H
| # include <netinet/ip_icmp.h>
| #endif
| 
| #ifdef HAVE_LINUX_MROUTE_H
| # include <linux/mroute.h>
| #endif
| 
| #ifdef HAVE_NETINET_IP_MROUTE_H
| # include <netinet/ip_mroute.h>
| #endif
| 
| #ifdef HAVE_NETINET_IP6_MROUTE_H
| # include <netinet6/ip6_mroute.h>
| #endif
| 
| #include <netinet/icmp6.h>
| #ifdef HAVE_NETINET6_ND6_H
| # include <netinet6/nd6.h>
| #endif
| 
| 
| int
| main (void)
| {
| if (sizeof ((struct nd_opt_adv_interval)))
| 	    return 0;
|   ;
|   return 0;
| }
configure:32305: result: yes
configure:32363: checking for struct nd_opt_homeagent_info
configure:32363: gcc -c  -g -O2  conftest.c >&5
conftest.c: In function 'main':
conftest.c:194:13: error: invalid application of 'sizeof' to incomplete type 'struct nd_opt_homeagent_info'
  194 | if (sizeof (struct nd_opt_homeagent_info))
      |             ^~~~~~
configure:32363: $? = 1
configure: failed program was:
| /* confdefs.h */
| #define PACKAGE_NAME "frr"
| #define PACKAGE_TARNAME "frr"
| #define PACKAGE_VERSION "10.7.0-dev"
| #define PACKAGE_STRING "frr 10.7.0-dev"
| #define PACKAGE_BUGREPORT "https://github.com/frrouting/frr/issues"
| #define PACKAGE_URL ""
| #define PACKAGE "frr"
| #define VERSION "10.7.0-dev"
| #define VICI_SOCKET "/var/run/charon.vici"
| #define HAVE_STDIO_H 1
| #define HAVE_STDLIB_H 1
| #define HAVE_STRING_H 1
| #define HAVE_INTTYPES_H 1
| #define HAVE_STDINT_H 1
| #define HAVE_STRINGS_H 1
| #define HAVE_SYS_STAT_H 1
| #define HAVE_SYS_TYPES_H 1
| #define HAVE_UNISTD_H 1
| #define HAVE_WCHAR_H 1
| #define STDC_HEADERS 1
| #define _ALL_SOURCE 1
| #define _DARWIN_C_SOURCE 1
| #define _GNU_SOURCE 1
| #define _HPUX_ALT_XOPEN_SOCKET_API 1
| #define _NETBSD_SOURCE 1
| #define _OPENBSD_SOURCE 1
| #define _POSIX_PTHREAD_SEMANTICS 1
| #define __STDC_WANT_IEC_60559_ATTRIBS_EXT__ 1
| #define __STDC_WANT_IEC_60559_BFP_EXT__ 1
| #define __STDC_WANT_IEC_60559_DFP_EXT__ 1
| #define __STDC_WANT_IEC_60559_FUNCS_EXT__ 1
| #define __STDC_WANT_IEC_60559_TYPES_EXT__ 1
| #define __STDC_WANT_LIB_EXT2__ 1
| #define __STDC_WANT_MATH_SPEC_FUNCS__ 1
| #define _TANDEM_SOURCE 1
| #define __EXTENSIONS__ 1
| #define HAVE_PTHREAD_PRIO_INHERIT 1
| #define HAVE_PTHREAD_SETNAME_NP 1
| #define HAVE_DLFCN_H 1
| #define LT_OBJDIR ".libs/"
| #define CRYPTO_INTERNAL 1
| #define HAVE_JSON_C_JSON_H 1
| #define NETLINK_DEBUG 1
| #define DFLT_NAME "traditional"
| #define HAVE_LIBELF 1
| #define HAVE_ELF_GETDATA_RAWCHUNK 1
| #define HAVE_GELF_GETNOTE 1
| #define FRR_USER "frr"
| #define FRR_GROUP "frr"
| #define VTY_GROUP "frrvty"
| #define CONFIGFILE_MASK 0640
| #define LOGFILE_MASK 0640
| #define MULTIPATH_NUM 64
| #define LOG_TIMESTAMP_PRECISION 0
| #define VTYSH_PAGER "more"
| #define GIT_VERSION 1
| #define INTERP "/lib64/ld-linux-x86-64.so.2"
| #define HAVE_ASM_TYPES_H 1
| #define HAVE_STDATOMIC_H 1
| #define HAVE_SYNC_LINUX_FUTEX /**/
| #define HAVE_NETINET_IP_ICMP_H 1
| #define HAVE_UCONTEXT_H 1
| #define HAVE_UCONTEXT_T_UC_MCONTEXT_GREGS 1
| #define GNU_LINUX 1
| #define HAVE_NETLINK 1
| #define LINUX_IPV6 1
| #define IPV6_MINHOPCOUNT 73
| #define HAVE_STRLCAT 1
| #define HAVE_STRLCPY 1
| #define HAVE_GETGROUPLIST 1
| #define HAVE_GETLOADAVG 1
| #define HAVE_OPENAT 1
| #define HAVE_UNLINKAT 1
| #define HAVE_POSIX_FALLOCATE 1
| #define HAVE_SENDMMSG 1
| #define HAVE_EXPLICIT_BZERO 1
| #define HAVE_STRUCT_MMSGHDR_MSG_HDR 1
| #define HAVE_PROTOBUF 1
| #define HAVE_PROTOBUF_VERSION_3 1
| #define VTYSH 1
| #define HAVE_RL_CLEAR_VISIBLE_LINE 1
| #define HAVE_APPEND_HISTORY 1
| #define HAVE_PPOLL 1
| #define HAVE_PPOLL 1
| #define HAVE_EPOLL_PWAIT 1
| #define USE_EPOLL 1
| #define HAVE_NETNS 1
| #define HAVE_SETNS 1
| #define ISIS_METHOD_PFPACKET 1
| #define ISIS_METHOD_DLPI 2
| #define ISIS_METHOD_BPF 3
| #define ISIS_METHOD ISIS_METHOD_PFPACKET
| #define HAVE_STRUCT_IP_MREQN_IMR_IFINDEX 1
| #define HAVE_LINUX_MROUTE_H 1
| #define HAVE_LINUX_MROUTE6_H 1
| #define HAVE_RFC3678 1
| #define HAVE_DECL_TCP_MD5SIG 1
| #define HAVE_LIBCRYPT 1
| #define HAVE_STRUCT_UTSNAME_DOMAINNAME 1
| #define HAVE_BGPD 1
| #define HAVE_MGMTD 1
| #define HAVE_RIPD 1
| #define HAVE_RIPNGD 1
| #define HAVE_OSPFD 1
| #define HAVE_OSPF6D 1
| #define HAVE_LDPD 1
| #define HAVE_NHRPD 1
| #define HAVE_EIGRPD 1
| #define HAVE_BABELD 1
| #define HAVE_ISISD 1
| #define HAVE_PIMD 1
| #define HAVE_PIM6D 1
| #define HAVE_PBRD 1
| #define HAVE_STATICD 1
| #define HAVE_FABRICD 1
| #define HAVE_VRRPD 1
| #define HAVE_BFDD 1
| #define BFD_LINUX 1
| #define HAVE_PATHD 1
| #define SUPPORT_OSPF_API 1
| #define DISABLE_BGP_ANNOUNCE 0
| #define ENABLE_BGP_VNC 1
| #define ENABLE_VERSION_BUILD_CONFIG 1
| #define SNMP_AGENTX 1
| #define HAVE_LIBYANG 1
| #define HAVE_LY_STRERRCODE 1
| #define HAVE_LY_STRVECODE 1
| #define HAVE_LINK_H 1
| #define HAVE_DLINFO_ORIGIN 1
| #define HAVE_DLINFO_LINKMAP 1
| #define HAVE_STRUCT_VIFCTL 1
| #define HAVE_STRUCT_MFCCTL 1
| #define HAVE_STRUCT_SIOC_SG_REQ 1
| #define HAVE_VIFI_T 1
| #define HAVE_STRUCT_SIOC_VIF_REQ 1
| #define HAVE_STRUCT_IGMPMSG 1
| #define HAVE_STRUCT_ND_OPT_ADV_INTERVAL 1
| /* end confdefs.h.  */
| #ifdef SUNOS_5
| #define _POSIX_C_SOURCE 200809L
| #define __EXTENSIONS__
| #endif
| #include <stdio.h>
| #include <stdlib.h>
| #include <stddef.h>
| #include <sys/types.h>
| #include <sys/param.h>
| /* Required for MAXSIG */
| #include <signal.h>
| #include <sys/socket.h>
| #include <netinet/in.h>
| #include <sys/time.h>
| #include <time.h>
| #include <net/if.h>
| 
| 
| #include <sys/un.h>
| #include <netinet/in_systm.h>
| #ifdef HAVE_NETINET_IN_VAR_H
| # include <netinet/in_var.h>
| #endif
| #ifndef __linux__
| # include <net/if_dl.h>
| #endif
| #include <net/route.h>
| #include <arpa/inet.h>
| /* Required for IDRP */
| #ifdef HAVE_NETINET_IP_ICMP_H
| # include <netinet/ip_icmp.h>
| #endif
| 
| #ifdef HAVE_LINUX_MROUTE_H
| # include <linux/mroute.h>
| #endif
| 
| #ifdef HAVE_NETINET_IP_MROUTE_H
| # include <netinet/ip_mroute.h>
| #endif
| 
| #ifdef HAVE_NETINET_IP6_MROUTE_H
| # include <netinet6/ip6_mroute.h>
| #endif
| 
| #include <netinet/icmp6.h>
| #ifdef HAVE_NETINET6_ND6_H
| # include <netinet6/nd6.h>
| #endif
| 
| 
| int
| main (void)
| {
| if (sizeof (struct nd_opt_homeagent_info))
| 	 return 0;
|   ;
|   return 0;
| }
configure:32363: result: no
configure:32421: checking for struct nd_opt_adv_interval
configure:32421: result: yes
configure:32479: checking for struct nd_opt_rdnss
configure:32479: gcc -c  -g -O2  conftest.c >&5
conftest.c: In function 'main':
conftest.c:195:13: error: invalid application of 'sizeof' to incomplete type 'struct nd_opt_rdnss'
  195 | if (sizeof (struct nd_opt_rdnss))
      |             ^~~~~~
configure:32479: $? = 1
configure: failed program was:
| /* confdefs.h */
| #define PACKAGE_NAME "frr"
| #define PACKAGE_TARNAME "frr"
| #define PACKAGE_VERSION "10.7.0-dev"
| #define PACKAGE_STRING "frr 10.7.0-dev"
| #define PACKAGE_BUGREPORT "https://github.com/frrouting/frr/issues"
| #define PACKAGE_URL ""
| #define PACKAGE "frr"
| #define VERSION "10.7.0-dev"
| #define VICI_SOCKET "/var/run/charon.vici"
| #define HAVE_STDIO_H 1
| #define HAVE_STDLIB_H 1
| #define HAVE_STRING_H 1
| #define HAVE_INTTYPES_H 1
| #define HAVE_STDINT_H 1
| #define HAVE_STRINGS_H 1
| #define HAVE_SYS_STAT_H 1
| #define HAVE_SYS_TYPES_H 1
| #define HAVE_UNISTD_H 1
| #define HAVE_WCHAR_H 1
| #define STDC_HEADERS 1
| #define _ALL_SOURCE 1
| #define _DARWIN_C_SOURCE 1
| #define _GNU_SOURCE 1
| #define _HPUX_ALT_XOPEN_SOCKET_API 1
| #define _NETBSD_SOURCE 1
| #define _OPENBSD_SOURCE 1
| #define _POSIX_PTHREAD_SEMANTICS 1
| #define __STDC_WANT_IEC_60559_ATTRIBS_EXT__ 1
| #define __STDC_WANT_IEC_60559_BFP_EXT__ 1
| #define __STDC_WANT_IEC_60559_DFP_EXT__ 1
| #define __STDC_WANT_IEC_60559_FUNCS_EXT__ 1
| #define __STDC_WANT_IEC_60559_TYPES_EXT__ 1
| #define __STDC_WANT_LIB_EXT2__ 1
| #define __STDC_WANT_MATH_SPEC_FUNCS__ 1
| #define _TANDEM_SOURCE 1
| #define __EXTENSIONS__ 1
| #define HAVE_PTHREAD_PRIO_INHERIT 1
| #define HAVE_PTHREAD_SETNAME_NP 1
| #define HAVE_DLFCN_H 1
| #define LT_OBJDIR ".libs/"
| #define CRYPTO_INTERNAL 1
| #define HAVE_JSON_C_JSON_H 1
| #define NETLINK_DEBUG 1
| #define DFLT_NAME "traditional"
| #define HAVE_LIBELF 1
| #define HAVE_ELF_GETDATA_RAWCHUNK 1
| #define HAVE_GELF_GETNOTE 1
| #define FRR_USER "frr"
| #define FRR_GROUP "frr"
| #define VTY_GROUP "frrvty"
| #define CONFIGFILE_MASK 0640
| #define LOGFILE_MASK 0640
| #define MULTIPATH_NUM 64
| #define LOG_TIMESTAMP_PRECISION 0
| #define VTYSH_PAGER "more"
| #define GIT_VERSION 1
| #define INTERP "/lib64/ld-linux-x86-64.so.2"
| #define HAVE_ASM_TYPES_H 1
| #define HAVE_STDATOMIC_H 1
| #define HAVE_SYNC_LINUX_FUTEX /**/
| #define HAVE_NETINET_IP_ICMP_H 1
| #define HAVE_UCONTEXT_H 1
| #define HAVE_UCONTEXT_T_UC_MCONTEXT_GREGS 1
| #define GNU_LINUX 1
| #define HAVE_NETLINK 1
| #define LINUX_IPV6 1
| #define IPV6_MINHOPCOUNT 73
| #define HAVE_STRLCAT 1
| #define HAVE_STRLCPY 1
| #define HAVE_GETGROUPLIST 1
| #define HAVE_GETLOADAVG 1
| #define HAVE_OPENAT 1
| #define HAVE_UNLINKAT 1
| #define HAVE_POSIX_FALLOCATE 1
| #define HAVE_SENDMMSG 1
| #define HAVE_EXPLICIT_BZERO 1
| #define HAVE_STRUCT_MMSGHDR_MSG_HDR 1
| #define HAVE_PROTOBUF 1
| #define HAVE_PROTOBUF_VERSION_3 1
| #define VTYSH 1
| #define HAVE_RL_CLEAR_VISIBLE_LINE 1
| #define HAVE_APPEND_HISTORY 1
| #define HAVE_PPOLL 1
| #define HAVE_PPOLL 1
| #define HAVE_EPOLL_PWAIT 1
| #define USE_EPOLL 1
| #define HAVE_NETNS 1
| #define HAVE_SETNS 1
| #define ISIS_METHOD_PFPACKET 1
| #define ISIS_METHOD_DLPI 2
| #define ISIS_METHOD_BPF 3
| #define ISIS_METHOD ISIS_METHOD_PFPACKET
| #define HAVE_STRUCT_IP_MREQN_IMR_IFINDEX 1
| #define HAVE_LINUX_MROUTE_H 1
| #define HAVE_LINUX_MROUTE6_H 1
| #define HAVE_RFC3678 1
| #define HAVE_DECL_TCP_MD5SIG 1
| #define HAVE_LIBCRYPT 1
| #define HAVE_STRUCT_UTSNAME_DOMAINNAME 1
| #define HAVE_BGPD 1
| #define HAVE_MGMTD 1
| #define HAVE_RIPD 1
| #define HAVE_RIPNGD 1
| #define HAVE_OSPFD 1
| #define HAVE_OSPF6D 1
| #define HAVE_LDPD 1
| #define HAVE_NHRPD 1
| #define HAVE_EIGRPD 1
| #define HAVE_BABELD 1
| #define HAVE_ISISD 1
| #define HAVE_PIMD 1
| #define HAVE_PIM6D 1
| #define HAVE_PBRD 1
| #define HAVE_STATICD 1
| #define HAVE_FABRICD 1
| #define HAVE_VRRPD 1
| #define HAVE_BFDD 1
| #define BFD_LINUX 1
| #define HAVE_PATHD 1
| #define SUPPORT_OSPF_API 1
| #define DISABLE_BGP_ANNOUNCE 0
| #define ENABLE_BGP_VNC 1
| #define ENABLE_VERSION_BUILD_CONFIG 1
| #define SNMP_AGENTX 1
| #define HAVE_LIBYANG 1
| #define HAVE_LY_STRERRCODE 1
| #define HAVE_LY_STRVECODE 1
| #define HAVE_LINK_H 1
| #define HAVE_DLINFO_ORIGIN 1
| #define HAVE_DLINFO_LINKMAP 1
| #define HAVE_STRUCT_VIFCTL 1
| #define HAVE_STRUCT_MFCCTL 1
| #define HAVE_STRUCT_SIOC_SG_REQ 1
| #define HAVE_VIFI_T 1
| #define HAVE_STRUCT_SIOC_VIF_REQ 1
| #define HAVE_STRUCT_IGMPMSG 1
| #define HAVE_STRUCT_ND_OPT_ADV_INTERVAL 1
| #define HAVE_STRUCT_ND_OPT_ADV_INTERVAL 1
| /* end confdefs.h.  */
| #ifdef SUNOS_5
| #define _POSIX_C_SOURCE 200809L
| #define __EXTENSIONS__
| #endif
| #include <stdio.h>
| #include <stdlib.h>
| #include <stddef.h>
| #include <sys/types.h>
| #include <sys/param.h>
| /* Required for MAXSIG */
| #include <signal.h>
| #include <sys/socket.h>
| #include <netinet/in.h>
| #include <sys/time.h>
| #include <time.h>
| #include <net/if.h>
| 
| 
| #include <sys/un.h>
| #include <netinet/in_systm.h>
| #ifdef HAVE_NETINET_IN_VAR_H
| # include <netinet/in_var.h>
| #endif
| #ifndef __linux__
| # include <net/if_dl.h>
| #endif
| #include <net/route.h>
| #include <arpa/inet.h>
| /* Required for IDRP */
| #ifdef HAVE_NETINET_IP_ICMP_H
| # include <netinet/ip_icmp.h>
| #endif
| 
| #ifdef HAVE_LINUX_MROUTE_H
| # include <linux/mroute.h>
| #endif
| 
| #ifdef HAVE_NETINET_IP_MROUTE_H
| # include <netinet/ip_mroute.h>
| #endif
| 
| #ifdef HAVE_NETINET_IP6_MROUTE_H
| # include <netinet6/ip6_mroute.h>
| #endif
| 
| #include <netinet/icmp6.h>
| #ifdef HAVE_NETINET6_ND6_H
| # include <netinet6/nd6.h>
| #endif
| 
| 
| int
| main (void)
| {
| if (sizeof (struct nd_opt_rdnss))
| 	 return 0;
|   ;
|   return 0;
| }
configure:32479: result: no
configure:32537: checking for struct nd_opt_dnssl
configure:32537: gcc -c  -g -O2  conftest.c >&5
conftest.c: In function 'main':
conftest.c:195:13: error: invalid application of 'sizeof' to incomplete type 'struct nd_opt_dnssl'
  195 | if (sizeof (struct nd_opt_dnssl))
      |             ^~~~~~
configure:32537: $? = 1
configure: failed program was:
| /* confdefs.h */
| #define PACKAGE_NAME "frr"
| #define PACKAGE_TARNAME "frr"
| #define PACKAGE_VERSION "10.7.0-dev"
| #define PACKAGE_STRING "frr 10.7.0-dev"
| #define PACKAGE_BUGREPORT "https://github.com/frrouting/frr/issues"
| #define PACKAGE_URL ""
| #define PACKAGE "frr"
| #define VERSION "10.7.0-dev"
| #define VICI_SOCKET "/var/run/charon.vici"
| #define HAVE_STDIO_H 1
| #define HAVE_STDLIB_H 1
| #define HAVE_STRING_H 1
| #define HAVE_INTTYPES_H 1
| #define HAVE_STDINT_H 1
| #define HAVE_STRINGS_H 1
| #define HAVE_SYS_STAT_H 1
| #define HAVE_SYS_TYPES_H 1
| #define HAVE_UNISTD_H 1
| #define HAVE_WCHAR_H 1
| #define STDC_HEADERS 1
| #define _ALL_SOURCE 1
| #define _DARWIN_C_SOURCE 1
| #define _GNU_SOURCE 1
| #define _HPUX_ALT_XOPEN_SOCKET_API 1
| #define _NETBSD_SOURCE 1
| #define _OPENBSD_SOURCE 1
| #define _POSIX_PTHREAD_SEMANTICS 1
| #define __STDC_WANT_IEC_60559_ATTRIBS_EXT__ 1
| #define __STDC_WANT_IEC_60559_BFP_EXT__ 1
| #define __STDC_WANT_IEC_60559_DFP_EXT__ 1
| #define __STDC_WANT_IEC_60559_FUNCS_EXT__ 1
| #define __STDC_WANT_IEC_60559_TYPES_EXT__ 1
| #define __STDC_WANT_LIB_EXT2__ 1
| #define __STDC_WANT_MATH_SPEC_FUNCS__ 1
| #define _TANDEM_SOURCE 1
| #define __EXTENSIONS__ 1
| #define HAVE_PTHREAD_PRIO_INHERIT 1
| #define HAVE_PTHREAD_SETNAME_NP 1
| #define HAVE_DLFCN_H 1
| #define LT_OBJDIR ".libs/"
| #define CRYPTO_INTERNAL 1
| #define HAVE_JSON_C_JSON_H 1
| #define NETLINK_DEBUG 1
| #define DFLT_NAME "traditional"
| #define HAVE_LIBELF 1
| #define HAVE_ELF_GETDATA_RAWCHUNK 1
| #define HAVE_GELF_GETNOTE 1
| #define FRR_USER "frr"
| #define FRR_GROUP "frr"
| #define VTY_GROUP "frrvty"
| #define CONFIGFILE_MASK 0640
| #define LOGFILE_MASK 0640
| #define MULTIPATH_NUM 64
| #define LOG_TIMESTAMP_PRECISION 0
| #define VTYSH_PAGER "more"
| #define GIT_VERSION 1
| #define INTERP "/lib64/ld-linux-x86-64.so.2"
| #define HAVE_ASM_TYPES_H 1
| #define HAVE_STDATOMIC_H 1
| #define HAVE_SYNC_LINUX_FUTEX /**/
| #define HAVE_NETINET_IP_ICMP_H 1
| #define HAVE_UCONTEXT_H 1
| #define HAVE_UCONTEXT_T_UC_MCONTEXT_GREGS 1
| #define GNU_LINUX 1
| #define HAVE_NETLINK 1
| #define LINUX_IPV6 1
| #define IPV6_MINHOPCOUNT 73
| #define HAVE_STRLCAT 1
| #define HAVE_STRLCPY 1
| #define HAVE_GETGROUPLIST 1
| #define HAVE_GETLOADAVG 1
| #define HAVE_OPENAT 1
| #define HAVE_UNLINKAT 1
| #define HAVE_POSIX_FALLOCATE 1
| #define HAVE_SENDMMSG 1
| #define HAVE_EXPLICIT_BZERO 1
| #define HAVE_STRUCT_MMSGHDR_MSG_HDR 1
| #define HAVE_PROTOBUF 1
| #define HAVE_PROTOBUF_VERSION_3 1
| #define VTYSH 1
| #define HAVE_RL_CLEAR_VISIBLE_LINE 1
| #define HAVE_APPEND_HISTORY 1
| #define HAVE_PPOLL 1
| #define HAVE_PPOLL 1
| #define HAVE_EPOLL_PWAIT 1
| #define USE_EPOLL 1
| #define HAVE_NETNS 1
| #define HAVE_SETNS 1
| #define ISIS_METHOD_PFPACKET 1
| #define ISIS_METHOD_DLPI 2
| #define ISIS_METHOD_BPF 3
| #define ISIS_METHOD ISIS_METHOD_PFPACKET
| #define HAVE_STRUCT_IP_MREQN_IMR_IFINDEX 1
| #define HAVE_LINUX_MROUTE_H 1
| #define HAVE_LINUX_MROUTE6_H 1
| #define HAVE_RFC3678 1
| #define HAVE_DECL_TCP_MD5SIG 1
| #define HAVE_LIBCRYPT 1
| #define HAVE_STRUCT_UTSNAME_DOMAINNAME 1
| #define HAVE_BGPD 1
| #define HAVE_MGMTD 1
| #define HAVE_RIPD 1
| #define HAVE_RIPNGD 1
| #define HAVE_OSPFD 1
| #define HAVE_OSPF6D 1
| #define HAVE_LDPD 1
| #define HAVE_NHRPD 1
| #define HAVE_EIGRPD 1
| #define HAVE_BABELD 1
| #define HAVE_ISISD 1
| #define HAVE_PIMD 1
| #define HAVE_PIM6D 1
| #define HAVE_PBRD 1
| #define HAVE_STATICD 1
| #define HAVE_FABRICD 1
| #define HAVE_VRRPD 1
| #define HAVE_BFDD 1
| #define BFD_LINUX 1
| #define HAVE_PATHD 1
| #define SUPPORT_OSPF_API 1
| #define DISABLE_BGP_ANNOUNCE 0
| #define ENABLE_BGP_VNC 1
| #define ENABLE_VERSION_BUILD_CONFIG 1
| #define SNMP_AGENTX 1
| #define HAVE_LIBYANG 1
| #define HAVE_LY_STRERRCODE 1
| #define HAVE_LY_STRVECODE 1
| #define HAVE_LINK_H 1
| #define HAVE_DLINFO_ORIGIN 1
| #define HAVE_DLINFO_LINKMAP 1
| #define HAVE_STRUCT_VIFCTL 1
| #define HAVE_STRUCT_MFCCTL 1
| #define HAVE_STRUCT_SIOC_SG_REQ 1
| #define HAVE_VIFI_T 1
| #define HAVE_STRUCT_SIOC_VIF_REQ 1
| #define HAVE_STRUCT_IGMPMSG 1
| #define HAVE_STRUCT_ND_OPT_ADV_INTERVAL 1
| #define HAVE_STRUCT_ND_OPT_ADV_INTERVAL 1
| /* end confdefs.h.  */
| #ifdef SUNOS_5
| #define _POSIX_C_SOURCE 200809L
| #define __EXTENSIONS__
| #endif
| #include <stdio.h>
| #include <stdlib.h>
| #include <stddef.h>
| #include <sys/types.h>
| #include <sys/param.h>
| /* Required for MAXSIG */
| #include <signal.h>
| #include <sys/socket.h>
| #include <netinet/in.h>
| #include <sys/time.h>
| #include <time.h>
| #include <net/if.h>
| 
| 
| #include <sys/un.h>
| #include <netinet/in_systm.h>
| #ifdef HAVE_NETINET_IN_VAR_H
| # include <netinet/in_var.h>
| #endif
| #ifndef __linux__
| # include <net/if_dl.h>
| #endif
| #include <net/route.h>
| #include <arpa/inet.h>
| /* Required for IDRP */
| #ifdef HAVE_NETINET_IP_ICMP_H
| # include <netinet/ip_icmp.h>
| #endif
| 
| #ifdef HAVE_LINUX_MROUTE_H
| # include <linux/mroute.h>
| #endif
| 
| #ifdef HAVE_NETINET_IP_MROUTE_H
| # include <netinet/ip_mroute.h>
| #endif
| 
| #ifdef HAVE_NETINET_IP6_MROUTE_H
| # include <netinet6/ip6_mroute.h>
| #endif
| 
| #include <netinet/icmp6.h>
| #ifdef HAVE_NETINET6_ND6_H
| # include <netinet6/nd6.h>
| #endif
| 
| 
| int
| main (void)
| {
| if (sizeof (struct nd_opt_dnssl))
| 	 return 0;
|   ;
|   return 0;
| }
configure:32537: result: no
configure:32597: checking for struct sockaddr.sa_len
configure:32597: gcc -c  -g -O2  conftest.c >&5
conftest.c: In function 'main':
conftest.c:196:12: error: 'struct sockaddr' has no member named 'sa_len'
  196 | if (ac_aggr.sa_len)
      |            ^
configure:32597: $? = 1
configure: failed program was:
| /* confdefs.h */
| #define PACKAGE_NAME "frr"
| #define PACKAGE_TARNAME "frr"
| #define PACKAGE_VERSION "10.7.0-dev"
| #define PACKAGE_STRING "frr 10.7.0-dev"
| #define PACKAGE_BUGREPORT "https://github.com/frrouting/frr/issues"
| #define PACKAGE_URL ""
| #define PACKAGE "frr"
| #define VERSION "10.7.0-dev"
| #define VICI_SOCKET "/var/run/charon.vici"
| #define HAVE_STDIO_H 1
| #define HAVE_STDLIB_H 1
| #define HAVE_STRING_H 1
| #define HAVE_INTTYPES_H 1
| #define HAVE_STDINT_H 1
| #define HAVE_STRINGS_H 1
| #define HAVE_SYS_STAT_H 1
| #define HAVE_SYS_TYPES_H 1
| #define HAVE_UNISTD_H 1
| #define HAVE_WCHAR_H 1
| #define STDC_HEADERS 1
| #define _ALL_SOURCE 1
| #define _DARWIN_C_SOURCE 1
| #define _GNU_SOURCE 1
| #define _HPUX_ALT_XOPEN_SOCKET_API 1
| #define _NETBSD_SOURCE 1
| #define _OPENBSD_SOURCE 1
| #define _POSIX_PTHREAD_SEMANTICS 1
| #define __STDC_WANT_IEC_60559_ATTRIBS_EXT__ 1
| #define __STDC_WANT_IEC_60559_BFP_EXT__ 1
| #define __STDC_WANT_IEC_60559_DFP_EXT__ 1
| #define __STDC_WANT_IEC_60559_FUNCS_EXT__ 1
| #define __STDC_WANT_IEC_60559_TYPES_EXT__ 1
| #define __STDC_WANT_LIB_EXT2__ 1
| #define __STDC_WANT_MATH_SPEC_FUNCS__ 1
| #define _TANDEM_SOURCE 1
| #define __EXTENSIONS__ 1
| #define HAVE_PTHREAD_PRIO_INHERIT 1
| #define HAVE_PTHREAD_SETNAME_NP 1
| #define HAVE_DLFCN_H 1
| #define LT_OBJDIR ".libs/"
| #define CRYPTO_INTERNAL 1
| #define HAVE_JSON_C_JSON_H 1
| #define NETLINK_DEBUG 1
| #define DFLT_NAME "traditional"
| #define HAVE_LIBELF 1
| #define HAVE_ELF_GETDATA_RAWCHUNK 1
| #define HAVE_GELF_GETNOTE 1
| #define FRR_USER "frr"
| #define FRR_GROUP "frr"
| #define VTY_GROUP "frrvty"
| #define CONFIGFILE_MASK 0640
| #define LOGFILE_MASK 0640
| #define MULTIPATH_NUM 64
| #define LOG_TIMESTAMP_PRECISION 0
| #define VTYSH_PAGER "more"
| #define GIT_VERSION 1
| #define INTERP "/lib64/ld-linux-x86-64.so.2"
| #define HAVE_ASM_TYPES_H 1
| #define HAVE_STDATOMIC_H 1
| #define HAVE_SYNC_LINUX_FUTEX /**/
| #define HAVE_NETINET_IP_ICMP_H 1
| #define HAVE_UCONTEXT_H 1
| #define HAVE_UCONTEXT_T_UC_MCONTEXT_GREGS 1
| #define GNU_LINUX 1
| #define HAVE_NETLINK 1
| #define LINUX_IPV6 1
| #define IPV6_MINHOPCOUNT 73
| #define HAVE_STRLCAT 1
| #define HAVE_STRLCPY 1
| #define HAVE_GETGROUPLIST 1
| #define HAVE_GETLOADAVG 1
| #define HAVE_OPENAT 1
| #define HAVE_UNLINKAT 1
| #define HAVE_POSIX_FALLOCATE 1
| #define HAVE_SENDMMSG 1
| #define HAVE_EXPLICIT_BZERO 1
| #define HAVE_STRUCT_MMSGHDR_MSG_HDR 1
| #define HAVE_PROTOBUF 1
| #define HAVE_PROTOBUF_VERSION_3 1
| #define VTYSH 1
| #define HAVE_RL_CLEAR_VISIBLE_LINE 1
| #define HAVE_APPEND_HISTORY 1
| #define HAVE_PPOLL 1
| #define HAVE_PPOLL 1
| #define HAVE_EPOLL_PWAIT 1
| #define USE_EPOLL 1
| #define HAVE_NETNS 1
| #define HAVE_SETNS 1
| #define ISIS_METHOD_PFPACKET 1
| #define ISIS_METHOD_DLPI 2
| #define ISIS_METHOD_BPF 3
| #define ISIS_METHOD ISIS_METHOD_PFPACKET
| #define HAVE_STRUCT_IP_MREQN_IMR_IFINDEX 1
| #define HAVE_LINUX_MROUTE_H 1
| #define HAVE_LINUX_MROUTE6_H 1
| #define HAVE_RFC3678 1
| #define HAVE_DECL_TCP_MD5SIG 1
| #define HAVE_LIBCRYPT 1
| #define HAVE_STRUCT_UTSNAME_DOMAINNAME 1
| #define HAVE_BGPD 1
| #define HAVE_MGMTD 1
| #define HAVE_RIPD 1
| #define HAVE_RIPNGD 1
| #define HAVE_OSPFD 1
| #define HAVE_OSPF6D 1
| #define HAVE_LDPD 1
| #define HAVE_NHRPD 1
| #define HAVE_EIGRPD 1
| #define HAVE_BABELD 1
| #define HAVE_ISISD 1
| #define HAVE_PIMD 1
| #define HAVE_PIM6D 1
| #define HAVE_PBRD 1
| #define HAVE_STATICD 1
| #define HAVE_FABRICD 1
| #define HAVE_VRRPD 1
| #define HAVE_BFDD 1
| #define BFD_LINUX 1
| #define HAVE_PATHD 1
| #define SUPPORT_OSPF_API 1
| #define DISABLE_BGP_ANNOUNCE 0
| #define ENABLE_BGP_VNC 1
| #define ENABLE_VERSION_BUILD_CONFIG 1
| #define SNMP_AGENTX 1
| #define HAVE_LIBYANG 1
| #define HAVE_LY_STRERRCODE 1
| #define HAVE_LY_STRVECODE 1
| #define HAVE_LINK_H 1
| #define HAVE_DLINFO_ORIGIN 1
| #define HAVE_DLINFO_LINKMAP 1
| #define HAVE_STRUCT_VIFCTL 1
| #define HAVE_STRUCT_MFCCTL 1
| #define HAVE_STRUCT_SIOC_SG_REQ 1
| #define HAVE_VIFI_T 1
| #define HAVE_STRUCT_SIOC_VIF_REQ 1
| #define HAVE_STRUCT_IGMPMSG 1
| #define HAVE_STRUCT_ND_OPT_ADV_INTERVAL 1
| #define HAVE_STRUCT_ND_OPT_ADV_INTERVAL 1
| /* end confdefs.h.  */
| #ifdef SUNOS_5
| #define _POSIX_C_SOURCE 200809L
| #define __EXTENSIONS__
| #endif
| #include <stdio.h>
| #include <stdlib.h>
| #include <stddef.h>
| #include <sys/types.h>
| #include <sys/param.h>
| /* Required for MAXSIG */
| #include <signal.h>
| #include <sys/socket.h>
| #include <netinet/in.h>
| #include <sys/time.h>
| #include <time.h>
| #include <net/if.h>
| 
| 
| #include <sys/un.h>
| #include <netinet/in_systm.h>
| #ifdef HAVE_NETINET_IN_VAR_H
| # include <netinet/in_var.h>
| #endif
| #ifndef __linux__
| # include <net/if_dl.h>
| #endif
| #include <net/route.h>
| #include <arpa/inet.h>
| /* Required for IDRP */
| #ifdef HAVE_NETINET_IP_ICMP_H
| # include <netinet/ip_icmp.h>
| #endif
| 
| #ifdef HAVE_LINUX_MROUTE_H
| # include <linux/mroute.h>
| #endif
| 
| #ifdef HAVE_NETINET_IP_MROUTE_H
| # include <netinet/ip_mroute.h>
| #endif
| 
| #ifdef HAVE_NETINET_IP6_MROUTE_H
| # include <netinet6/ip6_mroute.h>
| #endif
| 
| #include <netinet/icmp6.h>
| #ifdef HAVE_NETINET6_ND6_H
| # include <netinet6/nd6.h>
| #endif
| 
| 
| int
| main (void)
| {
| static struct sockaddr ac_aggr;
| if (ac_aggr.sa_len)
| return 0;
|   ;
|   return 0;
| }
configure:32597: gcc -c  -g -O2  conftest.c >&5
conftest.c: In function 'main':
conftest.c:196:19: error: 'struct sockaddr' has no member named 'sa_len'
  196 | if (sizeof ac_aggr.sa_len)
      |                   ^
configure:32597: $? = 1
configure: failed program was:
| /* confdefs.h */
| #define PACKAGE_NAME "frr"
| #define PACKAGE_TARNAME "frr"
| #define PACKAGE_VERSION "10.7.0-dev"
| #define PACKAGE_STRING "frr 10.7.0-dev"
| #define PACKAGE_BUGREPORT "https://github.com/frrouting/frr/issues"
| #define PACKAGE_URL ""
| #define PACKAGE "frr"
| #define VERSION "10.7.0-dev"
| #define VICI_SOCKET "/var/run/charon.vici"
| #define HAVE_STDIO_H 1
| #define HAVE_STDLIB_H 1
| #define HAVE_STRING_H 1
| #define HAVE_INTTYPES_H 1
| #define HAVE_STDINT_H 1
| #define HAVE_STRINGS_H 1
| #define HAVE_SYS_STAT_H 1
| #define HAVE_SYS_TYPES_H 1
| #define HAVE_UNISTD_H 1
| #define HAVE_WCHAR_H 1
| #define STDC_HEADERS 1
| #define _ALL_SOURCE 1
| #define _DARWIN_C_SOURCE 1
| #define _GNU_SOURCE 1
| #define _HPUX_ALT_XOPEN_SOCKET_API 1
| #define _NETBSD_SOURCE 1
| #define _OPENBSD_SOURCE 1
| #define _POSIX_PTHREAD_SEMANTICS 1
| #define __STDC_WANT_IEC_60559_ATTRIBS_EXT__ 1
| #define __STDC_WANT_IEC_60559_BFP_EXT__ 1
| #define __STDC_WANT_IEC_60559_DFP_EXT__ 1
| #define __STDC_WANT_IEC_60559_FUNCS_EXT__ 1
| #define __STDC_WANT_IEC_60559_TYPES_EXT__ 1
| #define __STDC_WANT_LIB_EXT2__ 1
| #define __STDC_WANT_MATH_SPEC_FUNCS__ 1
| #define _TANDEM_SOURCE 1
| #define __EXTENSIONS__ 1
| #define HAVE_PTHREAD_PRIO_INHERIT 1
| #define HAVE_PTHREAD_SETNAME_NP 1
| #define HAVE_DLFCN_H 1
| #define LT_OBJDIR ".libs/"
| #define CRYPTO_INTERNAL 1
| #define HAVE_JSON_C_JSON_H 1
| #define NETLINK_DEBUG 1
| #define DFLT_NAME "traditional"
| #define HAVE_LIBELF 1
| #define HAVE_ELF_GETDATA_RAWCHUNK 1
| #define HAVE_GELF_GETNOTE 1
| #define FRR_USER "frr"
| #define FRR_GROUP "frr"
| #define VTY_GROUP "frrvty"
| #define CONFIGFILE_MASK 0640
| #define LOGFILE_MASK 0640
| #define MULTIPATH_NUM 64
| #define LOG_TIMESTAMP_PRECISION 0
| #define VTYSH_PAGER "more"
| #define GIT_VERSION 1
| #define INTERP "/lib64/ld-linux-x86-64.so.2"
| #define HAVE_ASM_TYPES_H 1
| #define HAVE_STDATOMIC_H 1
| #define HAVE_SYNC_LINUX_FUTEX /**/
| #define HAVE_NETINET_IP_ICMP_H 1
| #define HAVE_UCONTEXT_H 1
| #define HAVE_UCONTEXT_T_UC_MCONTEXT_GREGS 1
| #define GNU_LINUX 1
| #define HAVE_NETLINK 1
| #define LINUX_IPV6 1
| #define IPV6_MINHOPCOUNT 73
| #define HAVE_STRLCAT 1
| #define HAVE_STRLCPY 1
| #define HAVE_GETGROUPLIST 1
| #define HAVE_GETLOADAVG 1
| #define HAVE_OPENAT 1
| #define HAVE_UNLINKAT 1
| #define HAVE_POSIX_FALLOCATE 1
| #define HAVE_SENDMMSG 1
| #define HAVE_EXPLICIT_BZERO 1
| #define HAVE_STRUCT_MMSGHDR_MSG_HDR 1
| #define HAVE_PROTOBUF 1
| #define HAVE_PROTOBUF_VERSION_3 1
| #define VTYSH 1
| #define HAVE_RL_CLEAR_VISIBLE_LINE 1
| #define HAVE_APPEND_HISTORY 1
| #define HAVE_PPOLL 1
| #define HAVE_PPOLL 1
| #define HAVE_EPOLL_PWAIT 1
| #define USE_EPOLL 1
| #define HAVE_NETNS 1
| #define HAVE_SETNS 1
| #define ISIS_METHOD_PFPACKET 1
| #define ISIS_METHOD_DLPI 2
| #define ISIS_METHOD_BPF 3
| #define ISIS_METHOD ISIS_METHOD_PFPACKET
| #define HAVE_STRUCT_IP_MREQN_IMR_IFINDEX 1
| #define HAVE_LINUX_MROUTE_H 1
| #define HAVE_LINUX_MROUTE6_H 1
| #define HAVE_RFC3678 1
| #define HAVE_DECL_TCP_MD5SIG 1
| #define HAVE_LIBCRYPT 1
| #define HAVE_STRUCT_UTSNAME_DOMAINNAME 1
| #define HAVE_BGPD 1
| #define HAVE_MGMTD 1
| #define HAVE_RIPD 1
| #define HAVE_RIPNGD 1
| #define HAVE_OSPFD 1
| #define HAVE_OSPF6D 1
| #define HAVE_LDPD 1
| #define HAVE_NHRPD 1
| #define HAVE_EIGRPD 1
| #define HAVE_BABELD 1
| #define HAVE_ISISD 1
| #define HAVE_PIMD 1
| #define HAVE_PIM6D 1
| #define HAVE_PBRD 1
| #define HAVE_STATICD 1
| #define HAVE_FABRICD 1
| #define HAVE_VRRPD 1
| #define HAVE_BFDD 1
| #define BFD_LINUX 1
| #define HAVE_PATHD 1
| #define SUPPORT_OSPF_API 1
| #define DISABLE_BGP_ANNOUNCE 0
| #define ENABLE_BGP_VNC 1
| #define ENABLE_VERSION_BUILD_CONFIG 1
| #define SNMP_AGENTX 1
| #define HAVE_LIBYANG 1
| #define HAVE_LY_STRERRCODE 1
| #define HAVE_LY_STRVECODE 1
| #define HAVE_LINK_H 1
| #define HAVE_DLINFO_ORIGIN 1
| #define HAVE_DLINFO_LINKMAP 1
| #define HAVE_STRUCT_VIFCTL 1
| #define HAVE_STRUCT_MFCCTL 1
| #define HAVE_STRUCT_SIOC_SG_REQ 1
| #define HAVE_VIFI_T 1
| #define HAVE_STRUCT_SIOC_VIF_REQ 1
| #define HAVE_STRUCT_IGMPMSG 1
| #define HAVE_STRUCT_ND_OPT_ADV_INTERVAL 1
| #define HAVE_STRUCT_ND_OPT_ADV_INTERVAL 1
| /* end confdefs.h.  */
| #ifdef SUNOS_5
| #define _POSIX_C_SOURCE 200809L
| #define __EXTENSIONS__
| #endif
| #include <stdio.h>
| #include <stdlib.h>
| #include <stddef.h>
| #include <sys/types.h>
| #include <sys/param.h>
| /* Required for MAXSIG */
| #include <signal.h>
| #include <sys/socket.h>
| #include <netinet/in.h>
| #include <sys/time.h>
| #include <time.h>
| #include <net/if.h>
| 
| 
| #include <sys/un.h>
| #include <netinet/in_systm.h>
| #ifdef HAVE_NETINET_IN_VAR_H
| # include <netinet/in_var.h>
| #endif
| #ifndef __linux__
| # include <net/if_dl.h>
| #endif
| #include <net/route.h>
| #include <arpa/inet.h>
| /* Required for IDRP */
| #ifdef HAVE_NETINET_IP_ICMP_H
| # include <netinet/ip_icmp.h>
| #endif
| 
| #ifdef HAVE_LINUX_MROUTE_H
| # include <linux/mroute.h>
| #endif
| 
| #ifdef HAVE_NETINET_IP_MROUTE_H
| # include <netinet/ip_mroute.h>
| #endif
| 
| #ifdef HAVE_NETINET_IP6_MROUTE_H
| # include <netinet6/ip6_mroute.h>
| #endif
| 
| #include <netinet/icmp6.h>
| #ifdef HAVE_NETINET6_ND6_H
| # include <netinet6/nd6.h>
| #endif
| 
| 
| int
| main (void)
| {
| static struct sockaddr ac_aggr;
| if (sizeof ac_aggr.sa_len)
| return 0;
|   ;
|   return 0;
| }
configure:32597: result: no
configure:32655: checking for struct sockaddr_in.sin_len
configure:32655: gcc -c  -g -O2  conftest.c >&5
conftest.c: In function 'main':
conftest.c:196:12: error: 'struct sockaddr_in' has no member named 'sin_len'
  196 | if (ac_aggr.sin_len)
      |            ^
configure:32655: $? = 1
configure: failed program was:
| /* confdefs.h */
| #define PACKAGE_NAME "frr"
| #define PACKAGE_TARNAME "frr"
| #define PACKAGE_VERSION "10.7.0-dev"
| #define PACKAGE_STRING "frr 10.7.0-dev"
| #define PACKAGE_BUGREPORT "https://github.com/frrouting/frr/issues"
| #define PACKAGE_URL ""
| #define PACKAGE "frr"
| #define VERSION "10.7.0-dev"
| #define VICI_SOCKET "/var/run/charon.vici"
| #define HAVE_STDIO_H 1
| #define HAVE_STDLIB_H 1
| #define HAVE_STRING_H 1
| #define HAVE_INTTYPES_H 1
| #define HAVE_STDINT_H 1
| #define HAVE_STRINGS_H 1
| #define HAVE_SYS_STAT_H 1
| #define HAVE_SYS_TYPES_H 1
| #define HAVE_UNISTD_H 1
| #define HAVE_WCHAR_H 1
| #define STDC_HEADERS 1
| #define _ALL_SOURCE 1
| #define _DARWIN_C_SOURCE 1
| #define _GNU_SOURCE 1
| #define _HPUX_ALT_XOPEN_SOCKET_API 1
| #define _NETBSD_SOURCE 1
| #define _OPENBSD_SOURCE 1
| #define _POSIX_PTHREAD_SEMANTICS 1
| #define __STDC_WANT_IEC_60559_ATTRIBS_EXT__ 1
| #define __STDC_WANT_IEC_60559_BFP_EXT__ 1
| #define __STDC_WANT_IEC_60559_DFP_EXT__ 1
| #define __STDC_WANT_IEC_60559_FUNCS_EXT__ 1
| #define __STDC_WANT_IEC_60559_TYPES_EXT__ 1
| #define __STDC_WANT_LIB_EXT2__ 1
| #define __STDC_WANT_MATH_SPEC_FUNCS__ 1
| #define _TANDEM_SOURCE 1
| #define __EXTENSIONS__ 1
| #define HAVE_PTHREAD_PRIO_INHERIT 1
| #define HAVE_PTHREAD_SETNAME_NP 1
| #define HAVE_DLFCN_H 1
| #define LT_OBJDIR ".libs/"
| #define CRYPTO_INTERNAL 1
| #define HAVE_JSON_C_JSON_H 1
| #define NETLINK_DEBUG 1
| #define DFLT_NAME "traditional"
| #define HAVE_LIBELF 1
| #define HAVE_ELF_GETDATA_RAWCHUNK 1
| #define HAVE_GELF_GETNOTE 1
| #define FRR_USER "frr"
| #define FRR_GROUP "frr"
| #define VTY_GROUP "frrvty"
| #define CONFIGFILE_MASK 0640
| #define LOGFILE_MASK 0640
| #define MULTIPATH_NUM 64
| #define LOG_TIMESTAMP_PRECISION 0
| #define VTYSH_PAGER "more"
| #define GIT_VERSION 1
| #define INTERP "/lib64/ld-linux-x86-64.so.2"
| #define HAVE_ASM_TYPES_H 1
| #define HAVE_STDATOMIC_H 1
| #define HAVE_SYNC_LINUX_FUTEX /**/
| #define HAVE_NETINET_IP_ICMP_H 1
| #define HAVE_UCONTEXT_H 1
| #define HAVE_UCONTEXT_T_UC_MCONTEXT_GREGS 1
| #define GNU_LINUX 1
| #define HAVE_NETLINK 1
| #define LINUX_IPV6 1
| #define IPV6_MINHOPCOUNT 73
| #define HAVE_STRLCAT 1
| #define HAVE_STRLCPY 1
| #define HAVE_GETGROUPLIST 1
| #define HAVE_GETLOADAVG 1
| #define HAVE_OPENAT 1
| #define HAVE_UNLINKAT 1
| #define HAVE_POSIX_FALLOCATE 1
| #define HAVE_SENDMMSG 1
| #define HAVE_EXPLICIT_BZERO 1
| #define HAVE_STRUCT_MMSGHDR_MSG_HDR 1
| #define HAVE_PROTOBUF 1
| #define HAVE_PROTOBUF_VERSION_3 1
| #define VTYSH 1
| #define HAVE_RL_CLEAR_VISIBLE_LINE 1
| #define HAVE_APPEND_HISTORY 1
| #define HAVE_PPOLL 1
| #define HAVE_PPOLL 1
| #define HAVE_EPOLL_PWAIT 1
| #define USE_EPOLL 1
| #define HAVE_NETNS 1
| #define HAVE_SETNS 1
| #define ISIS_METHOD_PFPACKET 1
| #define ISIS_METHOD_DLPI 2
| #define ISIS_METHOD_BPF 3
| #define ISIS_METHOD ISIS_METHOD_PFPACKET
| #define HAVE_STRUCT_IP_MREQN_IMR_IFINDEX 1
| #define HAVE_LINUX_MROUTE_H 1
| #define HAVE_LINUX_MROUTE6_H 1
| #define HAVE_RFC3678 1
| #define HAVE_DECL_TCP_MD5SIG 1
| #define HAVE_LIBCRYPT 1
| #define HAVE_STRUCT_UTSNAME_DOMAINNAME 1
| #define HAVE_BGPD 1
| #define HAVE_MGMTD 1
| #define HAVE_RIPD 1
| #define HAVE_RIPNGD 1
| #define HAVE_OSPFD 1
| #define HAVE_OSPF6D 1
| #define HAVE_LDPD 1
| #define HAVE_NHRPD 1
| #define HAVE_EIGRPD 1
| #define HAVE_BABELD 1
| #define HAVE_ISISD 1
| #define HAVE_PIMD 1
| #define HAVE_PIM6D 1
| #define HAVE_PBRD 1
| #define HAVE_STATICD 1
| #define HAVE_FABRICD 1
| #define HAVE_VRRPD 1
| #define HAVE_BFDD 1
| #define BFD_LINUX 1
| #define HAVE_PATHD 1
| #define SUPPORT_OSPF_API 1
| #define DISABLE_BGP_ANNOUNCE 0
| #define ENABLE_BGP_VNC 1
| #define ENABLE_VERSION_BUILD_CONFIG 1
| #define SNMP_AGENTX 1
| #define HAVE_LIBYANG 1
| #define HAVE_LY_STRERRCODE 1
| #define HAVE_LY_STRVECODE 1
| #define HAVE_LINK_H 1
| #define HAVE_DLINFO_ORIGIN 1
| #define HAVE_DLINFO_LINKMAP 1
| #define HAVE_STRUCT_VIFCTL 1
| #define HAVE_STRUCT_MFCCTL 1
| #define HAVE_STRUCT_SIOC_SG_REQ 1
| #define HAVE_VIFI_T 1
| #define HAVE_STRUCT_SIOC_VIF_REQ 1
| #define HAVE_STRUCT_IGMPMSG 1
| #define HAVE_STRUCT_ND_OPT_ADV_INTERVAL 1
| #define HAVE_STRUCT_ND_OPT_ADV_INTERVAL 1
| /* end confdefs.h.  */
| #ifdef SUNOS_5
| #define _POSIX_C_SOURCE 200809L
| #define __EXTENSIONS__
| #endif
| #include <stdio.h>
| #include <stdlib.h>
| #include <stddef.h>
| #include <sys/types.h>
| #include <sys/param.h>
| /* Required for MAXSIG */
| #include <signal.h>
| #include <sys/socket.h>
| #include <netinet/in.h>
| #include <sys/time.h>
| #include <time.h>
| #include <net/if.h>
| 
| 
| #include <sys/un.h>
| #include <netinet/in_systm.h>
| #ifdef HAVE_NETINET_IN_VAR_H
| # include <netinet/in_var.h>
| #endif
| #ifndef __linux__
| # include <net/if_dl.h>
| #endif
| #include <net/route.h>
| #include <arpa/inet.h>
| /* Required for IDRP */
| #ifdef HAVE_NETINET_IP_ICMP_H
| # include <netinet/ip_icmp.h>
| #endif
| 
| #ifdef HAVE_LINUX_MROUTE_H
| # include <linux/mroute.h>
| #endif
| 
| #ifdef HAVE_NETINET_IP_MROUTE_H
| # include <netinet/ip_mroute.h>
| #endif
| 
| #ifdef HAVE_NETINET_IP6_MROUTE_H
| # include <netinet6/ip6_mroute.h>
| #endif
| 
| #include <netinet/icmp6.h>
| #ifdef HAVE_NETINET6_ND6_H
| # include <netinet6/nd6.h>
| #endif
| 
| 
| int
| main (void)
| {
| static struct sockaddr_in ac_aggr;
| if (ac_aggr.sin_len)
| return 0;
|   ;
|   return 0;
| }
configure:32655: gcc -c  -g -O2  conftest.c >&5
conftest.c: In function 'main':
conftest.c:196:19: error: 'struct sockaddr_in' has no member named 'sin_len'
  196 | if (sizeof ac_aggr.sin_len)
      |                   ^
configure:32655: $? = 1
configure: failed program was:
| /* confdefs.h */
| #define PACKAGE_NAME "frr"
| #define PACKAGE_TARNAME "frr"
| #define PACKAGE_VERSION "10.7.0-dev"
| #define PACKAGE_STRING "frr 10.7.0-dev"
| #define PACKAGE_BUGREPORT "https://github.com/frrouting/frr/issues"
| #define PACKAGE_URL ""
| #define PACKAGE "frr"
| #define VERSION "10.7.0-dev"
| #define VICI_SOCKET "/var/run/charon.vici"
| #define HAVE_STDIO_H 1
| #define HAVE_STDLIB_H 1
| #define HAVE_STRING_H 1
| #define HAVE_INTTYPES_H 1
| #define HAVE_STDINT_H 1
| #define HAVE_STRINGS_H 1
| #define HAVE_SYS_STAT_H 1
| #define HAVE_SYS_TYPES_H 1
| #define HAVE_UNISTD_H 1
| #define HAVE_WCHAR_H 1
| #define STDC_HEADERS 1
| #define _ALL_SOURCE 1
| #define _DARWIN_C_SOURCE 1
| #define _GNU_SOURCE 1
| #define _HPUX_ALT_XOPEN_SOCKET_API 1
| #define _NETBSD_SOURCE 1
| #define _OPENBSD_SOURCE 1
| #define _POSIX_PTHREAD_SEMANTICS 1
| #define __STDC_WANT_IEC_60559_ATTRIBS_EXT__ 1
| #define __STDC_WANT_IEC_60559_BFP_EXT__ 1
| #define __STDC_WANT_IEC_60559_DFP_EXT__ 1
| #define __STDC_WANT_IEC_60559_FUNCS_EXT__ 1
| #define __STDC_WANT_IEC_60559_TYPES_EXT__ 1
| #define __STDC_WANT_LIB_EXT2__ 1
| #define __STDC_WANT_MATH_SPEC_FUNCS__ 1
| #define _TANDEM_SOURCE 1
| #define __EXTENSIONS__ 1
| #define HAVE_PTHREAD_PRIO_INHERIT 1
| #define HAVE_PTHREAD_SETNAME_NP 1
| #define HAVE_DLFCN_H 1
| #define LT_OBJDIR ".libs/"
| #define CRYPTO_INTERNAL 1
| #define HAVE_JSON_C_JSON_H 1
| #define NETLINK_DEBUG 1
| #define DFLT_NAME "traditional"
| #define HAVE_LIBELF 1
| #define HAVE_ELF_GETDATA_RAWCHUNK 1
| #define HAVE_GELF_GETNOTE 1
| #define FRR_USER "frr"
| #define FRR_GROUP "frr"
| #define VTY_GROUP "frrvty"
| #define CONFIGFILE_MASK 0640
| #define LOGFILE_MASK 0640
| #define MULTIPATH_NUM 64
| #define LOG_TIMESTAMP_PRECISION 0
| #define VTYSH_PAGER "more"
| #define GIT_VERSION 1
| #define INTERP "/lib64/ld-linux-x86-64.so.2"
| #define HAVE_ASM_TYPES_H 1
| #define HAVE_STDATOMIC_H 1
| #define HAVE_SYNC_LINUX_FUTEX /**/
| #define HAVE_NETINET_IP_ICMP_H 1
| #define HAVE_UCONTEXT_H 1
| #define HAVE_UCONTEXT_T_UC_MCONTEXT_GREGS 1
| #define GNU_LINUX 1
| #define HAVE_NETLINK 1
| #define LINUX_IPV6 1
| #define IPV6_MINHOPCOUNT 73
| #define HAVE_STRLCAT 1
| #define HAVE_STRLCPY 1
| #define HAVE_GETGROUPLIST 1
| #define HAVE_GETLOADAVG 1
| #define HAVE_OPENAT 1
| #define HAVE_UNLINKAT 1
| #define HAVE_POSIX_FALLOCATE 1
| #define HAVE_SENDMMSG 1
| #define HAVE_EXPLICIT_BZERO 1
| #define HAVE_STRUCT_MMSGHDR_MSG_HDR 1
| #define HAVE_PROTOBUF 1
| #define HAVE_PROTOBUF_VERSION_3 1
| #define VTYSH 1
| #define HAVE_RL_CLEAR_VISIBLE_LINE 1
| #define HAVE_APPEND_HISTORY 1
| #define HAVE_PPOLL 1
| #define HAVE_PPOLL 1
| #define HAVE_EPOLL_PWAIT 1
| #define USE_EPOLL 1
| #define HAVE_NETNS 1
| #define HAVE_SETNS 1
| #define ISIS_METHOD_PFPACKET 1
| #define ISIS_METHOD_DLPI 2
| #define ISIS_METHOD_BPF 3
| #define ISIS_METHOD ISIS_METHOD_PFPACKET
| #define HAVE_STRUCT_IP_MREQN_IMR_IFINDEX 1
| #define HAVE_LINUX_MROUTE_H 1
| #define HAVE_LINUX_MROUTE6_H 1
| #define HAVE_RFC3678 1
| #define HAVE_DECL_TCP_MD5SIG 1
| #define HAVE_LIBCRYPT 1
| #define HAVE_STRUCT_UTSNAME_DOMAINNAME 1
| #define HAVE_BGPD 1
| #define HAVE_MGMTD 1
| #define HAVE_RIPD 1
| #define HAVE_RIPNGD 1
| #define HAVE_OSPFD 1
| #define HAVE_OSPF6D 1
| #define HAVE_LDPD 1
| #define HAVE_NHRPD 1
| #define HAVE_EIGRPD 1
| #define HAVE_BABELD 1
| #define HAVE_ISISD 1
| #define HAVE_PIMD 1
| #define HAVE_PIM6D 1
| #define HAVE_PBRD 1
| #define HAVE_STATICD 1
| #define HAVE_FABRICD 1
| #define HAVE_VRRPD 1
| #define HAVE_BFDD 1
| #define BFD_LINUX 1
| #define HAVE_PATHD 1
| #define SUPPORT_OSPF_API 1
| #define DISABLE_BGP_ANNOUNCE 0
| #define ENABLE_BGP_VNC 1
| #define ENABLE_VERSION_BUILD_CONFIG 1
| #define SNMP_AGENTX 1
| #define HAVE_LIBYANG 1
| #define HAVE_LY_STRERRCODE 1
| #define HAVE_LY_STRVECODE 1
| #define HAVE_LINK_H 1
| #define HAVE_DLINFO_ORIGIN 1
| #define HAVE_DLINFO_LINKMAP 1
| #define HAVE_STRUCT_VIFCTL 1
| #define HAVE_STRUCT_MFCCTL 1
| #define HAVE_STRUCT_SIOC_SG_REQ 1
| #define HAVE_VIFI_T 1
| #define HAVE_STRUCT_SIOC_VIF_REQ 1
| #define HAVE_STRUCT_IGMPMSG 1
| #define HAVE_STRUCT_ND_OPT_ADV_INTERVAL 1
| #define HAVE_STRUCT_ND_OPT_ADV_INTERVAL 1
| /* end confdefs.h.  */
| #ifdef SUNOS_5
| #define _POSIX_C_SOURCE 200809L
| #define __EXTENSIONS__
| #endif
| #include <stdio.h>
| #include <stdlib.h>
| #include <stddef.h>
| #include <sys/types.h>
| #include <sys/param.h>
| /* Required for MAXSIG */
| #include <signal.h>
| #include <sys/socket.h>
| #include <netinet/in.h>
| #include <sys/time.h>
| #include <time.h>
| #include <net/if.h>
| 
| 
| #include <sys/un.h>
| #include <netinet/in_systm.h>
| #ifdef HAVE_NETINET_IN_VAR_H
| # include <netinet/in_var.h>
| #endif
| #ifndef __linux__
| # include <net/if_dl.h>
| #endif
| #include <net/route.h>
| #include <arpa/inet.h>
| /* Required for IDRP */
| #ifdef HAVE_NETINET_IP_ICMP_H
| # include <netinet/ip_icmp.h>
| #endif
| 
| #ifdef HAVE_LINUX_MROUTE_H
| # include <linux/mroute.h>
| #endif
| 
| #ifdef HAVE_NETINET_IP_MROUTE_H
| # include <netinet/ip_mroute.h>
| #endif
| 
| #ifdef HAVE_NETINET_IP6_MROUTE_H
| # include <netinet6/ip6_mroute.h>
| #endif
| 
| #include <netinet/icmp6.h>
| #ifdef HAVE_NETINET6_ND6_H
| # include <netinet6/nd6.h>
| #endif
| 
| 
| int
| main (void)
| {
| static struct sockaddr_in ac_aggr;
| if (sizeof ac_aggr.sin_len)
| return 0;
|   ;
|   return 0;
| }
configure:32655: result: no
configure:32713: checking for struct sockaddr_un.sun_len
configure:32713: gcc -c  -g -O2  conftest.c >&5
conftest.c: In function 'main':
conftest.c:196:12: error: 'struct sockaddr_un' has no member named 'sun_len'
  196 | if (ac_aggr.sun_len)
      |            ^
configure:32713: $? = 1
configure: failed program was:
| /* confdefs.h */
| #define PACKAGE_NAME "frr"
| #define PACKAGE_TARNAME "frr"
| #define PACKAGE_VERSION "10.7.0-dev"
| #define PACKAGE_STRING "frr 10.7.0-dev"
| #define PACKAGE_BUGREPORT "https://github.com/frrouting/frr/issues"
| #define PACKAGE_URL ""
| #define PACKAGE "frr"
| #define VERSION "10.7.0-dev"
| #define VICI_SOCKET "/var/run/charon.vici"
| #define HAVE_STDIO_H 1
| #define HAVE_STDLIB_H 1
| #define HAVE_STRING_H 1
| #define HAVE_INTTYPES_H 1
| #define HAVE_STDINT_H 1
| #define HAVE_STRINGS_H 1
| #define HAVE_SYS_STAT_H 1
| #define HAVE_SYS_TYPES_H 1
| #define HAVE_UNISTD_H 1
| #define HAVE_WCHAR_H 1
| #define STDC_HEADERS 1
| #define _ALL_SOURCE 1
| #define _DARWIN_C_SOURCE 1
| #define _GNU_SOURCE 1
| #define _HPUX_ALT_XOPEN_SOCKET_API 1
| #define _NETBSD_SOURCE 1
| #define _OPENBSD_SOURCE 1
| #define _POSIX_PTHREAD_SEMANTICS 1
| #define __STDC_WANT_IEC_60559_ATTRIBS_EXT__ 1
| #define __STDC_WANT_IEC_60559_BFP_EXT__ 1
| #define __STDC_WANT_IEC_60559_DFP_EXT__ 1
| #define __STDC_WANT_IEC_60559_FUNCS_EXT__ 1
| #define __STDC_WANT_IEC_60559_TYPES_EXT__ 1
| #define __STDC_WANT_LIB_EXT2__ 1
| #define __STDC_WANT_MATH_SPEC_FUNCS__ 1
| #define _TANDEM_SOURCE 1
| #define __EXTENSIONS__ 1
| #define HAVE_PTHREAD_PRIO_INHERIT 1
| #define HAVE_PTHREAD_SETNAME_NP 1
| #define HAVE_DLFCN_H 1
| #define LT_OBJDIR ".libs/"
| #define CRYPTO_INTERNAL 1
| #define HAVE_JSON_C_JSON_H 1
| #define NETLINK_DEBUG 1
| #define DFLT_NAME "traditional"
| #define HAVE_LIBELF 1
| #define HAVE_ELF_GETDATA_RAWCHUNK 1
| #define HAVE_GELF_GETNOTE 1
| #define FRR_USER "frr"
| #define FRR_GROUP "frr"
| #define VTY_GROUP "frrvty"
| #define CONFIGFILE_MASK 0640
| #define LOGFILE_MASK 0640
| #define MULTIPATH_NUM 64
| #define LOG_TIMESTAMP_PRECISION 0
| #define VTYSH_PAGER "more"
| #define GIT_VERSION 1
| #define INTERP "/lib64/ld-linux-x86-64.so.2"
| #define HAVE_ASM_TYPES_H 1
| #define HAVE_STDATOMIC_H 1
| #define HAVE_SYNC_LINUX_FUTEX /**/
| #define HAVE_NETINET_IP_ICMP_H 1
| #define HAVE_UCONTEXT_H 1
| #define HAVE_UCONTEXT_T_UC_MCONTEXT_GREGS 1
| #define GNU_LINUX 1
| #define HAVE_NETLINK 1
| #define LINUX_IPV6 1
| #define IPV6_MINHOPCOUNT 73
| #define HAVE_STRLCAT 1
| #define HAVE_STRLCPY 1
| #define HAVE_GETGROUPLIST 1
| #define HAVE_GETLOADAVG 1
| #define HAVE_OPENAT 1
| #define HAVE_UNLINKAT 1
| #define HAVE_POSIX_FALLOCATE 1
| #define HAVE_SENDMMSG 1
| #define HAVE_EXPLICIT_BZERO 1
| #define HAVE_STRUCT_MMSGHDR_MSG_HDR 1
| #define HAVE_PROTOBUF 1
| #define HAVE_PROTOBUF_VERSION_3 1
| #define VTYSH 1
| #define HAVE_RL_CLEAR_VISIBLE_LINE 1
| #define HAVE_APPEND_HISTORY 1
| #define HAVE_PPOLL 1
| #define HAVE_PPOLL 1
| #define HAVE_EPOLL_PWAIT 1
| #define USE_EPOLL 1
| #define HAVE_NETNS 1
| #define HAVE_SETNS 1
| #define ISIS_METHOD_PFPACKET 1
| #define ISIS_METHOD_DLPI 2
| #define ISIS_METHOD_BPF 3
| #define ISIS_METHOD ISIS_METHOD_PFPACKET
| #define HAVE_STRUCT_IP_MREQN_IMR_IFINDEX 1
| #define HAVE_LINUX_MROUTE_H 1
| #define HAVE_LINUX_MROUTE6_H 1
| #define HAVE_RFC3678 1
| #define HAVE_DECL_TCP_MD5SIG 1
| #define HAVE_LIBCRYPT 1
| #define HAVE_STRUCT_UTSNAME_DOMAINNAME 1
| #define HAVE_BGPD 1
| #define HAVE_MGMTD 1
| #define HAVE_RIPD 1
| #define HAVE_RIPNGD 1
| #define HAVE_OSPFD 1
| #define HAVE_OSPF6D 1
| #define HAVE_LDPD 1
| #define HAVE_NHRPD 1
| #define HAVE_EIGRPD 1
| #define HAVE_BABELD 1
| #define HAVE_ISISD 1
| #define HAVE_PIMD 1
| #define HAVE_PIM6D 1
| #define HAVE_PBRD 1
| #define HAVE_STATICD 1
| #define HAVE_FABRICD 1
| #define HAVE_VRRPD 1
| #define HAVE_BFDD 1
| #define BFD_LINUX 1
| #define HAVE_PATHD 1
| #define SUPPORT_OSPF_API 1
| #define DISABLE_BGP_ANNOUNCE 0
| #define ENABLE_BGP_VNC 1
| #define ENABLE_VERSION_BUILD_CONFIG 1
| #define SNMP_AGENTX 1
| #define HAVE_LIBYANG 1
| #define HAVE_LY_STRERRCODE 1
| #define HAVE_LY_STRVECODE 1
| #define HAVE_LINK_H 1
| #define HAVE_DLINFO_ORIGIN 1
| #define HAVE_DLINFO_LINKMAP 1
| #define HAVE_STRUCT_VIFCTL 1
| #define HAVE_STRUCT_MFCCTL 1
| #define HAVE_STRUCT_SIOC_SG_REQ 1
| #define HAVE_VIFI_T 1
| #define HAVE_STRUCT_SIOC_VIF_REQ 1
| #define HAVE_STRUCT_IGMPMSG 1
| #define HAVE_STRUCT_ND_OPT_ADV_INTERVAL 1
| #define HAVE_STRUCT_ND_OPT_ADV_INTERVAL 1
| /* end confdefs.h.  */
| #ifdef SUNOS_5
| #define _POSIX_C_SOURCE 200809L
| #define __EXTENSIONS__
| #endif
| #include <stdio.h>
| #include <stdlib.h>
| #include <stddef.h>
| #include <sys/types.h>
| #include <sys/param.h>
| /* Required for MAXSIG */
| #include <signal.h>
| #include <sys/socket.h>
| #include <netinet/in.h>
| #include <sys/time.h>
| #include <time.h>
| #include <net/if.h>
| 
| 
| #include <sys/un.h>
| #include <netinet/in_systm.h>
| #ifdef HAVE_NETINET_IN_VAR_H
| # include <netinet/in_var.h>
| #endif
| #ifndef __linux__
| # include <net/if_dl.h>
| #endif
| #include <net/route.h>
| #include <arpa/inet.h>
| /* Required for IDRP */
| #ifdef HAVE_NETINET_IP_ICMP_H
| # include <netinet/ip_icmp.h>
| #endif
| 
| #ifdef HAVE_LINUX_MROUTE_H
| # include <linux/mroute.h>
| #endif
| 
| #ifdef HAVE_NETINET_IP_MROUTE_H
| # include <netinet/ip_mroute.h>
| #endif
| 
| #ifdef HAVE_NETINET_IP6_MROUTE_H
| # include <netinet6/ip6_mroute.h>
| #endif
| 
| #include <netinet/icmp6.h>
| #ifdef HAVE_NETINET6_ND6_H
| # include <netinet6/nd6.h>
| #endif
| 
| 
| int
| main (void)
| {
| static struct sockaddr_un ac_aggr;
| if (ac_aggr.sun_len)
| return 0;
|   ;
|   return 0;
| }
configure:32713: gcc -c  -g -O2  conftest.c >&5
conftest.c: In function 'main':
conftest.c:196:19: error: 'struct sockaddr_un' has no member named 'sun_len'
  196 | if (sizeof ac_aggr.sun_len)
      |                   ^
configure:32713: $? = 1
configure: failed program was:
| /* confdefs.h */
| #define PACKAGE_NAME "frr"
| #define PACKAGE_TARNAME "frr"
| #define PACKAGE_VERSION "10.7.0-dev"
| #define PACKAGE_STRING "frr 10.7.0-dev"
| #define PACKAGE_BUGREPORT "https://github.com/frrouting/frr/issues"
| #define PACKAGE_URL ""
| #define PACKAGE "frr"
| #define VERSION "10.7.0-dev"
| #define VICI_SOCKET "/var/run/charon.vici"
| #define HAVE_STDIO_H 1
| #define HAVE_STDLIB_H 1
| #define HAVE_STRING_H 1
| #define HAVE_INTTYPES_H 1
| #define HAVE_STDINT_H 1
| #define HAVE_STRINGS_H 1
| #define HAVE_SYS_STAT_H 1
| #define HAVE_SYS_TYPES_H 1
| #define HAVE_UNISTD_H 1
| #define HAVE_WCHAR_H 1
| #define STDC_HEADERS 1
| #define _ALL_SOURCE 1
| #define _DARWIN_C_SOURCE 1
| #define _GNU_SOURCE 1
| #define _HPUX_ALT_XOPEN_SOCKET_API 1
| #define _NETBSD_SOURCE 1
| #define _OPENBSD_SOURCE 1
| #define _POSIX_PTHREAD_SEMANTICS 1
| #define __STDC_WANT_IEC_60559_ATTRIBS_EXT__ 1
| #define __STDC_WANT_IEC_60559_BFP_EXT__ 1
| #define __STDC_WANT_IEC_60559_DFP_EXT__ 1
| #define __STDC_WANT_IEC_60559_FUNCS_EXT__ 1
| #define __STDC_WANT_IEC_60559_TYPES_EXT__ 1
| #define __STDC_WANT_LIB_EXT2__ 1
| #define __STDC_WANT_MATH_SPEC_FUNCS__ 1
| #define _TANDEM_SOURCE 1
| #define __EXTENSIONS__ 1
| #define HAVE_PTHREAD_PRIO_INHERIT 1
| #define HAVE_PTHREAD_SETNAME_NP 1
| #define HAVE_DLFCN_H 1
| #define LT_OBJDIR ".libs/"
| #define CRYPTO_INTERNAL 1
| #define HAVE_JSON_C_JSON_H 1
| #define NETLINK_DEBUG 1
| #define DFLT_NAME "traditional"
| #define HAVE_LIBELF 1
| #define HAVE_ELF_GETDATA_RAWCHUNK 1
| #define HAVE_GELF_GETNOTE 1
| #define FRR_USER "frr"
| #define FRR_GROUP "frr"
| #define VTY_GROUP "frrvty"
| #define CONFIGFILE_MASK 0640
| #define LOGFILE_MASK 0640
| #define MULTIPATH_NUM 64
| #define LOG_TIMESTAMP_PRECISION 0
| #define VTYSH_PAGER "more"
| #define GIT_VERSION 1
| #define INTERP "/lib64/ld-linux-x86-64.so.2"
| #define HAVE_ASM_TYPES_H 1
| #define HAVE_STDATOMIC_H 1
| #define HAVE_SYNC_LINUX_FUTEX /**/
| #define HAVE_NETINET_IP_ICMP_H 1
| #define HAVE_UCONTEXT_H 1
| #define HAVE_UCONTEXT_T_UC_MCONTEXT_GREGS 1
| #define GNU_LINUX 1
| #define HAVE_NETLINK 1
| #define LINUX_IPV6 1
| #define IPV6_MINHOPCOUNT 73
| #define HAVE_STRLCAT 1
| #define HAVE_STRLCPY 1
| #define HAVE_GETGROUPLIST 1
| #define HAVE_GETLOADAVG 1
| #define HAVE_OPENAT 1
| #define HAVE_UNLINKAT 1
| #define HAVE_POSIX_FALLOCATE 1
| #define HAVE_SENDMMSG 1
| #define HAVE_EXPLICIT_BZERO 1
| #define HAVE_STRUCT_MMSGHDR_MSG_HDR 1
| #define HAVE_PROTOBUF 1
| #define HAVE_PROTOBUF_VERSION_3 1
| #define VTYSH 1
| #define HAVE_RL_CLEAR_VISIBLE_LINE 1
| #define HAVE_APPEND_HISTORY 1
| #define HAVE_PPOLL 1
| #define HAVE_PPOLL 1
| #define HAVE_EPOLL_PWAIT 1
| #define USE_EPOLL 1
| #define HAVE_NETNS 1
| #define HAVE_SETNS 1
| #define ISIS_METHOD_PFPACKET 1
| #define ISIS_METHOD_DLPI 2
| #define ISIS_METHOD_BPF 3
| #define ISIS_METHOD ISIS_METHOD_PFPACKET
| #define HAVE_STRUCT_IP_MREQN_IMR_IFINDEX 1
| #define HAVE_LINUX_MROUTE_H 1
| #define HAVE_LINUX_MROUTE6_H 1
| #define HAVE_RFC3678 1
| #define HAVE_DECL_TCP_MD5SIG 1
| #define HAVE_LIBCRYPT 1
| #define HAVE_STRUCT_UTSNAME_DOMAINNAME 1
| #define HAVE_BGPD 1
| #define HAVE_MGMTD 1
| #define HAVE_RIPD 1
| #define HAVE_RIPNGD 1
| #define HAVE_OSPFD 1
| #define HAVE_OSPF6D 1
| #define HAVE_LDPD 1
| #define HAVE_NHRPD 1
| #define HAVE_EIGRPD 1
| #define HAVE_BABELD 1
| #define HAVE_ISISD 1
| #define HAVE_PIMD 1
| #define HAVE_PIM6D 1
| #define HAVE_PBRD 1
| #define HAVE_STATICD 1
| #define HAVE_FABRICD 1
| #define HAVE_VRRPD 1
| #define HAVE_BFDD 1
| #define BFD_LINUX 1
| #define HAVE_PATHD 1
| #define SUPPORT_OSPF_API 1
| #define DISABLE_BGP_ANNOUNCE 0
| #define ENABLE_BGP_VNC 1
| #define ENABLE_VERSION_BUILD_CONFIG 1
| #define SNMP_AGENTX 1
| #define HAVE_LIBYANG 1
| #define HAVE_LY_STRERRCODE 1
| #define HAVE_LY_STRVECODE 1
| #define HAVE_LINK_H 1
| #define HAVE_DLINFO_ORIGIN 1
| #define HAVE_DLINFO_LINKMAP 1
| #define HAVE_STRUCT_VIFCTL 1
| #define HAVE_STRUCT_MFCCTL 1
| #define HAVE_STRUCT_SIOC_SG_REQ 1
| #define HAVE_VIFI_T 1
| #define HAVE_STRUCT_SIOC_VIF_REQ 1
| #define HAVE_STRUCT_IGMPMSG 1
| #define HAVE_STRUCT_ND_OPT_ADV_INTERVAL 1
| #define HAVE_STRUCT_ND_OPT_ADV_INTERVAL 1
| /* end confdefs.h.  */
| #ifdef SUNOS_5
| #define _POSIX_C_SOURCE 200809L
| #define __EXTENSIONS__
| #endif
| #include <stdio.h>
| #include <stdlib.h>
| #include <stddef.h>
| #include <sys/types.h>
| #include <sys/param.h>
| /* Required for MAXSIG */
| #include <signal.h>
| #include <sys/socket.h>
| #include <netinet/in.h>
| #include <sys/time.h>
| #include <time.h>
| #include <net/if.h>
| 
| 
| #include <sys/un.h>
| #include <netinet/in_systm.h>
| #ifdef HAVE_NETINET_IN_VAR_H
| # include <netinet/in_var.h>
| #endif
| #ifndef __linux__
| # include <net/if_dl.h>
| #endif
| #include <net/route.h>
| #include <arpa/inet.h>
| /* Required for IDRP */
| #ifdef HAVE_NETINET_IP_ICMP_H
| # include <netinet/ip_icmp.h>
| #endif
| 
| #ifdef HAVE_LINUX_MROUTE_H
| # include <linux/mroute.h>
| #endif
| 
| #ifdef HAVE_NETINET_IP_MROUTE_H
| # include <netinet/ip_mroute.h>
| #endif
| 
| #ifdef HAVE_NETINET_IP6_MROUTE_H
| # include <netinet6/ip6_mroute.h>
| #endif
| 
| #include <netinet/icmp6.h>
| #ifdef HAVE_NETINET6_ND6_H
| # include <netinet6/nd6.h>
| #endif
| 
| 
| int
| main (void)
| {
| static struct sockaddr_un ac_aggr;
| if (sizeof ac_aggr.sun_len)
| return 0;
|   ;
|   return 0;
| }
configure:32713: result: no
configure:32771: checking for struct sockaddr_dl.sdl_len
configure:32771: gcc -c  -g -O2  conftest.c >&5
conftest.c: In function 'main':
conftest.c:195:27: error: storage size of 'ac_aggr' isn't known
  195 | static struct sockaddr_dl ac_aggr;
      |                           ^~~~~~~
configure:32771: $? = 1
configure: failed program was:
| /* confdefs.h */
| #define PACKAGE_NAME "frr"
| #define PACKAGE_TARNAME "frr"
| #define PACKAGE_VERSION "10.7.0-dev"
| #define PACKAGE_STRING "frr 10.7.0-dev"
| #define PACKAGE_BUGREPORT "https://github.com/frrouting/frr/issues"
| #define PACKAGE_URL ""
| #define PACKAGE "frr"
| #define VERSION "10.7.0-dev"
| #define VICI_SOCKET "/var/run/charon.vici"
| #define HAVE_STDIO_H 1
| #define HAVE_STDLIB_H 1
| #define HAVE_STRING_H 1
| #define HAVE_INTTYPES_H 1
| #define HAVE_STDINT_H 1
| #define HAVE_STRINGS_H 1
| #define HAVE_SYS_STAT_H 1
| #define HAVE_SYS_TYPES_H 1
| #define HAVE_UNISTD_H 1
| #define HAVE_WCHAR_H 1
| #define STDC_HEADERS 1
| #define _ALL_SOURCE 1
| #define _DARWIN_C_SOURCE 1
| #define _GNU_SOURCE 1
| #define _HPUX_ALT_XOPEN_SOCKET_API 1
| #define _NETBSD_SOURCE 1
| #define _OPENBSD_SOURCE 1
| #define _POSIX_PTHREAD_SEMANTICS 1
| #define __STDC_WANT_IEC_60559_ATTRIBS_EXT__ 1
| #define __STDC_WANT_IEC_60559_BFP_EXT__ 1
| #define __STDC_WANT_IEC_60559_DFP_EXT__ 1
| #define __STDC_WANT_IEC_60559_FUNCS_EXT__ 1
| #define __STDC_WANT_IEC_60559_TYPES_EXT__ 1
| #define __STDC_WANT_LIB_EXT2__ 1
| #define __STDC_WANT_MATH_SPEC_FUNCS__ 1
| #define _TANDEM_SOURCE 1
| #define __EXTENSIONS__ 1
| #define HAVE_PTHREAD_PRIO_INHERIT 1
| #define HAVE_PTHREAD_SETNAME_NP 1
| #define HAVE_DLFCN_H 1
| #define LT_OBJDIR ".libs/"
| #define CRYPTO_INTERNAL 1
| #define HAVE_JSON_C_JSON_H 1
| #define NETLINK_DEBUG 1
| #define DFLT_NAME "traditional"
| #define HAVE_LIBELF 1
| #define HAVE_ELF_GETDATA_RAWCHUNK 1
| #define HAVE_GELF_GETNOTE 1
| #define FRR_USER "frr"
| #define FRR_GROUP "frr"
| #define VTY_GROUP "frrvty"
| #define CONFIGFILE_MASK 0640
| #define LOGFILE_MASK 0640
| #define MULTIPATH_NUM 64
| #define LOG_TIMESTAMP_PRECISION 0
| #define VTYSH_PAGER "more"
| #define GIT_VERSION 1
| #define INTERP "/lib64/ld-linux-x86-64.so.2"
| #define HAVE_ASM_TYPES_H 1
| #define HAVE_STDATOMIC_H 1
| #define HAVE_SYNC_LINUX_FUTEX /**/
| #define HAVE_NETINET_IP_ICMP_H 1
| #define HAVE_UCONTEXT_H 1
| #define HAVE_UCONTEXT_T_UC_MCONTEXT_GREGS 1
| #define GNU_LINUX 1
| #define HAVE_NETLINK 1
| #define LINUX_IPV6 1
| #define IPV6_MINHOPCOUNT 73
| #define HAVE_STRLCAT 1
| #define HAVE_STRLCPY 1
| #define HAVE_GETGROUPLIST 1
| #define HAVE_GETLOADAVG 1
| #define HAVE_OPENAT 1
| #define HAVE_UNLINKAT 1
| #define HAVE_POSIX_FALLOCATE 1
| #define HAVE_SENDMMSG 1
| #define HAVE_EXPLICIT_BZERO 1
| #define HAVE_STRUCT_MMSGHDR_MSG_HDR 1
| #define HAVE_PROTOBUF 1
| #define HAVE_PROTOBUF_VERSION_3 1
| #define VTYSH 1
| #define HAVE_RL_CLEAR_VISIBLE_LINE 1
| #define HAVE_APPEND_HISTORY 1
| #define HAVE_PPOLL 1
| #define HAVE_PPOLL 1
| #define HAVE_EPOLL_PWAIT 1
| #define USE_EPOLL 1
| #define HAVE_NETNS 1
| #define HAVE_SETNS 1
| #define ISIS_METHOD_PFPACKET 1
| #define ISIS_METHOD_DLPI 2
| #define ISIS_METHOD_BPF 3
| #define ISIS_METHOD ISIS_METHOD_PFPACKET
| #define HAVE_STRUCT_IP_MREQN_IMR_IFINDEX 1
| #define HAVE_LINUX_MROUTE_H 1
| #define HAVE_LINUX_MROUTE6_H 1
| #define HAVE_RFC3678 1
| #define HAVE_DECL_TCP_MD5SIG 1
| #define HAVE_LIBCRYPT 1
| #define HAVE_STRUCT_UTSNAME_DOMAINNAME 1
| #define HAVE_BGPD 1
| #define HAVE_MGMTD 1
| #define HAVE_RIPD 1
| #define HAVE_RIPNGD 1
| #define HAVE_OSPFD 1
| #define HAVE_OSPF6D 1
| #define HAVE_LDPD 1
| #define HAVE_NHRPD 1
| #define HAVE_EIGRPD 1
| #define HAVE_BABELD 1
| #define HAVE_ISISD 1
| #define HAVE_PIMD 1
| #define HAVE_PIM6D 1
| #define HAVE_PBRD 1
| #define HAVE_STATICD 1
| #define HAVE_FABRICD 1
| #define HAVE_VRRPD 1
| #define HAVE_BFDD 1
| #define BFD_LINUX 1
| #define HAVE_PATHD 1
| #define SUPPORT_OSPF_API 1
| #define DISABLE_BGP_ANNOUNCE 0
| #define ENABLE_BGP_VNC 1
| #define ENABLE_VERSION_BUILD_CONFIG 1
| #define SNMP_AGENTX 1
| #define HAVE_LIBYANG 1
| #define HAVE_LY_STRERRCODE 1
| #define HAVE_LY_STRVECODE 1
| #define HAVE_LINK_H 1
| #define HAVE_DLINFO_ORIGIN 1
| #define HAVE_DLINFO_LINKMAP 1
| #define HAVE_STRUCT_VIFCTL 1
| #define HAVE_STRUCT_MFCCTL 1
| #define HAVE_STRUCT_SIOC_SG_REQ 1
| #define HAVE_VIFI_T 1
| #define HAVE_STRUCT_SIOC_VIF_REQ 1
| #define HAVE_STRUCT_IGMPMSG 1
| #define HAVE_STRUCT_ND_OPT_ADV_INTERVAL 1
| #define HAVE_STRUCT_ND_OPT_ADV_INTERVAL 1
| /* end confdefs.h.  */
| #ifdef SUNOS_5
| #define _POSIX_C_SOURCE 200809L
| #define __EXTENSIONS__
| #endif
| #include <stdio.h>
| #include <stdlib.h>
| #include <stddef.h>
| #include <sys/types.h>
| #include <sys/param.h>
| /* Required for MAXSIG */
| #include <signal.h>
| #include <sys/socket.h>
| #include <netinet/in.h>
| #include <sys/time.h>
| #include <time.h>
| #include <net/if.h>
| 
| 
| #include <sys/un.h>
| #include <netinet/in_systm.h>
| #ifdef HAVE_NETINET_IN_VAR_H
| # include <netinet/in_var.h>
| #endif
| #ifndef __linux__
| # include <net/if_dl.h>
| #endif
| #include <net/route.h>
| #include <arpa/inet.h>
| /* Required for IDRP */
| #ifdef HAVE_NETINET_IP_ICMP_H
| # include <netinet/ip_icmp.h>
| #endif
| 
| #ifdef HAVE_LINUX_MROUTE_H
| # include <linux/mroute.h>
| #endif
| 
| #ifdef HAVE_NETINET_IP_MROUTE_H
| # include <netinet/ip_mroute.h>
| #endif
| 
| #ifdef HAVE_NETINET_IP6_MROUTE_H
| # include <netinet6/ip6_mroute.h>
| #endif
| 
| #include <netinet/icmp6.h>
| #ifdef HAVE_NETINET6_ND6_H
| # include <netinet6/nd6.h>
| #endif
| 
| 
| int
| main (void)
| {
| static struct sockaddr_dl ac_aggr;
| if (ac_aggr.sdl_len)
| return 0;
|   ;
|   return 0;
| }
configure:32771: gcc -c  -g -O2  conftest.c >&5
conftest.c: In function 'main':
conftest.c:195:27: error: storage size of 'ac_aggr' isn't known
  195 | static struct sockaddr_dl ac_aggr;
      |                           ^~~~~~~
configure:32771: $? = 1
configure: failed program was:
| /* confdefs.h */
| #define PACKAGE_NAME "frr"
| #define PACKAGE_TARNAME "frr"
| #define PACKAGE_VERSION "10.7.0-dev"
| #define PACKAGE_STRING "frr 10.7.0-dev"
| #define PACKAGE_BUGREPORT "https://github.com/frrouting/frr/issues"
| #define PACKAGE_URL ""
| #define PACKAGE "frr"
| #define VERSION "10.7.0-dev"
| #define VICI_SOCKET "/var/run/charon.vici"
| #define HAVE_STDIO_H 1
| #define HAVE_STDLIB_H 1
| #define HAVE_STRING_H 1
| #define HAVE_INTTYPES_H 1
| #define HAVE_STDINT_H 1
| #define HAVE_STRINGS_H 1
| #define HAVE_SYS_STAT_H 1
| #define HAVE_SYS_TYPES_H 1
| #define HAVE_UNISTD_H 1
| #define HAVE_WCHAR_H 1
| #define STDC_HEADERS 1
| #define _ALL_SOURCE 1
| #define _DARWIN_C_SOURCE 1
| #define _GNU_SOURCE 1
| #define _HPUX_ALT_XOPEN_SOCKET_API 1
| #define _NETBSD_SOURCE 1
| #define _OPENBSD_SOURCE 1
| #define _POSIX_PTHREAD_SEMANTICS 1
| #define __STDC_WANT_IEC_60559_ATTRIBS_EXT__ 1
| #define __STDC_WANT_IEC_60559_BFP_EXT__ 1
| #define __STDC_WANT_IEC_60559_DFP_EXT__ 1
| #define __STDC_WANT_IEC_60559_FUNCS_EXT__ 1
| #define __STDC_WANT_IEC_60559_TYPES_EXT__ 1
| #define __STDC_WANT_LIB_EXT2__ 1
| #define __STDC_WANT_MATH_SPEC_FUNCS__ 1
| #define _TANDEM_SOURCE 1
| #define __EXTENSIONS__ 1
| #define HAVE_PTHREAD_PRIO_INHERIT 1
| #define HAVE_PTHREAD_SETNAME_NP 1
| #define HAVE_DLFCN_H 1
| #define LT_OBJDIR ".libs/"
| #define CRYPTO_INTERNAL 1
| #define HAVE_JSON_C_JSON_H 1
| #define NETLINK_DEBUG 1
| #define DFLT_NAME "traditional"
| #define HAVE_LIBELF 1
| #define HAVE_ELF_GETDATA_RAWCHUNK 1
| #define HAVE_GELF_GETNOTE 1
| #define FRR_USER "frr"
| #define FRR_GROUP "frr"
| #define VTY_GROUP "frrvty"
| #define CONFIGFILE_MASK 0640
| #define LOGFILE_MASK 0640
| #define MULTIPATH_NUM 64
| #define LOG_TIMESTAMP_PRECISION 0
| #define VTYSH_PAGER "more"
| #define GIT_VERSION 1
| #define INTERP "/lib64/ld-linux-x86-64.so.2"
| #define HAVE_ASM_TYPES_H 1
| #define HAVE_STDATOMIC_H 1
| #define HAVE_SYNC_LINUX_FUTEX /**/
| #define HAVE_NETINET_IP_ICMP_H 1
| #define HAVE_UCONTEXT_H 1
| #define HAVE_UCONTEXT_T_UC_MCONTEXT_GREGS 1
| #define GNU_LINUX 1
| #define HAVE_NETLINK 1
| #define LINUX_IPV6 1
| #define IPV6_MINHOPCOUNT 73
| #define HAVE_STRLCAT 1
| #define HAVE_STRLCPY 1
| #define HAVE_GETGROUPLIST 1
| #define HAVE_GETLOADAVG 1
| #define HAVE_OPENAT 1
| #define HAVE_UNLINKAT 1
| #define HAVE_POSIX_FALLOCATE 1
| #define HAVE_SENDMMSG 1
| #define HAVE_EXPLICIT_BZERO 1
| #define HAVE_STRUCT_MMSGHDR_MSG_HDR 1
| #define HAVE_PROTOBUF 1
| #define HAVE_PROTOBUF_VERSION_3 1
| #define VTYSH 1
| #define HAVE_RL_CLEAR_VISIBLE_LINE 1
| #define HAVE_APPEND_HISTORY 1
| #define HAVE_PPOLL 1
| #define HAVE_PPOLL 1
| #define HAVE_EPOLL_PWAIT 1
| #define USE_EPOLL 1
| #define HAVE_NETNS 1
| #define HAVE_SETNS 1
| #define ISIS_METHOD_PFPACKET 1
| #define ISIS_METHOD_DLPI 2
| #define ISIS_METHOD_BPF 3
| #define ISIS_METHOD ISIS_METHOD_PFPACKET
| #define HAVE_STRUCT_IP_MREQN_IMR_IFINDEX 1
| #define HAVE_LINUX_MROUTE_H 1
| #define HAVE_LINUX_MROUTE6_H 1
| #define HAVE_RFC3678 1
| #define HAVE_DECL_TCP_MD5SIG 1
| #define HAVE_LIBCRYPT 1
| #define HAVE_STRUCT_UTSNAME_DOMAINNAME 1
| #define HAVE_BGPD 1
| #define HAVE_MGMTD 1
| #define HAVE_RIPD 1
| #define HAVE_RIPNGD 1
| #define HAVE_OSPFD 1
| #define HAVE_OSPF6D 1
| #define HAVE_LDPD 1
| #define HAVE_NHRPD 1
| #define HAVE_EIGRPD 1
| #define HAVE_BABELD 1
| #define HAVE_ISISD 1
| #define HAVE_PIMD 1
| #define HAVE_PIM6D 1
| #define HAVE_PBRD 1
| #define HAVE_STATICD 1
| #define HAVE_FABRICD 1
| #define HAVE_VRRPD 1
| #define HAVE_BFDD 1
| #define BFD_LINUX 1
| #define HAVE_PATHD 1
| #define SUPPORT_OSPF_API 1
| #define DISABLE_BGP_ANNOUNCE 0
| #define ENABLE_BGP_VNC 1
| #define ENABLE_VERSION_BUILD_CONFIG 1
| #define SNMP_AGENTX 1
| #define HAVE_LIBYANG 1
| #define HAVE_LY_STRERRCODE 1
| #define HAVE_LY_STRVECODE 1
| #define HAVE_LINK_H 1
| #define HAVE_DLINFO_ORIGIN 1
| #define HAVE_DLINFO_LINKMAP 1
| #define HAVE_STRUCT_VIFCTL 1
| #define HAVE_STRUCT_MFCCTL 1
| #define HAVE_STRUCT_SIOC_SG_REQ 1
| #define HAVE_VIFI_T 1
| #define HAVE_STRUCT_SIOC_VIF_REQ 1
| #define HAVE_STRUCT_IGMPMSG 1
| #define HAVE_STRUCT_ND_OPT_ADV_INTERVAL 1
| #define HAVE_STRUCT_ND_OPT_ADV_INTERVAL 1
| /* end confdefs.h.  */
| #ifdef SUNOS_5
| #define _POSIX_C_SOURCE 200809L
| #define __EXTENSIONS__
| #endif
| #include <stdio.h>
| #include <stdlib.h>
| #include <stddef.h>
| #include <sys/types.h>
| #include <sys/param.h>
| /* Required for MAXSIG */
| #include <signal.h>
| #include <sys/socket.h>
| #include <netinet/in.h>
| #include <sys/time.h>
| #include <time.h>
| #include <net/if.h>
| 
| 
| #include <sys/un.h>
| #include <netinet/in_systm.h>
| #ifdef HAVE_NETINET_IN_VAR_H
| # include <netinet/in_var.h>
| #endif
| #ifndef __linux__
| # include <net/if_dl.h>
| #endif
| #include <net/route.h>
| #include <arpa/inet.h>
| /* Required for IDRP */
| #ifdef HAVE_NETINET_IP_ICMP_H
| # include <netinet/ip_icmp.h>
| #endif
| 
| #ifdef HAVE_LINUX_MROUTE_H
| # include <linux/mroute.h>
| #endif
| 
| #ifdef HAVE_NETINET_IP_MROUTE_H
| # include <netinet/ip_mroute.h>
| #endif
| 
| #ifdef HAVE_NETINET_IP6_MROUTE_H
| # include <netinet6/ip6_mroute.h>
| #endif
| 
| #include <netinet/icmp6.h>
| #ifdef HAVE_NETINET6_ND6_H
| # include <netinet6/nd6.h>
| #endif
| 
| 
| int
| main (void)
| {
| static struct sockaddr_dl ac_aggr;
| if (sizeof ac_aggr.sdl_len)
| return 0;
|   ;
|   return 0;
| }
configure:32771: result: no
configure:32829: checking for struct nd_opt_adv_interval.nd_opt_ai_type
configure:32829: gcc -c  -g -O2  conftest.c >&5
conftest.c: In function 'main':
conftest.c:196:12: error: 'struct nd_opt_adv_interval' has no member named 'nd_opt_ai_type'
  196 | if (ac_aggr.nd_opt_ai_type)
      |            ^
configure:32829: $? = 1
configure: failed program was:
| /* confdefs.h */
| #define PACKAGE_NAME "frr"
| #define PACKAGE_TARNAME "frr"
| #define PACKAGE_VERSION "10.7.0-dev"
| #define PACKAGE_STRING "frr 10.7.0-dev"
| #define PACKAGE_BUGREPORT "https://github.com/frrouting/frr/issues"
| #define PACKAGE_URL ""
| #define PACKAGE "frr"
| #define VERSION "10.7.0-dev"
| #define VICI_SOCKET "/var/run/charon.vici"
| #define HAVE_STDIO_H 1
| #define HAVE_STDLIB_H 1
| #define HAVE_STRING_H 1
| #define HAVE_INTTYPES_H 1
| #define HAVE_STDINT_H 1
| #define HAVE_STRINGS_H 1
| #define HAVE_SYS_STAT_H 1
| #define HAVE_SYS_TYPES_H 1
| #define HAVE_UNISTD_H 1
| #define HAVE_WCHAR_H 1
| #define STDC_HEADERS 1
| #define _ALL_SOURCE 1
| #define _DARWIN_C_SOURCE 1
| #define _GNU_SOURCE 1
| #define _HPUX_ALT_XOPEN_SOCKET_API 1
| #define _NETBSD_SOURCE 1
| #define _OPENBSD_SOURCE 1
| #define _POSIX_PTHREAD_SEMANTICS 1
| #define __STDC_WANT_IEC_60559_ATTRIBS_EXT__ 1
| #define __STDC_WANT_IEC_60559_BFP_EXT__ 1
| #define __STDC_WANT_IEC_60559_DFP_EXT__ 1
| #define __STDC_WANT_IEC_60559_FUNCS_EXT__ 1
| #define __STDC_WANT_IEC_60559_TYPES_EXT__ 1
| #define __STDC_WANT_LIB_EXT2__ 1
| #define __STDC_WANT_MATH_SPEC_FUNCS__ 1
| #define _TANDEM_SOURCE 1
| #define __EXTENSIONS__ 1
| #define HAVE_PTHREAD_PRIO_INHERIT 1
| #define HAVE_PTHREAD_SETNAME_NP 1
| #define HAVE_DLFCN_H 1
| #define LT_OBJDIR ".libs/"
| #define CRYPTO_INTERNAL 1
| #define HAVE_JSON_C_JSON_H 1
| #define NETLINK_DEBUG 1
| #define DFLT_NAME "traditional"
| #define HAVE_LIBELF 1
| #define HAVE_ELF_GETDATA_RAWCHUNK 1
| #define HAVE_GELF_GETNOTE 1
| #define FRR_USER "frr"
| #define FRR_GROUP "frr"
| #define VTY_GROUP "frrvty"
| #define CONFIGFILE_MASK 0640
| #define LOGFILE_MASK 0640
| #define MULTIPATH_NUM 64
| #define LOG_TIMESTAMP_PRECISION 0
| #define VTYSH_PAGER "more"
| #define GIT_VERSION 1
| #define INTERP "/lib64/ld-linux-x86-64.so.2"
| #define HAVE_ASM_TYPES_H 1
| #define HAVE_STDATOMIC_H 1
| #define HAVE_SYNC_LINUX_FUTEX /**/
| #define HAVE_NETINET_IP_ICMP_H 1
| #define HAVE_UCONTEXT_H 1
| #define HAVE_UCONTEXT_T_UC_MCONTEXT_GREGS 1
| #define GNU_LINUX 1
| #define HAVE_NETLINK 1
| #define LINUX_IPV6 1
| #define IPV6_MINHOPCOUNT 73
| #define HAVE_STRLCAT 1
| #define HAVE_STRLCPY 1
| #define HAVE_GETGROUPLIST 1
| #define HAVE_GETLOADAVG 1
| #define HAVE_OPENAT 1
| #define HAVE_UNLINKAT 1
| #define HAVE_POSIX_FALLOCATE 1
| #define HAVE_SENDMMSG 1
| #define HAVE_EXPLICIT_BZERO 1
| #define HAVE_STRUCT_MMSGHDR_MSG_HDR 1
| #define HAVE_PROTOBUF 1
| #define HAVE_PROTOBUF_VERSION_3 1
| #define VTYSH 1
| #define HAVE_RL_CLEAR_VISIBLE_LINE 1
| #define HAVE_APPEND_HISTORY 1
| #define HAVE_PPOLL 1
| #define HAVE_PPOLL 1
| #define HAVE_EPOLL_PWAIT 1
| #define USE_EPOLL 1
| #define HAVE_NETNS 1
| #define HAVE_SETNS 1
| #define ISIS_METHOD_PFPACKET 1
| #define ISIS_METHOD_DLPI 2
| #define ISIS_METHOD_BPF 3
| #define ISIS_METHOD ISIS_METHOD_PFPACKET
| #define HAVE_STRUCT_IP_MREQN_IMR_IFINDEX 1
| #define HAVE_LINUX_MROUTE_H 1
| #define HAVE_LINUX_MROUTE6_H 1
| #define HAVE_RFC3678 1
| #define HAVE_DECL_TCP_MD5SIG 1
| #define HAVE_LIBCRYPT 1
| #define HAVE_STRUCT_UTSNAME_DOMAINNAME 1
| #define HAVE_BGPD 1
| #define HAVE_MGMTD 1
| #define HAVE_RIPD 1
| #define HAVE_RIPNGD 1
| #define HAVE_OSPFD 1
| #define HAVE_OSPF6D 1
| #define HAVE_LDPD 1
| #define HAVE_NHRPD 1
| #define HAVE_EIGRPD 1
| #define HAVE_BABELD 1
| #define HAVE_ISISD 1
| #define HAVE_PIMD 1
| #define HAVE_PIM6D 1
| #define HAVE_PBRD 1
| #define HAVE_STATICD 1
| #define HAVE_FABRICD 1
| #define HAVE_VRRPD 1
| #define HAVE_BFDD 1
| #define BFD_LINUX 1
| #define HAVE_PATHD 1
| #define SUPPORT_OSPF_API 1
| #define DISABLE_BGP_ANNOUNCE 0
| #define ENABLE_BGP_VNC 1
| #define ENABLE_VERSION_BUILD_CONFIG 1
| #define SNMP_AGENTX 1
| #define HAVE_LIBYANG 1
| #define HAVE_LY_STRERRCODE 1
| #define HAVE_LY_STRVECODE 1
| #define HAVE_LINK_H 1
| #define HAVE_DLINFO_ORIGIN 1
| #define HAVE_DLINFO_LINKMAP 1
| #define HAVE_STRUCT_VIFCTL 1
| #define HAVE_STRUCT_MFCCTL 1
| #define HAVE_STRUCT_SIOC_SG_REQ 1
| #define HAVE_VIFI_T 1
| #define HAVE_STRUCT_SIOC_VIF_REQ 1
| #define HAVE_STRUCT_IGMPMSG 1
| #define HAVE_STRUCT_ND_OPT_ADV_INTERVAL 1
| #define HAVE_STRUCT_ND_OPT_ADV_INTERVAL 1
| /* end confdefs.h.  */
| #ifdef SUNOS_5
| #define _POSIX_C_SOURCE 200809L
| #define __EXTENSIONS__
| #endif
| #include <stdio.h>
| #include <stdlib.h>
| #include <stddef.h>
| #include <sys/types.h>
| #include <sys/param.h>
| /* Required for MAXSIG */
| #include <signal.h>
| #include <sys/socket.h>
| #include <netinet/in.h>
| #include <sys/time.h>
| #include <time.h>
| #include <net/if.h>
| 
| 
| #include <sys/un.h>
| #include <netinet/in_systm.h>
| #ifdef HAVE_NETINET_IN_VAR_H
| # include <netinet/in_var.h>
| #endif
| #ifndef __linux__
| # include <net/if_dl.h>
| #endif
| #include <net/route.h>
| #include <arpa/inet.h>
| /* Required for IDRP */
| #ifdef HAVE_NETINET_IP_ICMP_H
| # include <netinet/ip_icmp.h>
| #endif
| 
| #ifdef HAVE_LINUX_MROUTE_H
| # include <linux/mroute.h>
| #endif
| 
| #ifdef HAVE_NETINET_IP_MROUTE_H
| # include <netinet/ip_mroute.h>
| #endif
| 
| #ifdef HAVE_NETINET_IP6_MROUTE_H
| # include <netinet6/ip6_mroute.h>
| #endif
| 
| #include <netinet/icmp6.h>
| #ifdef HAVE_NETINET6_ND6_H
| # include <netinet6/nd6.h>
| #endif
| 
| 
| int
| main (void)
| {
| static struct nd_opt_adv_interval ac_aggr;
| if (ac_aggr.nd_opt_ai_type)
| return 0;
|   ;
|   return 0;
| }
configure:32829: gcc -c  -g -O2  conftest.c >&5
conftest.c: In function 'main':
conftest.c:196:19: error: 'struct nd_opt_adv_interval' has no member named 'nd_opt_ai_type'
  196 | if (sizeof ac_aggr.nd_opt_ai_type)
      |                   ^
configure:32829: $? = 1
configure: failed program was:
| /* confdefs.h */
| #define PACKAGE_NAME "frr"
| #define PACKAGE_TARNAME "frr"
| #define PACKAGE_VERSION "10.7.0-dev"
| #define PACKAGE_STRING "frr 10.7.0-dev"
| #define PACKAGE_BUGREPORT "https://github.com/frrouting/frr/issues"
| #define PACKAGE_URL ""
| #define PACKAGE "frr"
| #define VERSION "10.7.0-dev"
| #define VICI_SOCKET "/var/run/charon.vici"
| #define HAVE_STDIO_H 1
| #define HAVE_STDLIB_H 1
| #define HAVE_STRING_H 1
| #define HAVE_INTTYPES_H 1
| #define HAVE_STDINT_H 1
| #define HAVE_STRINGS_H 1
| #define HAVE_SYS_STAT_H 1
| #define HAVE_SYS_TYPES_H 1
| #define HAVE_UNISTD_H 1
| #define HAVE_WCHAR_H 1
| #define STDC_HEADERS 1
| #define _ALL_SOURCE 1
| #define _DARWIN_C_SOURCE 1
| #define _GNU_SOURCE 1
| #define _HPUX_ALT_XOPEN_SOCKET_API 1
| #define _NETBSD_SOURCE 1
| #define _OPENBSD_SOURCE 1
| #define _POSIX_PTHREAD_SEMANTICS 1
| #define __STDC_WANT_IEC_60559_ATTRIBS_EXT__ 1
| #define __STDC_WANT_IEC_60559_BFP_EXT__ 1
| #define __STDC_WANT_IEC_60559_DFP_EXT__ 1
| #define __STDC_WANT_IEC_60559_FUNCS_EXT__ 1
| #define __STDC_WANT_IEC_60559_TYPES_EXT__ 1
| #define __STDC_WANT_LIB_EXT2__ 1
| #define __STDC_WANT_MATH_SPEC_FUNCS__ 1
| #define _TANDEM_SOURCE 1
| #define __EXTENSIONS__ 1
| #define HAVE_PTHREAD_PRIO_INHERIT 1
| #define HAVE_PTHREAD_SETNAME_NP 1
| #define HAVE_DLFCN_H 1
| #define LT_OBJDIR ".libs/"
| #define CRYPTO_INTERNAL 1
| #define HAVE_JSON_C_JSON_H 1
| #define NETLINK_DEBUG 1
| #define DFLT_NAME "traditional"
| #define HAVE_LIBELF 1
| #define HAVE_ELF_GETDATA_RAWCHUNK 1
| #define HAVE_GELF_GETNOTE 1
| #define FRR_USER "frr"
| #define FRR_GROUP "frr"
| #define VTY_GROUP "frrvty"
| #define CONFIGFILE_MASK 0640
| #define LOGFILE_MASK 0640
| #define MULTIPATH_NUM 64
| #define LOG_TIMESTAMP_PRECISION 0
| #define VTYSH_PAGER "more"
| #define GIT_VERSION 1
| #define INTERP "/lib64/ld-linux-x86-64.so.2"
| #define HAVE_ASM_TYPES_H 1
| #define HAVE_STDATOMIC_H 1
| #define HAVE_SYNC_LINUX_FUTEX /**/
| #define HAVE_NETINET_IP_ICMP_H 1
| #define HAVE_UCONTEXT_H 1
| #define HAVE_UCONTEXT_T_UC_MCONTEXT_GREGS 1
| #define GNU_LINUX 1
| #define HAVE_NETLINK 1
| #define LINUX_IPV6 1
| #define IPV6_MINHOPCOUNT 73
| #define HAVE_STRLCAT 1
| #define HAVE_STRLCPY 1
| #define HAVE_GETGROUPLIST 1
| #define HAVE_GETLOADAVG 1
| #define HAVE_OPENAT 1
| #define HAVE_UNLINKAT 1
| #define HAVE_POSIX_FALLOCATE 1
| #define HAVE_SENDMMSG 1
| #define HAVE_EXPLICIT_BZERO 1
| #define HAVE_STRUCT_MMSGHDR_MSG_HDR 1
| #define HAVE_PROTOBUF 1
| #define HAVE_PROTOBUF_VERSION_3 1
| #define VTYSH 1
| #define HAVE_RL_CLEAR_VISIBLE_LINE 1
| #define HAVE_APPEND_HISTORY 1
| #define HAVE_PPOLL 1
| #define HAVE_PPOLL 1
| #define HAVE_EPOLL_PWAIT 1
| #define USE_EPOLL 1
| #define HAVE_NETNS 1
| #define HAVE_SETNS 1
| #define ISIS_METHOD_PFPACKET 1
| #define ISIS_METHOD_DLPI 2
| #define ISIS_METHOD_BPF 3
| #define ISIS_METHOD ISIS_METHOD_PFPACKET
| #define HAVE_STRUCT_IP_MREQN_IMR_IFINDEX 1
| #define HAVE_LINUX_MROUTE_H 1
| #define HAVE_LINUX_MROUTE6_H 1
| #define HAVE_RFC3678 1
| #define HAVE_DECL_TCP_MD5SIG 1
| #define HAVE_LIBCRYPT 1
| #define HAVE_STRUCT_UTSNAME_DOMAINNAME 1
| #define HAVE_BGPD 1
| #define HAVE_MGMTD 1
| #define HAVE_RIPD 1
| #define HAVE_RIPNGD 1
| #define HAVE_OSPFD 1
| #define HAVE_OSPF6D 1
| #define HAVE_LDPD 1
| #define HAVE_NHRPD 1
| #define HAVE_EIGRPD 1
| #define HAVE_BABELD 1
| #define HAVE_ISISD 1
| #define HAVE_PIMD 1
| #define HAVE_PIM6D 1
| #define HAVE_PBRD 1
| #define HAVE_STATICD 1
| #define HAVE_FABRICD 1
| #define HAVE_VRRPD 1
| #define HAVE_BFDD 1
| #define BFD_LINUX 1
| #define HAVE_PATHD 1
| #define SUPPORT_OSPF_API 1
| #define DISABLE_BGP_ANNOUNCE 0
| #define ENABLE_BGP_VNC 1
| #define ENABLE_VERSION_BUILD_CONFIG 1
| #define SNMP_AGENTX 1
| #define HAVE_LIBYANG 1
| #define HAVE_LY_STRERRCODE 1
| #define HAVE_LY_STRVECODE 1
| #define HAVE_LINK_H 1
| #define HAVE_DLINFO_ORIGIN 1
| #define HAVE_DLINFO_LINKMAP 1
| #define HAVE_STRUCT_VIFCTL 1
| #define HAVE_STRUCT_MFCCTL 1
| #define HAVE_STRUCT_SIOC_SG_REQ 1
| #define HAVE_VIFI_T 1
| #define HAVE_STRUCT_SIOC_VIF_REQ 1
| #define HAVE_STRUCT_IGMPMSG 1
| #define HAVE_STRUCT_ND_OPT_ADV_INTERVAL 1
| #define HAVE_STRUCT_ND_OPT_ADV_INTERVAL 1
| /* end confdefs.h.  */
| #ifdef SUNOS_5
| #define _POSIX_C_SOURCE 200809L
| #define __EXTENSIONS__
| #endif
| #include <stdio.h>
| #include <stdlib.h>
| #include <stddef.h>
| #include <sys/types.h>
| #include <sys/param.h>
| /* Required for MAXSIG */
| #include <signal.h>
| #include <sys/socket.h>
| #include <netinet/in.h>
| #include <sys/time.h>
| #include <time.h>
| #include <net/if.h>
| 
| 
| #include <sys/un.h>
| #include <netinet/in_systm.h>
| #ifdef HAVE_NETINET_IN_VAR_H
| # include <netinet/in_var.h>
| #endif
| #ifndef __linux__
| # include <net/if_dl.h>
| #endif
| #include <net/route.h>
| #include <arpa/inet.h>
| /* Required for IDRP */
| #ifdef HAVE_NETINET_IP_ICMP_H
| # include <netinet/ip_icmp.h>
| #endif
| 
| #ifdef HAVE_LINUX_MROUTE_H
| # include <linux/mroute.h>
| #endif
| 
| #ifdef HAVE_NETINET_IP_MROUTE_H
| # include <netinet/ip_mroute.h>
| #endif
| 
| #ifdef HAVE_NETINET_IP6_MROUTE_H
| # include <netinet6/ip6_mroute.h>
| #endif
| 
| #include <netinet/icmp6.h>
| #ifdef HAVE_NETINET6_ND6_H
| # include <netinet6/nd6.h>
| #endif
| 
| 
| int
| main (void)
| {
| static struct nd_opt_adv_interval ac_aggr;
| if (sizeof ac_aggr.nd_opt_ai_type)
| return 0;
|   ;
|   return 0;
| }
configure:32829: result: no
configure:32890: checking for IP_PKTINFO
configure:32908: gcc -c  -g -O2  conftest.c >&5
configure:32908: $? = 0
configure:32911: result: yes
configure:32925: checking for IP_RECVDSTADDR
configure:32943: gcc -c  -g -O2  conftest.c >&5
conftest.c: In function 'main':
conftest.c:149:19: error: 'IP_RECVDSTADDR' undeclared (first use in this function); did you mean 'IP_ORIGDSTADDR'?
  149 |         int opt = IP_RECVDSTADDR;
      |                   ^~~~~~~~~~~~~~
      |                   IP_ORIGDSTADDR
conftest.c:149:19: note: each undeclared identifier is reported only once for each function it appears in
configure:32943: $? = 1
configure: failed program was:
| /* confdefs.h */
| #define PACKAGE_NAME "frr"
| #define PACKAGE_TARNAME "frr"
| #define PACKAGE_VERSION "10.7.0-dev"
| #define PACKAGE_STRING "frr 10.7.0-dev"
| #define PACKAGE_BUGREPORT "https://github.com/frrouting/frr/issues"
| #define PACKAGE_URL ""
| #define PACKAGE "frr"
| #define VERSION "10.7.0-dev"
| #define VICI_SOCKET "/var/run/charon.vici"
| #define HAVE_STDIO_H 1
| #define HAVE_STDLIB_H 1
| #define HAVE_STRING_H 1
| #define HAVE_INTTYPES_H 1
| #define HAVE_STDINT_H 1
| #define HAVE_STRINGS_H 1
| #define HAVE_SYS_STAT_H 1
| #define HAVE_SYS_TYPES_H 1
| #define HAVE_UNISTD_H 1
| #define HAVE_WCHAR_H 1
| #define STDC_HEADERS 1
| #define _ALL_SOURCE 1
| #define _DARWIN_C_SOURCE 1
| #define _GNU_SOURCE 1
| #define _HPUX_ALT_XOPEN_SOCKET_API 1
| #define _NETBSD_SOURCE 1
| #define _OPENBSD_SOURCE 1
| #define _POSIX_PTHREAD_SEMANTICS 1
| #define __STDC_WANT_IEC_60559_ATTRIBS_EXT__ 1
| #define __STDC_WANT_IEC_60559_BFP_EXT__ 1
| #define __STDC_WANT_IEC_60559_DFP_EXT__ 1
| #define __STDC_WANT_IEC_60559_FUNCS_EXT__ 1
| #define __STDC_WANT_IEC_60559_TYPES_EXT__ 1
| #define __STDC_WANT_LIB_EXT2__ 1
| #define __STDC_WANT_MATH_SPEC_FUNCS__ 1
| #define _TANDEM_SOURCE 1
| #define __EXTENSIONS__ 1
| #define HAVE_PTHREAD_PRIO_INHERIT 1
| #define HAVE_PTHREAD_SETNAME_NP 1
| #define HAVE_DLFCN_H 1
| #define LT_OBJDIR ".libs/"
| #define CRYPTO_INTERNAL 1
| #define HAVE_JSON_C_JSON_H 1
| #define NETLINK_DEBUG 1
| #define DFLT_NAME "traditional"
| #define HAVE_LIBELF 1
| #define HAVE_ELF_GETDATA_RAWCHUNK 1
| #define HAVE_GELF_GETNOTE 1
| #define FRR_USER "frr"
| #define FRR_GROUP "frr"
| #define VTY_GROUP "frrvty"
| #define CONFIGFILE_MASK 0640
| #define LOGFILE_MASK 0640
| #define MULTIPATH_NUM 64
| #define LOG_TIMESTAMP_PRECISION 0
| #define VTYSH_PAGER "more"
| #define GIT_VERSION 1
| #define INTERP "/lib64/ld-linux-x86-64.so.2"
| #define HAVE_ASM_TYPES_H 1
| #define HAVE_STDATOMIC_H 1
| #define HAVE_SYNC_LINUX_FUTEX /**/
| #define HAVE_NETINET_IP_ICMP_H 1
| #define HAVE_UCONTEXT_H 1
| #define HAVE_UCONTEXT_T_UC_MCONTEXT_GREGS 1
| #define GNU_LINUX 1
| #define HAVE_NETLINK 1
| #define LINUX_IPV6 1
| #define IPV6_MINHOPCOUNT 73
| #define HAVE_STRLCAT 1
| #define HAVE_STRLCPY 1
| #define HAVE_GETGROUPLIST 1
| #define HAVE_GETLOADAVG 1
| #define HAVE_OPENAT 1
| #define HAVE_UNLINKAT 1
| #define HAVE_POSIX_FALLOCATE 1
| #define HAVE_SENDMMSG 1
| #define HAVE_EXPLICIT_BZERO 1
| #define HAVE_STRUCT_MMSGHDR_MSG_HDR 1
| #define HAVE_PROTOBUF 1
| #define HAVE_PROTOBUF_VERSION_3 1
| #define VTYSH 1
| #define HAVE_RL_CLEAR_VISIBLE_LINE 1
| #define HAVE_APPEND_HISTORY 1
| #define HAVE_PPOLL 1
| #define HAVE_PPOLL 1
| #define HAVE_EPOLL_PWAIT 1
| #define USE_EPOLL 1
| #define HAVE_NETNS 1
| #define HAVE_SETNS 1
| #define ISIS_METHOD_PFPACKET 1
| #define ISIS_METHOD_DLPI 2
| #define ISIS_METHOD_BPF 3
| #define ISIS_METHOD ISIS_METHOD_PFPACKET
| #define HAVE_STRUCT_IP_MREQN_IMR_IFINDEX 1
| #define HAVE_LINUX_MROUTE_H 1
| #define HAVE_LINUX_MROUTE6_H 1
| #define HAVE_RFC3678 1
| #define HAVE_DECL_TCP_MD5SIG 1
| #define HAVE_LIBCRYPT 1
| #define HAVE_STRUCT_UTSNAME_DOMAINNAME 1
| #define HAVE_BGPD 1
| #define HAVE_MGMTD 1
| #define HAVE_RIPD 1
| #define HAVE_RIPNGD 1
| #define HAVE_OSPFD 1
| #define HAVE_OSPF6D 1
| #define HAVE_LDPD 1
| #define HAVE_NHRPD 1
| #define HAVE_EIGRPD 1
| #define HAVE_BABELD 1
| #define HAVE_ISISD 1
| #define HAVE_PIMD 1
| #define HAVE_PIM6D 1
| #define HAVE_PBRD 1
| #define HAVE_STATICD 1
| #define HAVE_FABRICD 1
| #define HAVE_VRRPD 1
| #define HAVE_BFDD 1
| #define BFD_LINUX 1
| #define HAVE_PATHD 1
| #define SUPPORT_OSPF_API 1
| #define DISABLE_BGP_ANNOUNCE 0
| #define ENABLE_BGP_VNC 1
| #define ENABLE_VERSION_BUILD_CONFIG 1
| #define SNMP_AGENTX 1
| #define HAVE_LIBYANG 1
| #define HAVE_LY_STRERRCODE 1
| #define HAVE_LY_STRVECODE 1
| #define HAVE_LINK_H 1
| #define HAVE_DLINFO_ORIGIN 1
| #define HAVE_DLINFO_LINKMAP 1
| #define HAVE_STRUCT_VIFCTL 1
| #define HAVE_STRUCT_MFCCTL 1
| #define HAVE_STRUCT_SIOC_SG_REQ 1
| #define HAVE_VIFI_T 1
| #define HAVE_STRUCT_SIOC_VIF_REQ 1
| #define HAVE_STRUCT_IGMPMSG 1
| #define HAVE_STRUCT_ND_OPT_ADV_INTERVAL 1
| #define HAVE_STRUCT_ND_OPT_ADV_INTERVAL 1
| #define HAVE_IP_PKTINFO 1
| /* end confdefs.h.  */
| 
|         #include <netinet/in.h>
| 
| int
| main (void)
| {
| 
|         int opt = IP_RECVDSTADDR;
| 
|   ;
|   return 0;
| }
| 
configure:32954: result: no
configure:32960: checking for IP_RECVIF
configure:32978: gcc -c  -g -O2  conftest.c >&5
conftest.c: In function 'main':
conftest.c:149:19: error: 'IP_RECVIF' undeclared (first use in this function); did you mean 'IP_RECVERR'?
  149 |         int opt = IP_RECVIF;
      |                   ^~~~~~~~~
      |                   IP_RECVERR
conftest.c:149:19: note: each undeclared identifier is reported only once for each function it appears in
configure:32978: $? = 1
configure: failed program was:
| /* confdefs.h */
| #define PACKAGE_NAME "frr"
| #define PACKAGE_TARNAME "frr"
| #define PACKAGE_VERSION "10.7.0-dev"
| #define PACKAGE_STRING "frr 10.7.0-dev"
| #define PACKAGE_BUGREPORT "https://github.com/frrouting/frr/issues"
| #define PACKAGE_URL ""
| #define PACKAGE "frr"
| #define VERSION "10.7.0-dev"
| #define VICI_SOCKET "/var/run/charon.vici"
| #define HAVE_STDIO_H 1
| #define HAVE_STDLIB_H 1
| #define HAVE_STRING_H 1
| #define HAVE_INTTYPES_H 1
| #define HAVE_STDINT_H 1
| #define HAVE_STRINGS_H 1
| #define HAVE_SYS_STAT_H 1
| #define HAVE_SYS_TYPES_H 1
| #define HAVE_UNISTD_H 1
| #define HAVE_WCHAR_H 1
| #define STDC_HEADERS 1
| #define _ALL_SOURCE 1
| #define _DARWIN_C_SOURCE 1
| #define _GNU_SOURCE 1
| #define _HPUX_ALT_XOPEN_SOCKET_API 1
| #define _NETBSD_SOURCE 1
| #define _OPENBSD_SOURCE 1
| #define _POSIX_PTHREAD_SEMANTICS 1
| #define __STDC_WANT_IEC_60559_ATTRIBS_EXT__ 1
| #define __STDC_WANT_IEC_60559_BFP_EXT__ 1
| #define __STDC_WANT_IEC_60559_DFP_EXT__ 1
| #define __STDC_WANT_IEC_60559_FUNCS_EXT__ 1
| #define __STDC_WANT_IEC_60559_TYPES_EXT__ 1
| #define __STDC_WANT_LIB_EXT2__ 1
| #define __STDC_WANT_MATH_SPEC_FUNCS__ 1
| #define _TANDEM_SOURCE 1
| #define __EXTENSIONS__ 1
| #define HAVE_PTHREAD_PRIO_INHERIT 1
| #define HAVE_PTHREAD_SETNAME_NP 1
| #define HAVE_DLFCN_H 1
| #define LT_OBJDIR ".libs/"
| #define CRYPTO_INTERNAL 1
| #define HAVE_JSON_C_JSON_H 1
| #define NETLINK_DEBUG 1
| #define DFLT_NAME "traditional"
| #define HAVE_LIBELF 1
| #define HAVE_ELF_GETDATA_RAWCHUNK 1
| #define HAVE_GELF_GETNOTE 1
| #define FRR_USER "frr"
| #define FRR_GROUP "frr"
| #define VTY_GROUP "frrvty"
| #define CONFIGFILE_MASK 0640
| #define LOGFILE_MASK 0640
| #define MULTIPATH_NUM 64
| #define LOG_TIMESTAMP_PRECISION 0
| #define VTYSH_PAGER "more"
| #define GIT_VERSION 1
| #define INTERP "/lib64/ld-linux-x86-64.so.2"
| #define HAVE_ASM_TYPES_H 1
| #define HAVE_STDATOMIC_H 1
| #define HAVE_SYNC_LINUX_FUTEX /**/
| #define HAVE_NETINET_IP_ICMP_H 1
| #define HAVE_UCONTEXT_H 1
| #define HAVE_UCONTEXT_T_UC_MCONTEXT_GREGS 1
| #define GNU_LINUX 1
| #define HAVE_NETLINK 1
| #define LINUX_IPV6 1
| #define IPV6_MINHOPCOUNT 73
| #define HAVE_STRLCAT 1
| #define HAVE_STRLCPY 1
| #define HAVE_GETGROUPLIST 1
| #define HAVE_GETLOADAVG 1
| #define HAVE_OPENAT 1
| #define HAVE_UNLINKAT 1
| #define HAVE_POSIX_FALLOCATE 1
| #define HAVE_SENDMMSG 1
| #define HAVE_EXPLICIT_BZERO 1
| #define HAVE_STRUCT_MMSGHDR_MSG_HDR 1
| #define HAVE_PROTOBUF 1
| #define HAVE_PROTOBUF_VERSION_3 1
| #define VTYSH 1
| #define HAVE_RL_CLEAR_VISIBLE_LINE 1
| #define HAVE_APPEND_HISTORY 1
| #define HAVE_PPOLL 1
| #define HAVE_PPOLL 1
| #define HAVE_EPOLL_PWAIT 1
| #define USE_EPOLL 1
| #define HAVE_NETNS 1
| #define HAVE_SETNS 1
| #define ISIS_METHOD_PFPACKET 1
| #define ISIS_METHOD_DLPI 2
| #define ISIS_METHOD_BPF 3
| #define ISIS_METHOD ISIS_METHOD_PFPACKET
| #define HAVE_STRUCT_IP_MREQN_IMR_IFINDEX 1
| #define HAVE_LINUX_MROUTE_H 1
| #define HAVE_LINUX_MROUTE6_H 1
| #define HAVE_RFC3678 1
| #define HAVE_DECL_TCP_MD5SIG 1
| #define HAVE_LIBCRYPT 1
| #define HAVE_STRUCT_UTSNAME_DOMAINNAME 1
| #define HAVE_BGPD 1
| #define HAVE_MGMTD 1
| #define HAVE_RIPD 1
| #define HAVE_RIPNGD 1
| #define HAVE_OSPFD 1
| #define HAVE_OSPF6D 1
| #define HAVE_LDPD 1
| #define HAVE_NHRPD 1
| #define HAVE_EIGRPD 1
| #define HAVE_BABELD 1
| #define HAVE_ISISD 1
| #define HAVE_PIMD 1
| #define HAVE_PIM6D 1
| #define HAVE_PBRD 1
| #define HAVE_STATICD 1
| #define HAVE_FABRICD 1
| #define HAVE_VRRPD 1
| #define HAVE_BFDD 1
| #define BFD_LINUX 1
| #define HAVE_PATHD 1
| #define SUPPORT_OSPF_API 1
| #define DISABLE_BGP_ANNOUNCE 0
| #define ENABLE_BGP_VNC 1
| #define ENABLE_VERSION_BUILD_CONFIG 1
| #define SNMP_AGENTX 1
| #define HAVE_LIBYANG 1
| #define HAVE_LY_STRERRCODE 1
| #define HAVE_LY_STRVECODE 1
| #define HAVE_LINK_H 1
| #define HAVE_DLINFO_ORIGIN 1
| #define HAVE_DLINFO_LINKMAP 1
| #define HAVE_STRUCT_VIFCTL 1
| #define HAVE_STRUCT_MFCCTL 1
| #define HAVE_STRUCT_SIOC_SG_REQ 1
| #define HAVE_VIFI_T 1
| #define HAVE_STRUCT_SIOC_VIF_REQ 1
| #define HAVE_STRUCT_IGMPMSG 1
| #define HAVE_STRUCT_ND_OPT_ADV_INTERVAL 1
| #define HAVE_STRUCT_ND_OPT_ADV_INTERVAL 1
| #define HAVE_IP_PKTINFO 1
| /* end confdefs.h.  */
| 
|         #include <netinet/in.h>
| 
| int
| main (void)
| {
| 
|         int opt = IP_RECVIF;
| 
|   ;
|   return 0;
| }
| 
configure:32989: result: no
configure:32995: checking for SO_BINDANY
configure:33013: gcc -c  -g -O2  conftest.c >&5
conftest.c: In function 'main':
conftest.c:149:19: error: 'SO_BINDANY' undeclared (first use in this function)
  149 |         int opt = SO_BINDANY;
      |                   ^~~~~~~~~~
conftest.c:149:19: note: each undeclared identifier is reported only once for each function it appears in
configure:33013: $? = 1
configure: failed program was:
| /* confdefs.h */
| #define PACKAGE_NAME "frr"
| #define PACKAGE_TARNAME "frr"
| #define PACKAGE_VERSION "10.7.0-dev"
| #define PACKAGE_STRING "frr 10.7.0-dev"
| #define PACKAGE_BUGREPORT "https://github.com/frrouting/frr/issues"
| #define PACKAGE_URL ""
| #define PACKAGE "frr"
| #define VERSION "10.7.0-dev"
| #define VICI_SOCKET "/var/run/charon.vici"
| #define HAVE_STDIO_H 1
| #define HAVE_STDLIB_H 1
| #define HAVE_STRING_H 1
| #define HAVE_INTTYPES_H 1
| #define HAVE_STDINT_H 1
| #define HAVE_STRINGS_H 1
| #define HAVE_SYS_STAT_H 1
| #define HAVE_SYS_TYPES_H 1
| #define HAVE_UNISTD_H 1
| #define HAVE_WCHAR_H 1
| #define STDC_HEADERS 1
| #define _ALL_SOURCE 1
| #define _DARWIN_C_SOURCE 1
| #define _GNU_SOURCE 1
| #define _HPUX_ALT_XOPEN_SOCKET_API 1
| #define _NETBSD_SOURCE 1
| #define _OPENBSD_SOURCE 1
| #define _POSIX_PTHREAD_SEMANTICS 1
| #define __STDC_WANT_IEC_60559_ATTRIBS_EXT__ 1
| #define __STDC_WANT_IEC_60559_BFP_EXT__ 1
| #define __STDC_WANT_IEC_60559_DFP_EXT__ 1
| #define __STDC_WANT_IEC_60559_FUNCS_EXT__ 1
| #define __STDC_WANT_IEC_60559_TYPES_EXT__ 1
| #define __STDC_WANT_LIB_EXT2__ 1
| #define __STDC_WANT_MATH_SPEC_FUNCS__ 1
| #define _TANDEM_SOURCE 1
| #define __EXTENSIONS__ 1
| #define HAVE_PTHREAD_PRIO_INHERIT 1
| #define HAVE_PTHREAD_SETNAME_NP 1
| #define HAVE_DLFCN_H 1
| #define LT_OBJDIR ".libs/"
| #define CRYPTO_INTERNAL 1
| #define HAVE_JSON_C_JSON_H 1
| #define NETLINK_DEBUG 1
| #define DFLT_NAME "traditional"
| #define HAVE_LIBELF 1
| #define HAVE_ELF_GETDATA_RAWCHUNK 1
| #define HAVE_GELF_GETNOTE 1
| #define FRR_USER "frr"
| #define FRR_GROUP "frr"
| #define VTY_GROUP "frrvty"
| #define CONFIGFILE_MASK 0640
| #define LOGFILE_MASK 0640
| #define MULTIPATH_NUM 64
| #define LOG_TIMESTAMP_PRECISION 0
| #define VTYSH_PAGER "more"
| #define GIT_VERSION 1
| #define INTERP "/lib64/ld-linux-x86-64.so.2"
| #define HAVE_ASM_TYPES_H 1
| #define HAVE_STDATOMIC_H 1
| #define HAVE_SYNC_LINUX_FUTEX /**/
| #define HAVE_NETINET_IP_ICMP_H 1
| #define HAVE_UCONTEXT_H 1
| #define HAVE_UCONTEXT_T_UC_MCONTEXT_GREGS 1
| #define GNU_LINUX 1
| #define HAVE_NETLINK 1
| #define LINUX_IPV6 1
| #define IPV6_MINHOPCOUNT 73
| #define HAVE_STRLCAT 1
| #define HAVE_STRLCPY 1
| #define HAVE_GETGROUPLIST 1
| #define HAVE_GETLOADAVG 1
| #define HAVE_OPENAT 1
| #define HAVE_UNLINKAT 1
| #define HAVE_POSIX_FALLOCATE 1
| #define HAVE_SENDMMSG 1
| #define HAVE_EXPLICIT_BZERO 1
| #define HAVE_STRUCT_MMSGHDR_MSG_HDR 1
| #define HAVE_PROTOBUF 1
| #define HAVE_PROTOBUF_VERSION_3 1
| #define VTYSH 1
| #define HAVE_RL_CLEAR_VISIBLE_LINE 1
| #define HAVE_APPEND_HISTORY 1
| #define HAVE_PPOLL 1
| #define HAVE_PPOLL 1
| #define HAVE_EPOLL_PWAIT 1
| #define USE_EPOLL 1
| #define HAVE_NETNS 1
| #define HAVE_SETNS 1
| #define ISIS_METHOD_PFPACKET 1
| #define ISIS_METHOD_DLPI 2
| #define ISIS_METHOD_BPF 3
| #define ISIS_METHOD ISIS_METHOD_PFPACKET
| #define HAVE_STRUCT_IP_MREQN_IMR_IFINDEX 1
| #define HAVE_LINUX_MROUTE_H 1
| #define HAVE_LINUX_MROUTE6_H 1
| #define HAVE_RFC3678 1
| #define HAVE_DECL_TCP_MD5SIG 1
| #define HAVE_LIBCRYPT 1
| #define HAVE_STRUCT_UTSNAME_DOMAINNAME 1
| #define HAVE_BGPD 1
| #define HAVE_MGMTD 1
| #define HAVE_RIPD 1
| #define HAVE_RIPNGD 1
| #define HAVE_OSPFD 1
| #define HAVE_OSPF6D 1
| #define HAVE_LDPD 1
| #define HAVE_NHRPD 1
| #define HAVE_EIGRPD 1
| #define HAVE_BABELD 1
| #define HAVE_ISISD 1
| #define HAVE_PIMD 1
| #define HAVE_PIM6D 1
| #define HAVE_PBRD 1
| #define HAVE_STATICD 1
| #define HAVE_FABRICD 1
| #define HAVE_VRRPD 1
| #define HAVE_BFDD 1
| #define BFD_LINUX 1
| #define HAVE_PATHD 1
| #define SUPPORT_OSPF_API 1
| #define DISABLE_BGP_ANNOUNCE 0
| #define ENABLE_BGP_VNC 1
| #define ENABLE_VERSION_BUILD_CONFIG 1
| #define SNMP_AGENTX 1
| #define HAVE_LIBYANG 1
| #define HAVE_LY_STRERRCODE 1
| #define HAVE_LY_STRVECODE 1
| #define HAVE_LINK_H 1
| #define HAVE_DLINFO_ORIGIN 1
| #define HAVE_DLINFO_LINKMAP 1
| #define HAVE_STRUCT_VIFCTL 1
| #define HAVE_STRUCT_MFCCTL 1
| #define HAVE_STRUCT_SIOC_SG_REQ 1
| #define HAVE_VIFI_T 1
| #define HAVE_STRUCT_SIOC_VIF_REQ 1
| #define HAVE_STRUCT_IGMPMSG 1
| #define HAVE_STRUCT_ND_OPT_ADV_INTERVAL 1
| #define HAVE_STRUCT_ND_OPT_ADV_INTERVAL 1
| #define HAVE_IP_PKTINFO 1
| /* end confdefs.h.  */
| 
|         #include <sys/socket.h>
| 
| int
| main (void)
| {
| 
|         int opt = SO_BINDANY;
| 
|   ;
|   return 0;
| }
| 
configure:33024: result: no
configure:33030: checking for IP_FREEBIND
configure:33048: gcc -c  -g -O2  conftest.c >&5
configure:33048: $? = 0
configure:33051: result: yes
configure:33065: checking whether be32enc is declared
configure:33065: gcc -c  -g -O2   conftest.c >&5
conftest.c: In function 'main':
conftest.c:157:10: error: 'be32enc' undeclared (first use in this function)
  157 |   (void) be32enc;
      |          ^~~~~~~
conftest.c:157:10: note: each undeclared identifier is reported only once for each function it appears in
configure:33065: $? = 1
configure: failed program was:
| /* confdefs.h */
| #define PACKAGE_NAME "frr"
| #define PACKAGE_TARNAME "frr"
| #define PACKAGE_VERSION "10.7.0-dev"
| #define PACKAGE_STRING "frr 10.7.0-dev"
| #define PACKAGE_BUGREPORT "https://github.com/frrouting/frr/issues"
| #define PACKAGE_URL ""
| #define PACKAGE "frr"
| #define VERSION "10.7.0-dev"
| #define VICI_SOCKET "/var/run/charon.vici"
| #define HAVE_STDIO_H 1
| #define HAVE_STDLIB_H 1
| #define HAVE_STRING_H 1
| #define HAVE_INTTYPES_H 1
| #define HAVE_STDINT_H 1
| #define HAVE_STRINGS_H 1
| #define HAVE_SYS_STAT_H 1
| #define HAVE_SYS_TYPES_H 1
| #define HAVE_UNISTD_H 1
| #define HAVE_WCHAR_H 1
| #define STDC_HEADERS 1
| #define _ALL_SOURCE 1
| #define _DARWIN_C_SOURCE 1
| #define _GNU_SOURCE 1
| #define _HPUX_ALT_XOPEN_SOCKET_API 1
| #define _NETBSD_SOURCE 1
| #define _OPENBSD_SOURCE 1
| #define _POSIX_PTHREAD_SEMANTICS 1
| #define __STDC_WANT_IEC_60559_ATTRIBS_EXT__ 1
| #define __STDC_WANT_IEC_60559_BFP_EXT__ 1
| #define __STDC_WANT_IEC_60559_DFP_EXT__ 1
| #define __STDC_WANT_IEC_60559_FUNCS_EXT__ 1
| #define __STDC_WANT_IEC_60559_TYPES_EXT__ 1
| #define __STDC_WANT_LIB_EXT2__ 1
| #define __STDC_WANT_MATH_SPEC_FUNCS__ 1
| #define _TANDEM_SOURCE 1
| #define __EXTENSIONS__ 1
| #define HAVE_PTHREAD_PRIO_INHERIT 1
| #define HAVE_PTHREAD_SETNAME_NP 1
| #define HAVE_DLFCN_H 1
| #define LT_OBJDIR ".libs/"
| #define CRYPTO_INTERNAL 1
| #define HAVE_JSON_C_JSON_H 1
| #define NETLINK_DEBUG 1
| #define DFLT_NAME "traditional"
| #define HAVE_LIBELF 1
| #define HAVE_ELF_GETDATA_RAWCHUNK 1
| #define HAVE_GELF_GETNOTE 1
| #define FRR_USER "frr"
| #define FRR_GROUP "frr"
| #define VTY_GROUP "frrvty"
| #define CONFIGFILE_MASK 0640
| #define LOGFILE_MASK 0640
| #define MULTIPATH_NUM 64
| #define LOG_TIMESTAMP_PRECISION 0
| #define VTYSH_PAGER "more"
| #define GIT_VERSION 1
| #define INTERP "/lib64/ld-linux-x86-64.so.2"
| #define HAVE_ASM_TYPES_H 1
| #define HAVE_STDATOMIC_H 1
| #define HAVE_SYNC_LINUX_FUTEX /**/
| #define HAVE_NETINET_IP_ICMP_H 1
| #define HAVE_UCONTEXT_H 1
| #define HAVE_UCONTEXT_T_UC_MCONTEXT_GREGS 1
| #define GNU_LINUX 1
| #define HAVE_NETLINK 1
| #define LINUX_IPV6 1
| #define IPV6_MINHOPCOUNT 73
| #define HAVE_STRLCAT 1
| #define HAVE_STRLCPY 1
| #define HAVE_GETGROUPLIST 1
| #define HAVE_GETLOADAVG 1
| #define HAVE_OPENAT 1
| #define HAVE_UNLINKAT 1
| #define HAVE_POSIX_FALLOCATE 1
| #define HAVE_SENDMMSG 1
| #define HAVE_EXPLICIT_BZERO 1
| #define HAVE_STRUCT_MMSGHDR_MSG_HDR 1
| #define HAVE_PROTOBUF 1
| #define HAVE_PROTOBUF_VERSION_3 1
| #define VTYSH 1
| #define HAVE_RL_CLEAR_VISIBLE_LINE 1
| #define HAVE_APPEND_HISTORY 1
| #define HAVE_PPOLL 1
| #define HAVE_PPOLL 1
| #define HAVE_EPOLL_PWAIT 1
| #define USE_EPOLL 1
| #define HAVE_NETNS 1
| #define HAVE_SETNS 1
| #define ISIS_METHOD_PFPACKET 1
| #define ISIS_METHOD_DLPI 2
| #define ISIS_METHOD_BPF 3
| #define ISIS_METHOD ISIS_METHOD_PFPACKET
| #define HAVE_STRUCT_IP_MREQN_IMR_IFINDEX 1
| #define HAVE_LINUX_MROUTE_H 1
| #define HAVE_LINUX_MROUTE6_H 1
| #define HAVE_RFC3678 1
| #define HAVE_DECL_TCP_MD5SIG 1
| #define HAVE_LIBCRYPT 1
| #define HAVE_STRUCT_UTSNAME_DOMAINNAME 1
| #define HAVE_BGPD 1
| #define HAVE_MGMTD 1
| #define HAVE_RIPD 1
| #define HAVE_RIPNGD 1
| #define HAVE_OSPFD 1
| #define HAVE_OSPF6D 1
| #define HAVE_LDPD 1
| #define HAVE_NHRPD 1
| #define HAVE_EIGRPD 1
| #define HAVE_BABELD 1
| #define HAVE_ISISD 1
| #define HAVE_PIMD 1
| #define HAVE_PIM6D 1
| #define HAVE_PBRD 1
| #define HAVE_STATICD 1
| #define HAVE_FABRICD 1
| #define HAVE_VRRPD 1
| #define HAVE_BFDD 1
| #define BFD_LINUX 1
| #define HAVE_PATHD 1
| #define SUPPORT_OSPF_API 1
| #define DISABLE_BGP_ANNOUNCE 0
| #define ENABLE_BGP_VNC 1
| #define ENABLE_VERSION_BUILD_CONFIG 1
| #define SNMP_AGENTX 1
| #define HAVE_LIBYANG 1
| #define HAVE_LY_STRERRCODE 1
| #define HAVE_LY_STRVECODE 1
| #define HAVE_LINK_H 1
| #define HAVE_DLINFO_ORIGIN 1
| #define HAVE_DLINFO_LINKMAP 1
| #define HAVE_STRUCT_VIFCTL 1
| #define HAVE_STRUCT_MFCCTL 1
| #define HAVE_STRUCT_SIOC_SG_REQ 1
| #define HAVE_VIFI_T 1
| #define HAVE_STRUCT_SIOC_VIF_REQ 1
| #define HAVE_STRUCT_IGMPMSG 1
| #define HAVE_STRUCT_ND_OPT_ADV_INTERVAL 1
| #define HAVE_STRUCT_ND_OPT_ADV_INTERVAL 1
| #define HAVE_IP_PKTINFO 1
| #define HAVE_IP_FREEBIND 1
| /* end confdefs.h.  */
| 
|         #ifdef HAVE_SYS_ENDIAN_H
|         #include <sys/endian.h>
|         #endif
|         #include <endian.h>
| 
| 
| int
| main (void)
| {
| #ifndef be32enc
| #ifdef __cplusplus
|   (void) be32enc;
| #else
|   (void) be32enc;
| #endif
| #endif
| 
|   ;
|   return 0;
| }
configure:33065: result: no
configure:33079: checking whether be32dec is declared
configure:33079: gcc -c  -g -O2   conftest.c >&5
conftest.c: In function 'main':
conftest.c:158:10: error: 'be32dec' undeclared (first use in this function)
  158 |   (void) be32dec;
      |          ^~~~~~~
conftest.c:158:10: note: each undeclared identifier is reported only once for each function it appears in
configure:33079: $? = 1
configure: failed program was:
| /* confdefs.h */
| #define PACKAGE_NAME "frr"
| #define PACKAGE_TARNAME "frr"
| #define PACKAGE_VERSION "10.7.0-dev"
| #define PACKAGE_STRING "frr 10.7.0-dev"
| #define PACKAGE_BUGREPORT "https://github.com/frrouting/frr/issues"
| #define PACKAGE_URL ""
| #define PACKAGE "frr"
| #define VERSION "10.7.0-dev"
| #define VICI_SOCKET "/var/run/charon.vici"
| #define HAVE_STDIO_H 1
| #define HAVE_STDLIB_H 1
| #define HAVE_STRING_H 1
| #define HAVE_INTTYPES_H 1
| #define HAVE_STDINT_H 1
| #define HAVE_STRINGS_H 1
| #define HAVE_SYS_STAT_H 1
| #define HAVE_SYS_TYPES_H 1
| #define HAVE_UNISTD_H 1
| #define HAVE_WCHAR_H 1
| #define STDC_HEADERS 1
| #define _ALL_SOURCE 1
| #define _DARWIN_C_SOURCE 1
| #define _GNU_SOURCE 1
| #define _HPUX_ALT_XOPEN_SOCKET_API 1
| #define _NETBSD_SOURCE 1
| #define _OPENBSD_SOURCE 1
| #define _POSIX_PTHREAD_SEMANTICS 1
| #define __STDC_WANT_IEC_60559_ATTRIBS_EXT__ 1
| #define __STDC_WANT_IEC_60559_BFP_EXT__ 1
| #define __STDC_WANT_IEC_60559_DFP_EXT__ 1
| #define __STDC_WANT_IEC_60559_FUNCS_EXT__ 1
| #define __STDC_WANT_IEC_60559_TYPES_EXT__ 1
| #define __STDC_WANT_LIB_EXT2__ 1
| #define __STDC_WANT_MATH_SPEC_FUNCS__ 1
| #define _TANDEM_SOURCE 1
| #define __EXTENSIONS__ 1
| #define HAVE_PTHREAD_PRIO_INHERIT 1
| #define HAVE_PTHREAD_SETNAME_NP 1
| #define HAVE_DLFCN_H 1
| #define LT_OBJDIR ".libs/"
| #define CRYPTO_INTERNAL 1
| #define HAVE_JSON_C_JSON_H 1
| #define NETLINK_DEBUG 1
| #define DFLT_NAME "traditional"
| #define HAVE_LIBELF 1
| #define HAVE_ELF_GETDATA_RAWCHUNK 1
| #define HAVE_GELF_GETNOTE 1
| #define FRR_USER "frr"
| #define FRR_GROUP "frr"
| #define VTY_GROUP "frrvty"
| #define CONFIGFILE_MASK 0640
| #define LOGFILE_MASK 0640
| #define MULTIPATH_NUM 64
| #define LOG_TIMESTAMP_PRECISION 0
| #define VTYSH_PAGER "more"
| #define GIT_VERSION 1
| #define INTERP "/lib64/ld-linux-x86-64.so.2"
| #define HAVE_ASM_TYPES_H 1
| #define HAVE_STDATOMIC_H 1
| #define HAVE_SYNC_LINUX_FUTEX /**/
| #define HAVE_NETINET_IP_ICMP_H 1
| #define HAVE_UCONTEXT_H 1
| #define HAVE_UCONTEXT_T_UC_MCONTEXT_GREGS 1
| #define GNU_LINUX 1
| #define HAVE_NETLINK 1
| #define LINUX_IPV6 1
| #define IPV6_MINHOPCOUNT 73
| #define HAVE_STRLCAT 1
| #define HAVE_STRLCPY 1
| #define HAVE_GETGROUPLIST 1
| #define HAVE_GETLOADAVG 1
| #define HAVE_OPENAT 1
| #define HAVE_UNLINKAT 1
| #define HAVE_POSIX_FALLOCATE 1
| #define HAVE_SENDMMSG 1
| #define HAVE_EXPLICIT_BZERO 1
| #define HAVE_STRUCT_MMSGHDR_MSG_HDR 1
| #define HAVE_PROTOBUF 1
| #define HAVE_PROTOBUF_VERSION_3 1
| #define VTYSH 1
| #define HAVE_RL_CLEAR_VISIBLE_LINE 1
| #define HAVE_APPEND_HISTORY 1
| #define HAVE_PPOLL 1
| #define HAVE_PPOLL 1
| #define HAVE_EPOLL_PWAIT 1
| #define USE_EPOLL 1
| #define HAVE_NETNS 1
| #define HAVE_SETNS 1
| #define ISIS_METHOD_PFPACKET 1
| #define ISIS_METHOD_DLPI 2
| #define ISIS_METHOD_BPF 3
| #define ISIS_METHOD ISIS_METHOD_PFPACKET
| #define HAVE_STRUCT_IP_MREQN_IMR_IFINDEX 1
| #define HAVE_LINUX_MROUTE_H 1
| #define HAVE_LINUX_MROUTE6_H 1
| #define HAVE_RFC3678 1
| #define HAVE_DECL_TCP_MD5SIG 1
| #define HAVE_LIBCRYPT 1
| #define HAVE_STRUCT_UTSNAME_DOMAINNAME 1
| #define HAVE_BGPD 1
| #define HAVE_MGMTD 1
| #define HAVE_RIPD 1
| #define HAVE_RIPNGD 1
| #define HAVE_OSPFD 1
| #define HAVE_OSPF6D 1
| #define HAVE_LDPD 1
| #define HAVE_NHRPD 1
| #define HAVE_EIGRPD 1
| #define HAVE_BABELD 1
| #define HAVE_ISISD 1
| #define HAVE_PIMD 1
| #define HAVE_PIM6D 1
| #define HAVE_PBRD 1
| #define HAVE_STATICD 1
| #define HAVE_FABRICD 1
| #define HAVE_VRRPD 1
| #define HAVE_BFDD 1
| #define BFD_LINUX 1
| #define HAVE_PATHD 1
| #define SUPPORT_OSPF_API 1
| #define DISABLE_BGP_ANNOUNCE 0
| #define ENABLE_BGP_VNC 1
| #define ENABLE_VERSION_BUILD_CONFIG 1
| #define SNMP_AGENTX 1
| #define HAVE_LIBYANG 1
| #define HAVE_LY_STRERRCODE 1
| #define HAVE_LY_STRVECODE 1
| #define HAVE_LINK_H 1
| #define HAVE_DLINFO_ORIGIN 1
| #define HAVE_DLINFO_LINKMAP 1
| #define HAVE_STRUCT_VIFCTL 1
| #define HAVE_STRUCT_MFCCTL 1
| #define HAVE_STRUCT_SIOC_SG_REQ 1
| #define HAVE_VIFI_T 1
| #define HAVE_STRUCT_SIOC_VIF_REQ 1
| #define HAVE_STRUCT_IGMPMSG 1
| #define HAVE_STRUCT_ND_OPT_ADV_INTERVAL 1
| #define HAVE_STRUCT_ND_OPT_ADV_INTERVAL 1
| #define HAVE_IP_PKTINFO 1
| #define HAVE_IP_FREEBIND 1
| #define HAVE_DECL_BE32ENC 0
| /* end confdefs.h.  */
| 
|         #ifdef HAVE_SYS_ENDIAN_H
|         #include <sys/endian.h>
|         #endif
|         #include <endian.h>
| 
| 
| int
| main (void)
| {
| #ifndef be32dec
| #ifdef __cplusplus
|   (void) be32dec;
| #else
|   (void) be32dec;
| #endif
| #endif
| 
|   ;
|   return 0;
| }
configure:33079: result: no
configure:33095: checking for clock_gettime in -lrt
configure:33118: gcc -o conftest  -g -O2   -g conftest.c -lrt  -lyang   -ljson-c -latomic >&5
configure:33118: $? = 0
configure:33128: result: yes
configure:33136: checking for library containing clock_nanosleep
configure:33166: gcc -o conftest  -g -O2   -g conftest.c -lyang   -ljson-c -latomic -lrt >&5
configure:33166: $? = 0
configure:33186: result: none required
configure:33206: checking for flex
configure:33227: found /usr/bin/flex
configure:33238: result: flex
configure:33287: checking for lex output file root
configure:33300: flex conftest.l
configure:33304: $? = 0
configure:33312: result: lex.yy
configure:33327: checking for lex library
configure:33352: gcc -o conftest  -g -O2   -g conftest.c -lyang   -ljson-c -latomic -lrt >&5
configure:33352: $? = 0
configure:33365: result: none needed
configure:33385: checking whether yytext is a pointer
configure:33401: gcc -c  -g -O2  conftest.c >&5
configure:33401: $? = 0
configure:33408: result: yes
configure:33422: checking version of flex
configure:33426: result: 2.6.4
configure:33480: checking for bison
configure:33501: found /usr/bin/bison
configure:33512: result: bison -y
configure:33524: checking version of bison
configure:33562: result: 3.8.2 - 3.3 or newer
configure:33581: checking whether prctl PR_SET_KEEPCAPS is available
configure:33599: gcc -c  -g -O2  conftest.c >&5
configure:33599: $? = 0
configure:33601: result: yes
configure:33615: checking for sys/capability.h
configure:33615: gcc -c  -g -O2  conftest.c >&5
configure:33615: $? = 0
configure:33615: result: yes
configure:33624: checking for cap_init in -lcap
configure:33647: gcc -o conftest  -g -O2   -g conftest.c -lcap  -lyang   -ljson-c -latomic -lrt >&5
configure:33647: $? = 0
configure:33657: result: yes
configure:33711: checking for UNWIND (libunwind)
configure:33718: $PKG_CONFIG --exists --print-errors "libunwind"
configure:33721: $? = 0
configure:33735: $PKG_CONFIG --exists --print-errors "libunwind"
configure:33738: $? = 0
configure:34102: result: yes
configure:34207: checking for malloc.h
configure:34207: gcc -c  -g -O2  conftest.c >&5
configure:34207: $? = 0
configure:34207: result: yes
configure:34263: checking for malloc_np.h
configure:34263: gcc -c  -g -O2  conftest.c >&5
conftest.c:204:10: fatal error: malloc_np.h: No such file or directory
  204 | #include <malloc_np.h>
      |          ^~~~~~~~~~~~~
compilation terminated.
configure:34263: $? = 1
configure: failed program was:
| /* confdefs.h */
| #define PACKAGE_NAME "frr"
| #define PACKAGE_TARNAME "frr"
| #define PACKAGE_VERSION "10.7.0-dev"
| #define PACKAGE_STRING "frr 10.7.0-dev"
| #define PACKAGE_BUGREPORT "https://github.com/frrouting/frr/issues"
| #define PACKAGE_URL ""
| #define PACKAGE "frr"
| #define VERSION "10.7.0-dev"
| #define VICI_SOCKET "/var/run/charon.vici"
| #define HAVE_STDIO_H 1
| #define HAVE_STDLIB_H 1
| #define HAVE_STRING_H 1
| #define HAVE_INTTYPES_H 1
| #define HAVE_STDINT_H 1
| #define HAVE_STRINGS_H 1
| #define HAVE_SYS_STAT_H 1
| #define HAVE_SYS_TYPES_H 1
| #define HAVE_UNISTD_H 1
| #define HAVE_WCHAR_H 1
| #define STDC_HEADERS 1
| #define _ALL_SOURCE 1
| #define _DARWIN_C_SOURCE 1
| #define _GNU_SOURCE 1
| #define _HPUX_ALT_XOPEN_SOCKET_API 1
| #define _NETBSD_SOURCE 1
| #define _OPENBSD_SOURCE 1
| #define _POSIX_PTHREAD_SEMANTICS 1
| #define __STDC_WANT_IEC_60559_ATTRIBS_EXT__ 1
| #define __STDC_WANT_IEC_60559_BFP_EXT__ 1
| #define __STDC_WANT_IEC_60559_DFP_EXT__ 1
| #define __STDC_WANT_IEC_60559_FUNCS_EXT__ 1
| #define __STDC_WANT_IEC_60559_TYPES_EXT__ 1
| #define __STDC_WANT_LIB_EXT2__ 1
| #define __STDC_WANT_MATH_SPEC_FUNCS__ 1
| #define _TANDEM_SOURCE 1
| #define __EXTENSIONS__ 1
| #define HAVE_PTHREAD_PRIO_INHERIT 1
| #define HAVE_PTHREAD_SETNAME_NP 1
| #define HAVE_DLFCN_H 1
| #define LT_OBJDIR ".libs/"
| #define CRYPTO_INTERNAL 1
| #define HAVE_JSON_C_JSON_H 1
| #define NETLINK_DEBUG 1
| #define DFLT_NAME "traditional"
| #define HAVE_LIBELF 1
| #define HAVE_ELF_GETDATA_RAWCHUNK 1
| #define HAVE_GELF_GETNOTE 1
| #define FRR_USER "frr"
| #define FRR_GROUP "frr"
| #define VTY_GROUP "frrvty"
| #define CONFIGFILE_MASK 0640
| #define LOGFILE_MASK 0640
| #define MULTIPATH_NUM 64
| #define LOG_TIMESTAMP_PRECISION 0
| #define VTYSH_PAGER "more"
| #define GIT_VERSION 1
| #define INTERP "/lib64/ld-linux-x86-64.so.2"
| #define HAVE_ASM_TYPES_H 1
| #define HAVE_STDATOMIC_H 1
| #define HAVE_SYNC_LINUX_FUTEX /**/
| #define HAVE_NETINET_IP_ICMP_H 1
| #define HAVE_UCONTEXT_H 1
| #define HAVE_UCONTEXT_T_UC_MCONTEXT_GREGS 1
| #define GNU_LINUX 1
| #define HAVE_NETLINK 1
| #define LINUX_IPV6 1
| #define IPV6_MINHOPCOUNT 73
| #define HAVE_STRLCAT 1
| #define HAVE_STRLCPY 1
| #define HAVE_GETGROUPLIST 1
| #define HAVE_GETLOADAVG 1
| #define HAVE_OPENAT 1
| #define HAVE_UNLINKAT 1
| #define HAVE_POSIX_FALLOCATE 1
| #define HAVE_SENDMMSG 1
| #define HAVE_EXPLICIT_BZERO 1
| #define HAVE_STRUCT_MMSGHDR_MSG_HDR 1
| #define HAVE_PROTOBUF 1
| #define HAVE_PROTOBUF_VERSION_3 1
| #define VTYSH 1
| #define HAVE_RL_CLEAR_VISIBLE_LINE 1
| #define HAVE_APPEND_HISTORY 1
| #define HAVE_PPOLL 1
| #define HAVE_PPOLL 1
| #define HAVE_EPOLL_PWAIT 1
| #define USE_EPOLL 1
| #define HAVE_NETNS 1
| #define HAVE_SETNS 1
| #define ISIS_METHOD_PFPACKET 1
| #define ISIS_METHOD_DLPI 2
| #define ISIS_METHOD_BPF 3
| #define ISIS_METHOD ISIS_METHOD_PFPACKET
| #define HAVE_STRUCT_IP_MREQN_IMR_IFINDEX 1
| #define HAVE_LINUX_MROUTE_H 1
| #define HAVE_LINUX_MROUTE6_H 1
| #define HAVE_RFC3678 1
| #define HAVE_DECL_TCP_MD5SIG 1
| #define HAVE_LIBCRYPT 1
| #define HAVE_STRUCT_UTSNAME_DOMAINNAME 1
| #define HAVE_BGPD 1
| #define HAVE_MGMTD 1
| #define HAVE_RIPD 1
| #define HAVE_RIPNGD 1
| #define HAVE_OSPFD 1
| #define HAVE_OSPF6D 1
| #define HAVE_LDPD 1
| #define HAVE_NHRPD 1
| #define HAVE_EIGRPD 1
| #define HAVE_BABELD 1
| #define HAVE_ISISD 1
| #define HAVE_PIMD 1
| #define HAVE_PIM6D 1
| #define HAVE_PBRD 1
| #define HAVE_STATICD 1
| #define HAVE_FABRICD 1
| #define HAVE_VRRPD 1
| #define HAVE_BFDD 1
| #define BFD_LINUX 1
| #define HAVE_PATHD 1
| #define SUPPORT_OSPF_API 1
| #define DISABLE_BGP_ANNOUNCE 0
| #define ENABLE_BGP_VNC 1
| #define ENABLE_VERSION_BUILD_CONFIG 1
| #define SNMP_AGENTX 1
| #define HAVE_LIBYANG 1
| #define HAVE_LY_STRERRCODE 1
| #define HAVE_LY_STRVECODE 1
| #define HAVE_LINK_H 1
| #define HAVE_DLINFO_ORIGIN 1
| #define HAVE_DLINFO_LINKMAP 1
| #define HAVE_STRUCT_VIFCTL 1
| #define HAVE_STRUCT_MFCCTL 1
| #define HAVE_STRUCT_SIOC_SG_REQ 1
| #define HAVE_VIFI_T 1
| #define HAVE_STRUCT_SIOC_VIF_REQ 1
| #define HAVE_STRUCT_IGMPMSG 1
| #define HAVE_STRUCT_ND_OPT_ADV_INTERVAL 1
| #define HAVE_STRUCT_ND_OPT_ADV_INTERVAL 1
| #define HAVE_IP_PKTINFO 1
| #define HAVE_IP_FREEBIND 1
| #define HAVE_DECL_BE32ENC 0
| #define HAVE_DECL_BE32DEC 0
| #define HAVE_CLOCK_NANOSLEEP 1
| #define YYTEXT_POINTER 1
| #define HAVE_PR_SET_KEEPCAPS 1
| #define HAVE_SYS_CAPABILITY_H 1
| #define HAVE_LCAPS 1
| #define HAVE_CAPABILITIES 1
| #define HAVE_LIBUNWIND 1
| #define HAVE_MALLOC_H 1
| /* end confdefs.h.  */
| #ifdef SUNOS_5
| #define _POSIX_C_SOURCE 200809L
| #define __EXTENSIONS__
| #endif
| #include <stdio.h>
| #include <stdlib.h>
| #include <stddef.h>
| #include <sys/types.h>
| #include <sys/param.h>
| /* Required for MAXSIG */
| #include <signal.h>
| #include <sys/socket.h>
| #include <netinet/in.h>
| #include <sys/time.h>
| #include <time.h>
| #include <net/if.h>
| 
| 
| #include <sys/un.h>
| #include <netinet/in_systm.h>
| #ifdef HAVE_NETINET_IN_VAR_H
| # include <netinet/in_var.h>
| #endif
| #ifndef __linux__
| # include <net/if_dl.h>
| #endif
| #include <net/route.h>
| #include <arpa/inet.h>
| /* Required for IDRP */
| #ifdef HAVE_NETINET_IP_ICMP_H
| # include <netinet/ip_icmp.h>
| #endif
| 
| #ifdef HAVE_LINUX_MROUTE_H
| # include <linux/mroute.h>
| #endif
| 
| #ifdef HAVE_NETINET_IP_MROUTE_H
| # include <netinet/ip_mroute.h>
| #endif
| 
| #ifdef HAVE_NETINET_IP6_MROUTE_H
| # include <netinet6/ip6_mroute.h>
| #endif
| 
| #include <netinet/icmp6.h>
| #ifdef HAVE_NETINET6_ND6_H
| # include <netinet6/nd6.h>
| #endif
| 
| 
| #include <malloc_np.h>
configure:34263: result: no
configure:34319: checking for malloc/malloc.h
configure:34319: gcc -c  -g -O2  conftest.c >&5
conftest.c:204:10: fatal error: malloc/malloc.h: No such file or directory
  204 | #include <malloc/malloc.h>
      |          ^~~~~~~~~~~~~~~~~
compilation terminated.
configure:34319: $? = 1
configure: failed program was:
| /* confdefs.h */
| #define PACKAGE_NAME "frr"
| #define PACKAGE_TARNAME "frr"
| #define PACKAGE_VERSION "10.7.0-dev"
| #define PACKAGE_STRING "frr 10.7.0-dev"
| #define PACKAGE_BUGREPORT "https://github.com/frrouting/frr/issues"
| #define PACKAGE_URL ""
| #define PACKAGE "frr"
| #define VERSION "10.7.0-dev"
| #define VICI_SOCKET "/var/run/charon.vici"
| #define HAVE_STDIO_H 1
| #define HAVE_STDLIB_H 1
| #define HAVE_STRING_H 1
| #define HAVE_INTTYPES_H 1
| #define HAVE_STDINT_H 1
| #define HAVE_STRINGS_H 1
| #define HAVE_SYS_STAT_H 1
| #define HAVE_SYS_TYPES_H 1
| #define HAVE_UNISTD_H 1
| #define HAVE_WCHAR_H 1
| #define STDC_HEADERS 1
| #define _ALL_SOURCE 1
| #define _DARWIN_C_SOURCE 1
| #define _GNU_SOURCE 1
| #define _HPUX_ALT_XOPEN_SOCKET_API 1
| #define _NETBSD_SOURCE 1
| #define _OPENBSD_SOURCE 1
| #define _POSIX_PTHREAD_SEMANTICS 1
| #define __STDC_WANT_IEC_60559_ATTRIBS_EXT__ 1
| #define __STDC_WANT_IEC_60559_BFP_EXT__ 1
| #define __STDC_WANT_IEC_60559_DFP_EXT__ 1
| #define __STDC_WANT_IEC_60559_FUNCS_EXT__ 1
| #define __STDC_WANT_IEC_60559_TYPES_EXT__ 1
| #define __STDC_WANT_LIB_EXT2__ 1
| #define __STDC_WANT_MATH_SPEC_FUNCS__ 1
| #define _TANDEM_SOURCE 1
| #define __EXTENSIONS__ 1
| #define HAVE_PTHREAD_PRIO_INHERIT 1
| #define HAVE_PTHREAD_SETNAME_NP 1
| #define HAVE_DLFCN_H 1
| #define LT_OBJDIR ".libs/"
| #define CRYPTO_INTERNAL 1
| #define HAVE_JSON_C_JSON_H 1
| #define NETLINK_DEBUG 1
| #define DFLT_NAME "traditional"
| #define HAVE_LIBELF 1
| #define HAVE_ELF_GETDATA_RAWCHUNK 1
| #define HAVE_GELF_GETNOTE 1
| #define FRR_USER "frr"
| #define FRR_GROUP "frr"
| #define VTY_GROUP "frrvty"
| #define CONFIGFILE_MASK 0640
| #define LOGFILE_MASK 0640
| #define MULTIPATH_NUM 64
| #define LOG_TIMESTAMP_PRECISION 0
| #define VTYSH_PAGER "more"
| #define GIT_VERSION 1
| #define INTERP "/lib64/ld-linux-x86-64.so.2"
| #define HAVE_ASM_TYPES_H 1
| #define HAVE_STDATOMIC_H 1
| #define HAVE_SYNC_LINUX_FUTEX /**/
| #define HAVE_NETINET_IP_ICMP_H 1
| #define HAVE_UCONTEXT_H 1
| #define HAVE_UCONTEXT_T_UC_MCONTEXT_GREGS 1
| #define GNU_LINUX 1
| #define HAVE_NETLINK 1
| #define LINUX_IPV6 1
| #define IPV6_MINHOPCOUNT 73
| #define HAVE_STRLCAT 1
| #define HAVE_STRLCPY 1
| #define HAVE_GETGROUPLIST 1
| #define HAVE_GETLOADAVG 1
| #define HAVE_OPENAT 1
| #define HAVE_UNLINKAT 1
| #define HAVE_POSIX_FALLOCATE 1
| #define HAVE_SENDMMSG 1
| #define HAVE_EXPLICIT_BZERO 1
| #define HAVE_STRUCT_MMSGHDR_MSG_HDR 1
| #define HAVE_PROTOBUF 1
| #define HAVE_PROTOBUF_VERSION_3 1
| #define VTYSH 1
| #define HAVE_RL_CLEAR_VISIBLE_LINE 1
| #define HAVE_APPEND_HISTORY 1
| #define HAVE_PPOLL 1
| #define HAVE_PPOLL 1
| #define HAVE_EPOLL_PWAIT 1
| #define USE_EPOLL 1
| #define HAVE_NETNS 1
| #define HAVE_SETNS 1
| #define ISIS_METHOD_PFPACKET 1
| #define ISIS_METHOD_DLPI 2
| #define ISIS_METHOD_BPF 3
| #define ISIS_METHOD ISIS_METHOD_PFPACKET
| #define HAVE_STRUCT_IP_MREQN_IMR_IFINDEX 1
| #define HAVE_LINUX_MROUTE_H 1
| #define HAVE_LINUX_MROUTE6_H 1
| #define HAVE_RFC3678 1
| #define HAVE_DECL_TCP_MD5SIG 1
| #define HAVE_LIBCRYPT 1
| #define HAVE_STRUCT_UTSNAME_DOMAINNAME 1
| #define HAVE_BGPD 1
| #define HAVE_MGMTD 1
| #define HAVE_RIPD 1
| #define HAVE_RIPNGD 1
| #define HAVE_OSPFD 1
| #define HAVE_OSPF6D 1
| #define HAVE_LDPD 1
| #define HAVE_NHRPD 1
| #define HAVE_EIGRPD 1
| #define HAVE_BABELD 1
| #define HAVE_ISISD 1
| #define HAVE_PIMD 1
| #define HAVE_PIM6D 1
| #define HAVE_PBRD 1
| #define HAVE_STATICD 1
| #define HAVE_FABRICD 1
| #define HAVE_VRRPD 1
| #define HAVE_BFDD 1
| #define BFD_LINUX 1
| #define HAVE_PATHD 1
| #define SUPPORT_OSPF_API 1
| #define DISABLE_BGP_ANNOUNCE 0
| #define ENABLE_BGP_VNC 1
| #define ENABLE_VERSION_BUILD_CONFIG 1
| #define SNMP_AGENTX 1
| #define HAVE_LIBYANG 1
| #define HAVE_LY_STRERRCODE 1
| #define HAVE_LY_STRVECODE 1
| #define HAVE_LINK_H 1
| #define HAVE_DLINFO_ORIGIN 1
| #define HAVE_DLINFO_LINKMAP 1
| #define HAVE_STRUCT_VIFCTL 1
| #define HAVE_STRUCT_MFCCTL 1
| #define HAVE_STRUCT_SIOC_SG_REQ 1
| #define HAVE_VIFI_T 1
| #define HAVE_STRUCT_SIOC_VIF_REQ 1
| #define HAVE_STRUCT_IGMPMSG 1
| #define HAVE_STRUCT_ND_OPT_ADV_INTERVAL 1
| #define HAVE_STRUCT_ND_OPT_ADV_INTERVAL 1
| #define HAVE_IP_PKTINFO 1
| #define HAVE_IP_FREEBIND 1
| #define HAVE_DECL_BE32ENC 0
| #define HAVE_DECL_BE32DEC 0
| #define HAVE_CLOCK_NANOSLEEP 1
| #define YYTEXT_POINTER 1
| #define HAVE_PR_SET_KEEPCAPS 1
| #define HAVE_SYS_CAPABILITY_H 1
| #define HAVE_LCAPS 1
| #define HAVE_CAPABILITIES 1
| #define HAVE_LIBUNWIND 1
| #define HAVE_MALLOC_H 1
| /* end confdefs.h.  */
| #ifdef SUNOS_5
| #define _POSIX_C_SOURCE 200809L
| #define __EXTENSIONS__
| #endif
| #include <stdio.h>
| #include <stdlib.h>
| #include <stddef.h>
| #include <sys/types.h>
| #include <sys/param.h>
| /* Required for MAXSIG */
| #include <signal.h>
| #include <sys/socket.h>
| #include <netinet/in.h>
| #include <sys/time.h>
| #include <time.h>
| #include <net/if.h>
| 
| 
| #include <sys/un.h>
| #include <netinet/in_systm.h>
| #ifdef HAVE_NETINET_IN_VAR_H
| # include <netinet/in_var.h>
| #endif
| #ifndef __linux__
| # include <net/if_dl.h>
| #endif
| #include <net/route.h>
| #include <arpa/inet.h>
| /* Required for IDRP */
| #ifdef HAVE_NETINET_IP_ICMP_H
| # include <netinet/ip_icmp.h>
| #endif
| 
| #ifdef HAVE_LINUX_MROUTE_H
| # include <linux/mroute.h>
| #endif
| 
| #ifdef HAVE_NETINET_IP_MROUTE_H
| # include <netinet/ip_mroute.h>
| #endif
| 
| #ifdef HAVE_NETINET_IP6_MROUTE_H
| # include <netinet6/ip6_mroute.h>
| #endif
| 
| #include <netinet/icmp6.h>
| #ifdef HAVE_NETINET6_ND6_H
| # include <netinet6/nd6.h>
| #endif
| 
| 
| #include <malloc/malloc.h>
configure:34319: result: no
configure:34377: checking whether mallinfo is available
configure:34456: gcc -o conftest  -g -O2   -g conftest.c -lyang   -ljson-c -latomic -lrt >&5
conftest.c: In function 'main':
conftest.c:217:8: warning: 'mallinfo' is deprecated [-Wdeprecated-declarations]
  217 | struct mallinfo ac_x; ac_x = mallinfo ();
      |        ^~~~~~~~
In file included from conftest.c:204:
/usr/include/malloc.h:114:24: note: declared here
  114 | extern struct mallinfo mallinfo (void) __THROW __MALLOC_DEPRECATED;
      |                        ^~~~~~~~
configure:34456: $? = 0
configure:34470: result: yes
configure:34478: checking whether mallinfo2 is available
configure:34557: gcc -o conftest  -g -O2   -g conftest.c -lyang   -ljson-c -latomic -lrt >&5
configure:34557: $? = 0
configure:34571: result: yes
configure:34579: checking whether malloc_usable_size is available
configure:34650: gcc -o conftest  -g -O2   -g conftest.c -lyang   -ljson-c -latomic -lrt >&5
configure:34650: $? = 0
configure:34653: result: yes
configure:34972: checking for CU_initialize_registry in -lcunit
configure:34995: gcc -o conftest  -g -O2   -g conftest.c -lcunit  -lyang   -ljson-c -latomic -lrt >&5
configure:34995: $? = 0
configure:35005: result: yes
configure:35024: checking for valgrind
configure:35045: found /usr/bin/valgrind
configure:35056: result: yes
configure:35464: checking that generated files are newer than configure
configure:35470: result: done
configure:35713: creating ./config.status

## ---------------------- ##
## Running config.status. ##
## ---------------------- ##

This file was extended by frr config.status 10.7.0-dev, which was
generated by GNU Autoconf 2.71.  Invocation command line was

  CONFIG_FILES    = 
  CONFIG_HEADERS  = 
  CONFIG_LINKS    = 
  CONFIG_COMMANDS = 
  $ ./config.status 

on pelsser-Precision-5820-Tower

config.status:1558: creating Makefile
config.status:1558: creating config.version
config.status:1558: creating redhat/frr.spec
config.status:1558: creating alpine/APKBUILD
config.status:1558: creating snapcraft/snapcraft.yaml
config.status:1558: creating lib/version.h
config.status:1558: creating lib/config_paths.h
config.status:1558: creating tests/lib/cli/test_cli.refout
config.status:1558: creating pkgsrc/mgmtd.sh
config.status:1558: creating pkgsrc/bgpd.sh
config.status:1558: creating pkgsrc/ospf6d.sh
config.status:1558: creating pkgsrc/ospfd.sh
config.status:1558: creating pkgsrc/ripd.sh
config.status:1558: creating pkgsrc/ripngd.sh
config.status:1558: creating pkgsrc/zebra.sh
config.status:1558: creating pkgsrc/eigrpd.sh
config.status:1558: creating tools/frr
config.status:1558: creating tools/watchfrr.sh
config.status:1558: creating tools/frrinit.sh
config.status:1558: creating tools/frrcommon.sh
config.status:1558: creating tools/frr.service
config.status:1558: creating tools/frr@.service
config.status:1558: creating tools/frr.pc
config.status:1558: creating config.h
config.status:1787: executing depfiles commands
config.status:1864: cd .       && sed -e '/# am--include-marker/d' Makefile         | make -f - am--depfiles
config.status:1869: $? = 0
config.status:1787: executing libtool commands
patching file libtool
Hunk #1 succeeded at 9190 (offset 751 lines).
config.status:1787: executing lib/gitversion.h commands

## ---------------- ##
## Cache variables. ##
## ---------------- ##

ac_cv_build=x86_64-pc-linux-gnu
ac_cv_c_compiler_gnu=yes
ac_cv_c_undeclared_builtin_options='none needed'
ac_cv_cxx_compiler_gnu=yes
ac_cv_env_AR_set=
ac_cv_env_AR_value=
ac_cv_env_CARES_CFLAGS_set=
ac_cv_env_CARES_CFLAGS_value=
ac_cv_env_CARES_LIBS_set=
ac_cv_env_CARES_LIBS_value=
ac_cv_env_CCC_set=
ac_cv_env_CCC_value=
ac_cv_env_CC_set=
ac_cv_env_CC_value=
ac_cv_env_CFLAGS_set=
ac_cv_env_CFLAGS_value=
ac_cv_env_CPPFLAGS_set=
ac_cv_env_CPPFLAGS_value=
ac_cv_env_CPP_set=
ac_cv_env_CPP_value=
ac_cv_env_CXXCPP_set=
ac_cv_env_CXXCPP_value=
ac_cv_env_CXXFLAGS_set=
ac_cv_env_CXXFLAGS_value=
ac_cv_env_CXX_set=
ac_cv_env_CXX_value=
ac_cv_env_DPDK_CFLAGS_set=
ac_cv_env_DPDK_CFLAGS_value=
ac_cv_env_DPDK_LIBS_set=
ac_cv_env_DPDK_LIBS_value=
ac_cv_env_GRPC_CFLAGS_set=
ac_cv_env_GRPC_CFLAGS_value=
ac_cv_env_GRPC_LIBS_set=
ac_cv_env_GRPC_LIBS_value=
ac_cv_env_LDFLAGS_set=
ac_cv_env_LDFLAGS_value=
ac_cv_env_LD_set=
ac_cv_env_LD_value=
ac_cv_env_LIBS_set=
ac_cv_env_LIBS_value=
ac_cv_env_LIBYANG_CFLAGS_set=
ac_cv_env_LIBYANG_CFLAGS_value=
ac_cv_env_LIBYANG_LIBS_set=
ac_cv_env_LIBYANG_LIBS_value=
ac_cv_env_LT_SYS_LIBRARY_PATH_set=
ac_cv_env_LT_SYS_LIBRARY_PATH_value=
ac_cv_env_LUA_CFLAGS_set=
ac_cv_env_LUA_CFLAGS_value=
ac_cv_env_LUA_INCLUDE_set=
ac_cv_env_LUA_INCLUDE_value=
ac_cv_env_LUA_LIBS_set=
ac_cv_env_LUA_LIBS_value=
ac_cv_env_LUA_LIB_set=
ac_cv_env_LUA_LIB_value=
ac_cv_env_LUA_set=
ac_cv_env_LUA_value=
ac_cv_env_OBJCOPY_set=
ac_cv_env_OBJCOPY_value=
ac_cv_env_OBJDUMP_set=
ac_cv_env_OBJDUMP_value=
ac_cv_env_PKG_CONFIG_LIBDIR_set=
ac_cv_env_PKG_CONFIG_LIBDIR_value=
ac_cv_env_PKG_CONFIG_PATH_set=
ac_cv_env_PKG_CONFIG_PATH_value=
ac_cv_env_PKG_CONFIG_set=
ac_cv_env_PKG_CONFIG_value=
ac_cv_env_PROTOBUF_C_CFLAGS_set=
ac_cv_env_PROTOBUF_C_CFLAGS_value=
ac_cv_env_PROTOBUF_C_LIBS_set=
ac_cv_env_PROTOBUF_C_LIBS_value=
ac_cv_env_PYTHON_CFLAGS_set=
ac_cv_env_PYTHON_CFLAGS_value=
ac_cv_env_PYTHON_LIBS_set=
ac_cv_env_PYTHON_LIBS_value=
ac_cv_env_PYTHON_set=
ac_cv_env_PYTHON_value=
ac_cv_env_RANLIB_set=
ac_cv_env_RANLIB_value=
ac_cv_env_RTRLIB_CFLAGS_set=
ac_cv_env_RTRLIB_CFLAGS_value=
ac_cv_env_RTRLIB_LIBS_set=
ac_cv_env_RTRLIB_LIBS_value=
ac_cv_env_SNMP_CFLAGS_set=
ac_cv_env_SNMP_CFLAGS_value=
ac_cv_env_SNMP_LIBS_set=
ac_cv_env_SNMP_LIBS_value=
ac_cv_env_SQLITE3_CFLAGS_set=
ac_cv_env_SQLITE3_CFLAGS_value=
ac_cv_env_SQLITE3_LIBS_set=
ac_cv_env_SQLITE3_LIBS_value=
ac_cv_env_STRIP_set=
ac_cv_env_STRIP_value=
ac_cv_env_SYSREPO_CFLAGS_set=
ac_cv_env_SYSREPO_CFLAGS_value=
ac_cv_env_SYSREPO_LIBS_set=
ac_cv_env_SYSREPO_LIBS_value=
ac_cv_env_UNWIND_CFLAGS_set=
ac_cv_env_UNWIND_CFLAGS_value=
ac_cv_env_UNWIND_LIBS_set=
ac_cv_env_UNWIND_LIBS_value=
ac_cv_env_UST_CFLAGS_set=
ac_cv_env_UST_CFLAGS_value=
ac_cv_env_UST_LIBS_set=
ac_cv_env_UST_LIBS_value=
ac_cv_env_YACC_set=
ac_cv_env_YACC_value=
ac_cv_env_YFLAGS_set=
ac_cv_env_YFLAGS_value=
ac_cv_env_ZEROMQ_CFLAGS_set=
ac_cv_env_ZEROMQ_CFLAGS_value=
ac_cv_env_ZEROMQ_LIBS_set=
ac_cv_env_ZEROMQ_LIBS_value=
ac_cv_env_build_alias_set=
ac_cv_env_build_alias_value=
ac_cv_env_host_alias_set=
ac_cv_env_host_alias_value=
ac_cv_env_target_alias_set=
ac_cv_env_target_alias_value=
ac_cv_func_epoll_pwait=yes
ac_cv_func_explicit_bzero=yes
ac_cv_func_getgrouplist=yes
ac_cv_func_getloadavg=yes
ac_cv_func_ly_strerrcode=yes
ac_cv_func_ly_strvecode=yes
ac_cv_func_lyd_trim_xpath=no
ac_cv_func_openat=yes
ac_cv_func_pollts=no
ac_cv_func_posix_fallocate=yes
ac_cv_func_ppoll=yes
ac_cv_func_pthread_getthreadid_np=no
ac_cv_func_pthread_set_name_np=no
ac_cv_func_pthread_setname_np=yes
ac_cv_func_rl_clear_visible_line=yes
ac_cv_func_sendmmsg=yes
ac_cv_func_setns=yes
ac_cv_func_strlcat=yes
ac_cv_func_strlcpy=yes
ac_cv_func_unlinkat=yes
ac_cv_have_decl_TCP_MD5SIG=yes
ac_cv_have_decl___NR_setns=yes
ac_cv_have_decl_be32dec=no
ac_cv_have_decl_be32enc=no
ac_cv_header_asm_generic_unistd_h=yes
ac_cv_header_asm_types_h=yes
ac_cv_header_dlfcn_h=yes
ac_cv_header_endian_h=yes
ac_cv_header_gelf_h=yes
ac_cv_header_inttypes_h=yes
ac_cv_header_json_c_json_h=yes
ac_cv_header_link_h=yes
ac_cv_header_linux_mroute6_h=yes
ac_cv_header_linux_mroute_h=yes
ac_cv_header_malloc_h=yes
ac_cv_header_malloc_malloc_h=no
ac_cv_header_malloc_np_h=no
ac_cv_header_minix_config_h=no
ac_cv_header_net_bpf_h=no
ac_cv_header_net_if_media_h=no
ac_cv_header_netinet6_ip6_mroute_h=no
ac_cv_header_netinet6_nd6_h=no
ac_cv_header_netinet_in_var_h=no
ac_cv_header_netinet_ip_icmp_h=yes
ac_cv_header_netinet_ip_mroute_h=no
ac_cv_header_netinet_tcp_h=yes
ac_cv_header_pthread_np_h=no
ac_cv_header_readline_history_h=yes
ac_cv_header_stdatomic_h=yes
ac_cv_header_stdint_h=yes
ac_cv_header_stdio_h=yes
ac_cv_header_stdlib_h=yes
ac_cv_header_string_h=yes
ac_cv_header_strings_h=yes
ac_cv_header_sys_capability_h=yes
ac_cv_header_sys_dlpi_h=no
ac_cv_header_sys_endian_h=no
ac_cv_header_sys_stat_h=yes
ac_cv_header_sys_types_h=yes
ac_cv_header_ucontext_h=yes
ac_cv_header_unistd_h=yes
ac_cv_header_wchar_h=yes
ac_cv_host=x86_64-pc-linux-gnu
ac_cv_lib_atomic_main=yes
ac_cv_lib_cap_cap_init=yes
ac_cv_lib_crypt_crypt=yes
ac_cv_lib_cunit_CU_initialize_registry=yes
ac_cv_lib_elf_elf_getdata_rawchunk=yes
ac_cv_lib_elf_elf_memory=yes
ac_cv_lib_elf_gelf_getnote=yes
ac_cv_lib_json_c_json_object_get=yes
ac_cv_lib_lex='none needed'
ac_cv_lib_readline_append_history=yes
ac_cv_lib_readline_readline=yes
ac_cv_lib_readline_rl_completion_matches=yes
ac_cv_lib_resolv_res_init=no
ac_cv_lib_rt_clock_gettime=yes
ac_cv_lib_yang_lyd_find_xpath3=yes
ac_cv_member_struct_if_data_ifi_link_state=no
ac_cv_member_struct_ip_mreqn_imr_ifindex=yes
ac_cv_member_struct_lyd_node_priv=yes
ac_cv_member_struct_mmsghdr_msg_hdr=yes
ac_cv_member_struct_nd_opt_adv_interval_nd_opt_ai_type=no
ac_cv_member_struct_sockaddr_dl_sdl_len=no
ac_cv_member_struct_sockaddr_in_sin_len=no
ac_cv_member_struct_sockaddr_sa_len=no
ac_cv_member_struct_sockaddr_un_sun_len=no
ac_cv_member_struct_utsname_domainname=yes
ac_cv_member_ucontext_t_uc_mcontext_gregs=yes
ac_cv_member_ucontext_t_uc_mcontext_regs=no
ac_cv_member_ucontext_t_uc_mcontext_uc_regs=no
ac_cv_objext=o
ac_cv_path_EGREP=/usr/bin/egrep
ac_cv_path_FGREP=/usr/bin/fgrep
ac_cv_path_PERL=/usr/bin/perl
ac_cv_path_PYTHON=/usr/bin/python3
ac_cv_path_SED=sed
ac_cv_path_ac_pt_PKG_CONFIG=/usr/bin/pkg-config
ac_cv_path_install='/usr/bin/install -c'
ac_cv_path_lt_DD=/usr/bin/dd
ac_cv_path_mkdir=/usr/bin/mkdir
ac_cv_prog_AWK=gawk
ac_cv_prog_CPP='gcc -E'
ac_cv_prog_CXXCPP='g++ -E'
ac_cv_prog_LEX=flex
ac_cv_prog_PROTOC_C=protoc-c
ac_cv_prog_VALGRIND_CHECK=yes
ac_cv_prog_YACC='bison -y'
ac_cv_prog_ac_ct_AR=ar
ac_cv_prog_ac_ct_CC=gcc
ac_cv_prog_ac_ct_CXX=g++
ac_cv_prog_ac_ct_FILECMD=file
ac_cv_prog_ac_ct_MANIFEST_TOOL=mt
ac_cv_prog_ac_ct_OBJCOPY=objcopy
ac_cv_prog_ac_ct_OBJDUMP=objdump
ac_cv_prog_ac_ct_RANLIB=ranlib
ac_cv_prog_ac_ct_STRIP=strip
ac_cv_prog_cc_c11=
ac_cv_prog_cc_g=yes
ac_cv_prog_cc_stdc=
ac_cv_prog_cxx_cxx11=
ac_cv_prog_cxx_g=yes
ac_cv_prog_cxx_stdcxx=
ac_cv_prog_lex_root=lex.yy
ac_cv_prog_lex_yytext_pointer=yes
ac_cv_prog_make_make_set=yes
ac_cv_safe_to_define___extensions__=yes
ac_cv_search_clock_nanosleep='none required'
ac_cv_search_dlopen='none required'
ac_cv_search_pow=-lm
ac_cv_should_define__xopen_source=no
ac_cv_sys_file_offset_bits=no
ac_cv_sys_largefile_CC=no
ac_cv_type_struct_ifaliasreq=no
ac_cv_type_struct_igmpmsg=yes
ac_cv_type_struct_mfcctl=yes
ac_cv_type_struct_nd_opt_adv_interval=yes
ac_cv_type_struct_nd_opt_dnssl=no
ac_cv_type_struct_nd_opt_homeagent_info=no
ac_cv_type_struct_nd_opt_rdnss=no
ac_cv_type_struct_sioc_sg_req=yes
ac_cv_type_struct_sioc_vif_req=yes
ac_cv_type_struct_sockaddr_dl=no
ac_cv_type_struct_vifctl=yes
ac_cv_type_vifi_t=yes
am_cv_CC_dependencies_compiler_type=gcc3
am_cv_CXX_dependencies_compiler_type=gcc3
am_cv_make_support_nested_variables=yes
am_cv_pathless_PYTHON=python3
am_cv_prog_cc_c_o=yes
am_cv_python_platform=linux
am_cv_python_pyexecdir='${PYTHON_EXEC_PREFIX}/lib/python3.12/site-packages'
am_cv_python_pythondir='${PYTHON_PREFIX}/lib/python3.12/site-packages'
am_cv_python_version=3.12
ax_cv_PTHREAD_PRIO_INHERIT=yes
frr_cv_O=yes
frr_cv_Waddressofpackedmember=yes
frr_cv_Wall=yes
frr_cv_Wbadfunctioncast=yes
frr_cv_Wccompat=yes
frr_cv_Wextra=yes
frr_cv_Wformatextraargs=yes
frr_cv_Wformatnonliteral=yes
frr_cv_Wformatsecurity=yes
frr_cv_Wimplicitfallthrough=yes
frr_cv_Wmissingdeclarations=yes
frr_cv_Wmissingnoreturn=yes
frr_cv_Wmissingprototypes=yes
frr_cv_Wnoerror_deprecateddeclarations=yes
frr_cv_Wnomicrosoftanontag=no
frr_cv_Wnomissingfieldinitializers=yes
frr_cv_Wnounusedparameter=yes
frr_cv_Wnounusedresult=yes
frr_cv_Wpointerarith=yes
frr_cv_Wshadow=yes
frr_cv_Wstrictprototypes=yes
frr_cv_Wswitchenum=yes
frr_cv_Wundef=yes
frr_cv_Wwritestrings=yes
frr_cv_append_history=yes
frr_cv_fmsextensions=yes
frr_cv_fnoomitframepointer=yes
frr_cv_fplugin_frrformat=no
frr_cv_fplugin_toolsgccpluginsfrrformatso=no
frr_cv_funwindtables=yes
frr_cv_g=yes
frr_cv_interp=/lib64/ld-linux-x86-64.so.2
frr_cv_mallinfo2=yes
frr_cv_mallinfo=yes
frr_cv_python=python3
frr_cv_rtld_di_linkmap=yes
frr_cv_rtld_di_origin=yes
lt_cv_ar_at_file=@
lt_cv_archive_cmds_need_lc=no
lt_cv_deplibs_check_method=pass_all
lt_cv_file_magic_cmd='$MAGIC_CMD'
lt_cv_file_magic_test_file=
lt_cv_ld_reload_flag=-r
lt_cv_nm_interface='BSD nm'
lt_cv_objdir=.libs
lt_cv_path_LD=/usr/bin/ld
lt_cv_path_LDCXX='/usr/bin/ld -m elf_x86_64'
lt_cv_path_NM='/usr/bin/nm -B'
lt_cv_path_mainfest_tool=no
lt_cv_prog_compiler_c_o=yes
lt_cv_prog_compiler_c_o_CXX=yes
lt_cv_prog_compiler_pic='-fPIC -DPIC'
lt_cv_prog_compiler_pic_CXX='-fPIC -DPIC'
lt_cv_prog_compiler_pic_works=yes
lt_cv_prog_compiler_pic_works_CXX=yes
lt_cv_prog_compiler_rtti_exceptions=no
lt_cv_prog_compiler_static_works=yes
lt_cv_prog_compiler_static_works_CXX=yes
lt_cv_prog_gnu_ld=yes
lt_cv_prog_gnu_ldcxx=yes
lt_cv_sharedlib_from_linklib_cmd='printf %s\n'
lt_cv_shlibpath_overrides_runpath=yes
lt_cv_sys_global_symbol_pipe='sed -n -e '\''s/^.*[	 ]\([ABCDGIRSTW][ABCDGIRSTW]*\)[	 ][	 ]*\([_A-Za-z][_A-Za-z0-9]*\)$/\1 \2 \2/p'\'' | sed '\''/ __gnu_lto/d'\'''
lt_cv_sys_global_symbol_to_c_name_address='sed -n -e '\''s/^: \(.*\) .*$/  {"\1", (void *) 0},/p'\'' -e '\''s/^[ABCDGIRSTW][ABCDGIRSTW]* .* \(.*\)$/  {"\1", (void *) \&\1},/p'\'''
lt_cv_sys_global_symbol_to_c_name_address_lib_prefix='sed -n -e '\''s/^: \(.*\) .*$/  {"\1", (void *) 0},/p'\'' -e '\''s/^[ABCDGIRSTW][ABCDGIRSTW]* .* \(lib.*\)$/  {"\1", (void *) \&\1},/p'\'' -e '\''s/^[ABCDGIRSTW][ABCDGIRSTW]* .* \(.*\)$/  {"lib\1", (void *) \&\1},/p'\'''
lt_cv_sys_global_symbol_to_cdecl='sed -n -e '\''s/^T .* \(.*\)$/extern int \1();/p'\'' -e '\''s/^[ABCDGIRSTW][ABCDGIRSTW]* .* \(.*\)$/extern char \1;/p'\'''
lt_cv_sys_global_symbol_to_import=
lt_cv_sys_max_cmd_len=1572864
lt_cv_to_host_file_cmd=func_convert_file_noop
lt_cv_to_tool_file_cmd=func_convert_file_noop
lt_cv_truncate_bin='/usr/bin/dd bs=4096 count=1'
pkg_cv_CARES_CFLAGS=
pkg_cv_CARES_LIBS='-lcares '
pkg_cv_LIBYANG_CFLAGS=
pkg_cv_LIBYANG_LIBS='-lyang '
pkg_cv_PROTOBUF_C_CFLAGS=
pkg_cv_PROTOBUF_C_LIBS='-lprotobuf-c '
pkg_cv_SNMP_CFLAGS=
pkg_cv_SNMP_LIBS='-lnetsnmpmibs -lnetsnmpagent -lnetsnmp '
pkg_cv_UNWIND_CFLAGS='-I/usr/include/x86_64-linux-gnu '
pkg_cv_UNWIND_LIBS='-lunwind '

## ----------------- ##
## Output variables. ##
## ----------------- ##

ACLOCAL='${SHELL} '\''/home/alfroy/my_own_frr/m4/ac/missing'\'' aclocal-1.16'
AC_CFLAGS=' -fms-extensions -fno-omit-frame-pointer -funwind-tables -Wall -Wextra -Wformat-nonliteral -Wformat-security -Wswitch-enum -Wstrict-prototypes -Wmissing-prototypes -Wmissing-declarations -Wpointer-arith -Wbad-function-cast -Wwrite-strings -Wundef -Wimplicit-fallthrough -Wshadow -Wmissing-noreturn -Wformat-extra-args -Wno-unused-result -Wno-unused-parameter -Wno-missing-field-initializers -Wno-error=deprecated-declarations -Waddress-of-packed-member '
AC_LDFLAGS=''
AC_LDFLAGS_EXEC=''
AMDEPBACKSLASH='\'
AMDEP_FALSE='#'
AMDEP_TRUE=''
AMTAR='$${TAR-tar}'
AM_BACKSLASH='\'
AM_DEFAULT_V='$(AM_DEFAULT_VERBOSITY)'
AM_DEFAULT_VERBOSITY='0'
AM_V='$(V)'
AR='ar'
ARFLAGS='crD'
AR_FLAGS='crD'
AUTOCONF='${SHELL} '\''/home/alfroy/my_own_frr/m4/ac/missing'\'' autoconf'
AUTOHEADER='${SHELL} '\''/home/alfroy/my_own_frr/m4/ac/missing'\'' autoheader'
AUTOMAKE='${SHELL} '\''/home/alfroy/my_own_frr/m4/ac/missing'\'' automake-1.16'
AWK='gawk'
BABELD_FALSE='#'
BABELD_TRUE=''
BFDD_FALSE='#'
BFDD_TRUE=''
BGPD_FALSE='#'
BGPD_TRUE=''
BGP_BMP_FALSE='#'
BGP_BMP_TRUE=''
BISON_CLOSEBRACE='}'
BISON_OPENBRACE='{'
BISON_VERBOSE='-Dparse.error=verbose -Wno-yacc'
BUILD_CLIPPY_FALSE='#'
BUILD_CLIPPY_TRUE=''
CARES_CFLAGS=''
CARES_FALSE='#'
CARES_LIBS='-lcares '
CARES_TRUE=''
CC='gcc'
CCDEPMODE='depmode=gcc3'
CFLAGS=' -g -O2'
CLIPPY='lib/clippy$(EXEEXT)'
CONFDATE='20260601'
CONFIG_ARGS=''\''--prefix=/usr'\'' '\''--includedir=${prefix}/include'\'' '\''--bindir=${prefix}/bin'\'' '\''--sbindir=${prefix}/lib/frr'\'' '\''--libdir=${prefix}/lib/frr'\'' '\''--libexecdir=${prefix}/lib/frr'\'' '\''--sysconfdir=/etc'\'' '\''--localstatedir=/var'\'' '\''--with-moduledir=${prefix}/lib/frr/modules'\'' '\''--enable-configfile-mask=0640'\'' '\''--enable-logfile-mask=0640'\'' '\''--enable-snmp'\'' '\''--enable-multipath=64'\'' '\''--enable-user=frr'\'' '\''--enable-group=frr'\'' '\''--enable-vty-group=frrvty'\'' '\''--with-pkg-git-version'\'' '\''--with-pkg-extra-version=-MyOwnFRRVersion'\'''
CPP='gcc -E'
CPPFLAGS=''
CSCOPE='cscope'
CTAGS='ctags'
CXX='g++'
CXXCPP='g++ -E'
CXXDEPMODE='depmode=gcc3'
CXXFLAGS=''
CXX_COMPAT_CFLAGS='-Wc++-compat'
CYGPATH_W='echo'
DEFS='-DHAVE_CONFIG_H'
DEPDIR='.deps'
DEV_BUILD_FALSE=''
DEV_BUILD_TRUE='#'
DFLT_NAME='traditional'
DLLTOOL='false'
DOC_FALSE='#'
DOC_HTML_FALSE=''
DOC_HTML_TRUE='#'
DOC_TRUE=''
DPDK_CFLAGS=''
DPDK_LIBS=''
DP_DPDK_FALSE=''
DP_DPDK_TRUE='#'
DSYMUTIL=''
DUMPBIN=''
ECHO_C=''
ECHO_N='-n'
ECHO_T=''
EGREP='/usr/bin/egrep'
EIGRPD_FALSE='#'
EIGRPD_TRUE=''
ENABLE_BGP_VNC_FALSE='#'
ENABLE_BGP_VNC_TRUE=''
ETAGS='etags'
EXEEXT=''
EXTRAVERSION='-MyOwnFRRVersion'
FABRICD_FALSE='#'
FABRICD_TRUE=''
FGREP='/usr/bin/fgrep'
FILECMD='file'
FPM_FALSE=''
FPM_LISTENER_FALSE=''
FPM_LISTENER_TRUE='#'
FPM_TRUE='#'
FRR_PACKAGE_VERSION='10.7.0'
GIT_VERSION_FALSE='#'
GIT_VERSION_TRUE=''
GREP='grep'
GRPC_CFLAGS=''
GRPC_FALSE=''
GRPC_LIBS=''
GRPC_TRUE='#'
HAVE_GCOV_FALSE='#'
HAVE_GCOV_TRUE=''
HAVE_LIBPCRE2_POSIX=''
HAVE_LIBPCREPOSIX=''
HAVE_PROTOBUF3_FALSE='#'
HAVE_PROTOBUF3_TRUE=''
HAVE_PROTOBUF_FALSE='#'
HAVE_PROTOBUF_TRUE=''
HAVE_VALGRIND_PCEP_FALSE='#'
HAVE_VALGRIND_PCEP_TRUE=''
HOSTTOOLS_CLIPPY_FALSE=''
HOSTTOOLS_CLIPPY_TRUE='#'
INSTALL_DATA='${INSTALL} -m 644'
INSTALL_PROGRAM='${INSTALL}'
INSTALL_SCRIPT='${INSTALL}'
INSTALL_STRIP_PROGRAM='$(install_sh) -c -s'
ISISD_FALSE='#'
ISISD_TRUE=''
LD='/usr/bin/ld -m elf_x86_64'
LDFLAGS=' -g'
LDPD_FALSE='#'
LDPD_TRUE=''
LEX='flex'
LEXLIB=''
LEX_OUTPUT_ROOT='lex.yy'
LIBCAP='-lcap'
LIBCRYPT='-lcrypt '
LIBDL=''
LIBM='-lm '
LIBOBJS=''
LIBPAM=''
LIBREADLINE='-lreadline'
LIBS='-lyang   -ljson-c -latomic -lrt'
LIBTOOL='$(SHELL) $(top_builddir)/libtool'
LIBYANG_CFLAGS=''
LIBYANG_LIBS='-lyang '
LINUX_FALSE='#'
LINUX_TRUE=''
LIPO=''
LN_S='ln -s'
LTLIBOBJS=''
LT_SYS_LIBRARY_PATH=''
LUA=''
LUA_CFLAGS=''
LUA_EXEC_PREFIX=''
LUA_INCLUDE=''
LUA_LIB=''
LUA_LIBS=''
LUA_PLATFORM=''
LUA_PREFIX=''
LUA_SHORT_VERSION=''
LUA_VERSION=''
MAKEINFO='${SHELL} '\''/home/alfroy/my_own_frr/m4/ac/missing'\'' makeinfo'
MANIFEST_TOOL=':'
MGMTD_FALSE='#'
MGMTD_TESTC_FALSE=''
MGMTD_TESTC_TRUE='#'
MGMTD_TRUE=''
MKDIR_P='/usr/bin/mkdir -p'
MULTIPATH_NUM='64'
NETLINK_DEBUG_FALSE='#'
NETLINK_DEBUG_TRUE=''
NETSNMP_CONFIG=''
NHRPD_FALSE='#'
NHRPD_TRUE=''
NM='/usr/bin/nm -B'
NMEDIT=''
OBJCOPY='objcopy'
OBJDUMP='objdump'
OBJEXT='o'
ONLY_CLIPPY_FALSE=''
ONLY_CLIPPY_TRUE='#'
OSPF6D_FALSE='#'
OSPF6D_TRUE=''
OSPFCLIENT_FALSE='#'
OSPFCLIENT_TRUE=''
OSPFD_FALSE='#'
OSPFD_TRUE=''
OTOOL64=''
OTOOL=''
PACKAGE='frr'
PACKAGE_BUGREPORT='https://github.com/frrouting/frr/issues'
PACKAGE_EXTRAVERSION='-MyOwnFRRVersion'
PACKAGE_FULLNAME='FRRouting'
PACKAGE_NAME='frr'
PACKAGE_STRING='frr 10.7.0-dev-MyOwnFRRVersion'
PACKAGE_TARNAME='frr'
PACKAGE_URL='https://frrouting.org/'
PACKAGE_VERSION='10.7.0-dev-MyOwnFRRVersion'
PATHD_FALSE='#'
PATHD_PCEP_FALSE='#'
PATHD_PCEP_INCL='-I./pceplib '
PATHD_PCEP_LIBS='pceplib/libpcep_pcc.la'
PATHD_PCEP_TEST_FALSE='#'
PATHD_PCEP_TEST_TRUE=''
PATHD_PCEP_TRUE=''
PATHD_TRUE=''
PATH_SEPARATOR=':'
PBRD_FALSE='#'
PBRD_TRUE=''
PERL='/usr/bin/perl'
PIM6D_FALSE='#'
PIM6D_TRUE=''
PIMD_FALSE='#'
PIMD_TRUE=''
PKGSRC_FALSE=''
PKGSRC_TRUE='#'
PKG_CONFIG='/usr/bin/pkg-config'
PKG_CONFIG_LIBDIR=''
PKG_CONFIG_PATH=''
PROTOBUF_C_CFLAGS=''
PROTOBUF_C_LIBS='-lprotobuf-c '
PROTOC='/bin/false'
PROTOC_C='protoc-c'
PTHREAD_CC='gcc'
PTHREAD_CFLAGS=''
PTHREAD_LIBS=''
PYSPHINX='-m sphinx'
PYTHON='/usr/bin/python3'
PYTHON_CFLAGS='-I/usr/include/python3.12 -I/usr/include/python3.12'
PYTHON_EXEC_PREFIX='${exec_prefix}'
PYTHON_LIBS='-L/usr/lib/python3.12/config-3.12-x86_64-linux-gnu -L/usr/lib/x86_64-linux-gnu -lpython3.12 -ldl  -lm '
PYTHON_PLATFORM='linux'
PYTHON_PREFIX='${prefix}'
PYTHON_RUNTIME_DEPENDENCY_FALSE='#'
PYTHON_RUNTIME_DEPENDENCY_TRUE=''
PYTHON_VERSION='3.12'
RANLIB='ranlib -D'
RIPD_FALSE='#'
RIPD_TRUE=''
RIPNGD_FALSE='#'
RIPNGD_TRUE=''
RPKI_FALSE=''
RPKI_TRUE='#'
RTRLIB_CFLAGS=''
RTRLIB_LIBS=''
SAN_FLAGS=''
SCRIPTING_FALSE=''
SCRIPTING_TRUE='#'
SED='sed'
SET_MAKE=''
SHARPD_FALSE=''
SHARPD_TRUE='#'
SHELL='/bin/bash'
SNMP_CFLAGS=''
SNMP_FALSE='#'
SNMP_LIBS='-lnetsnmpmibs -lnetsnmpagent -lnetsnmp '
SNMP_TRUE=''
SQLITE3_CFLAGS=''
SQLITE3_FALSE=''
SQLITE3_LIBS=''
SQLITE3_TRUE='#'
STATICD_FALSE='#'
STATICD_TRUE=''
STATIC_BIN_FALSE=''
STATIC_BIN_TRUE='#'
STRIP='strip'
SUPPORT_REALMS_FALSE=''
SUPPORT_REALMS_TRUE='#'
SYSREPO_CFLAGS=''
SYSREPO_FALSE=''
SYSREPO_LIBS=''
SYSREPO_TRUE='#'
TIMEOUT_MIN='2'
UNWIND_CFLAGS='-I/usr/include/x86_64-linux-gnu '
UNWIND_LIBS='-lunwind '
UST_CFLAGS=''
UST_LIBS=''
VALGRIND_CHECK='yes'
VERSION='10.7.0-dev-MyOwnFRRVersion'
VRRPD_FALSE='#'
VRRPD_TRUE=''
VTYSH_FALSE='#'
VTYSH_TRUE=''
WATCHFRR_FALSE='#'
WATCHFRR_TRUE=''
WERROR=''
YACC='bison -y'
YFLAGS=''
ZEBRA_FALSE='#'
ZEBRA_TRUE=''
ZEROMQ_CFLAGS=''
ZEROMQ_FALSE=''
ZEROMQ_LIBS=''
ZEROMQ_TRUE='#'
ac_ct_AR='ar'
ac_ct_CC='gcc'
ac_ct_CXX='g++'
ac_ct_DUMPBIN=''
am__EXEEXT_FALSE=''
am__EXEEXT_TRUE='#'
am__fastdepCC_FALSE='#'
am__fastdepCC_TRUE=''
am__fastdepCXX_FALSE='#'
am__fastdepCXX_TRUE=''
am__include='include'
am__isrc=''
am__leading_dot='.'
am__nodep='_no'
am__quote=''
am__tar='$${TAR-tar} chof - "$$tardir"'
am__untar='$${TAR-tar} xf -'
ax_pthread_config=''
bindir='${prefix}/bin'
build='x86_64-pc-linux-gnu'
build_alias=''
build_cpu='x86_64'
build_os='linux-gnu'
build_vendor='pc'
datadir='${datarootdir}'
datarootdir='${prefix}/share'
docdir='${datarootdir}/doc/${PACKAGE_TARNAME}'
dvidir='${docdir}'
e_bindir='/usr/bin'
e_frr_libstatedir='/var/lib/frr'
e_frr_runstatedir='/var/run/frr'
e_frr_sysconfdir='/etc/frr'
e_moduledir='/usr/lib/frr/modules'
e_pkgconfigdir='/usr/lib/frr/pkgconfig'
e_sbindir='/usr/lib/frr'
e_scriptdir='/etc/frr/scripts'
e_vtysh_bin='/usr/bin/vtysh'
e_watchfrr_sh='/usr/lib/frr/watchfrr.sh'
e_yangmodelsdir='/usr/share/yang'
enable_configfile_mask='0640'
enable_group='frr'
enable_user='frr'
enable_vty_group='frrvty'
exec_prefix='${prefix}'
host='x86_64-pc-linux-gnu'
host_alias=''
host_cpu='x86_64'
host_os='linux-gnu'
host_vendor='pc'
htmldir='${docdir}'
includedir='${prefix}/include'
infodir='${datarootdir}/info'
install_sh='${SHELL} /home/alfroy/my_own_frr/m4/ac/install-sh'
libdir='${prefix}/lib/frr'
libexecdir='${prefix}/lib/frr'
localedir='${datarootdir}/locale'
localstatedir='/var'
luadir=''
luaexecdir=''
mandir='${datarootdir}/man'
mkdir_p='$(MKDIR_P)'
moduledir='${prefix}/lib/frr/modules'
oldincludedir='/usr/include'
pdfdir='${docdir}'
pkgconfigdir='${libdir}/pkgconfig'
pkgluadir=''
pkgluaexecdir=''
pkgpyexecdir='${pyexecdir}/frr'
pkgpythondir='${pythondir}/frr'
pkgsrcrcdir=''
prefix='/usr'
program_transform_name='s,x,x,'
psdir='${docdir}'
pyexecdir='${PYTHON_EXEC_PREFIX}/lib/python3.12/site-packages'
pythondir='${PYTHON_PREFIX}/lib/python3.12/site-packages'
runstatedir='${localstatedir}/run'
sbindir='${prefix}/lib/frr'
scriptdir='${frr_sysconfdir}/scripts'
sharedstatedir='${prefix}/com'
sysconfdir='/etc'
target_alias=''
yangmodelsdir='${datarootdir}/yang'

## ----------- ##
## confdefs.h. ##
## ----------- ##

/* confdefs.h */
#define PACKAGE_NAME "frr"
#define PACKAGE_TARNAME "frr"
#define PACKAGE_VERSION "10.7.0-dev"
#define PACKAGE_STRING "frr 10.7.0-dev"
#define PACKAGE_BUGREPORT "https://github.com/frrouting/frr/issues"
#define PACKAGE_URL ""
#define PACKAGE "frr"
#define VERSION "10.7.0-dev"
#define VICI_SOCKET "/var/run/charon.vici"
#define HAVE_STDIO_H 1
#define HAVE_STDLIB_H 1
#define HAVE_STRING_H 1
#define HAVE_INTTYPES_H 1
#define HAVE_STDINT_H 1
#define HAVE_STRINGS_H 1
#define HAVE_SYS_STAT_H 1
#define HAVE_SYS_TYPES_H 1
#define HAVE_UNISTD_H 1
#define HAVE_WCHAR_H 1
#define STDC_HEADERS 1
#define _ALL_SOURCE 1
#define _DARWIN_C_SOURCE 1
#define _GNU_SOURCE 1
#define _HPUX_ALT_XOPEN_SOCKET_API 1
#define _NETBSD_SOURCE 1
#define _OPENBSD_SOURCE 1
#define _POSIX_PTHREAD_SEMANTICS 1
#define __STDC_WANT_IEC_60559_ATTRIBS_EXT__ 1
#define __STDC_WANT_IEC_60559_BFP_EXT__ 1
#define __STDC_WANT_IEC_60559_DFP_EXT__ 1
#define __STDC_WANT_IEC_60559_FUNCS_EXT__ 1
#define __STDC_WANT_IEC_60559_TYPES_EXT__ 1
#define __STDC_WANT_LIB_EXT2__ 1
#define __STDC_WANT_MATH_SPEC_FUNCS__ 1
#define _TANDEM_SOURCE 1
#define __EXTENSIONS__ 1
#define HAVE_PTHREAD_PRIO_INHERIT 1
#define HAVE_PTHREAD_SETNAME_NP 1
#define HAVE_DLFCN_H 1
#define LT_OBJDIR ".libs/"
#define CRYPTO_INTERNAL 1
#define HAVE_JSON_C_JSON_H 1
#define NETLINK_DEBUG 1
#define DFLT_NAME "traditional"
#define HAVE_LIBELF 1
#define HAVE_ELF_GETDATA_RAWCHUNK 1
#define HAVE_GELF_GETNOTE 1
#define FRR_USER "frr"
#define FRR_GROUP "frr"
#define VTY_GROUP "frrvty"
#define CONFIGFILE_MASK 0640
#define LOGFILE_MASK 0640
#define MULTIPATH_NUM 64
#define LOG_TIMESTAMP_PRECISION 0
#define VTYSH_PAGER "more"
#define GIT_VERSION 1
#define INTERP "/lib64/ld-linux-x86-64.so.2"
#define HAVE_ASM_TYPES_H 1
#define HAVE_STDATOMIC_H 1
#define HAVE_SYNC_LINUX_FUTEX /**/
#define HAVE_NETINET_IP_ICMP_H 1
#define HAVE_UCONTEXT_H 1
#define HAVE_UCONTEXT_T_UC_MCONTEXT_GREGS 1
#define GNU_LINUX 1
#define HAVE_NETLINK 1
#define LINUX_IPV6 1
#define IPV6_MINHOPCOUNT 73
#define HAVE_STRLCAT 1
#define HAVE_STRLCPY 1
#define HAVE_GETGROUPLIST 1
#define HAVE_GETLOADAVG 1
#define HAVE_OPENAT 1
#define HAVE_UNLINKAT 1
#define HAVE_POSIX_FALLOCATE 1
#define HAVE_SENDMMSG 1
#define HAVE_EXPLICIT_BZERO 1
#define HAVE_STRUCT_MMSGHDR_MSG_HDR 1
#define HAVE_PROTOBUF 1
#define HAVE_PROTOBUF_VERSION_3 1
#define VTYSH 1
#define HAVE_RL_CLEAR_VISIBLE_LINE 1
#define HAVE_APPEND_HISTORY 1
#define HAVE_PPOLL 1
#define HAVE_PPOLL 1
#define HAVE_EPOLL_PWAIT 1
#define USE_EPOLL 1
#define HAVE_NETNS 1
#define HAVE_SETNS 1
#define ISIS_METHOD_PFPACKET 1
#define ISIS_METHOD_DLPI 2
#define ISIS_METHOD_BPF 3
#define ISIS_METHOD ISIS_METHOD_PFPACKET
#define HAVE_STRUCT_IP_MREQN_IMR_IFINDEX 1
#define HAVE_LINUX_MROUTE_H 1
#define HAVE_LINUX_MROUTE6_H 1
#define HAVE_RFC3678 1
#define HAVE_DECL_TCP_MD5SIG 1
#define HAVE_LIBCRYPT 1
#define HAVE_STRUCT_UTSNAME_DOMAINNAME 1
#define HAVE_BGPD 1
#define HAVE_MGMTD 1
#define HAVE_RIPD 1
#define HAVE_RIPNGD 1
#define HAVE_OSPFD 1
#define HAVE_OSPF6D 1
#define HAVE_LDPD 1
#define HAVE_NHRPD 1
#define HAVE_EIGRPD 1
#define HAVE_BABELD 1
#define HAVE_ISISD 1
#define HAVE_PIMD 1
#define HAVE_PIM6D 1
#define HAVE_PBRD 1
#define HAVE_STATICD 1
#define HAVE_FABRICD 1
#define HAVE_VRRPD 1
#define HAVE_BFDD 1
#define BFD_LINUX 1
#define HAVE_PATHD 1
#define SUPPORT_OSPF_API 1
#define DISABLE_BGP_ANNOUNCE 0
#define ENABLE_BGP_VNC 1
#define ENABLE_VERSION_BUILD_CONFIG 1
#define SNMP_AGENTX 1
#define HAVE_LIBYANG 1
#define HAVE_LY_STRERRCODE 1
#define HAVE_LY_STRVECODE 1
#define HAVE_LINK_H 1
#define HAVE_DLINFO_ORIGIN 1
#define HAVE_DLINFO_LINKMAP 1
#define HAVE_STRUCT_VIFCTL 1
#define HAVE_STRUCT_MFCCTL 1
#define HAVE_STRUCT_SIOC_SG_REQ 1
#define HAVE_VIFI_T 1
#define HAVE_STRUCT_SIOC_VIF_REQ 1
#define HAVE_STRUCT_IGMPMSG 1
#define HAVE_STRUCT_ND_OPT_ADV_INTERVAL 1
#define HAVE_STRUCT_ND_OPT_ADV_INTERVAL 1
#define HAVE_IP_PKTINFO 1
#define HAVE_IP_FREEBIND 1
#define HAVE_DECL_BE32ENC 0
#define HAVE_DECL_BE32DEC 0
#define HAVE_CLOCK_NANOSLEEP 1
#define YYTEXT_POINTER 1
#define HAVE_PR_SET_KEEPCAPS 1
#define HAVE_SYS_CAPABILITY_H 1
#define HAVE_LCAPS 1
#define HAVE_CAPABILITIES 1
#define HAVE_LIBUNWIND 1
#define HAVE_MALLOC_H 1
#define HAVE_MALLINFO 1
#define HAVE_MALLINFO2 1
#define HAVE_MALLOC_USABLE_SIZE 1

configure: exit 0
